phage,Tailed?,tailMorphology,family,mainHost,hostTaxID,hostCanonicalName,gramStain,receptorLocation,HOST receptors,receptorDomain,domainClass,hostRange,hostRangeBasis,hostRangeConfidence,hostRangeNote,references,doi,comments,verified,Host Receptor has a Gen Bank?,If yes-Link,hostReceptorAccession,genBankTier,genBankGene,Does the Phage RBP have a Uniprot?,"If yes, link",phageRBPAccession,uniProtTier,uniProtProtein,source,sourceCitation,dateRetrieved,needsReview,reviewReasons,_domainNote,_gbNote,_upNote,_taxNote,_gbRecordOrganism,_gbRecordTitle,_upRecordOrganism,_doiStatus,_doiTitle,_litStatus,_litNote,domainConfidence,genBankConfidence,uniProtConfidence
K8,yes,contractile,Myoviridae,Pseudomonas aeruginosa,287,Pseudomonas aeruginosa,Gram negative,cell wall,O specific antigen of LPS,LPS,Glycan,Narrow,predicted-from-receptor,medium,specific O-antigen/serotype -> narrow predicted,Pan et al. 2016,10.3389/fmicb.2016.00252, ,Yes,yes,https://www.ncbi.nlm.nih.gov/nuccore/NZ_OZ484744.1,NZ_OZ484744.1,host genome (fallback),,no,,,none,,PhReD,PhReD: The Phage Receptor Database (Bio-conversion Databank Foundation). https://phred.biodf.org,2026-07-10,no,,,host genome fallback: no gene symbol in receptor,phage present in UniProt but no tail/RBP protein annotated,,Pseudomonas aeruginosa,"Pseudomonas aeruginosa strain PA3 isolate PA3 chromosome 1, complete sequence",,,,,,high,medium,none
F348,yes,contractile,Myoviridae,Campylobacter jejuni,197,Campylobacter jejuni,Gram negative,cell wall,capsular polysaccharides,Capsular Polysaccharide,Glycan,Narrow,predicted-from-receptor,medium,capsule/K-antigen is strain/serotype specific -> narrow predicted,Sørensen et al. 2015,10.1371/journal.pone.0116287, ,Yes,yes,https://www.ncbi.nlm.nih.gov/nuccore/NZ_CP172364.1,NZ_CP172364.1,host genome (fallback),,no,,,none,,PhReD,PhReD: The Phage Receptor Database (Bio-conversion Databank Foundation). https://phred.biodf.org,2026-07-10,no,,,host genome fallback: no gene symbol in receptor,phage not found in UniProt,,Campylobacter jejuni,"Campylobacter jejuni strain YH021 chromosome, complete genome",,,,,,high,medium,none
PRD1,no,"none (icosahedral, internal membrane)",Tectiviridae,Escherichia coli,562,Escherichia coli,Gram negative,pili,RP4 plasmid (IncP) encoded Mpf system (pili),Pili,Protein,Undetermined,insufficient-data,none,Pili host range is context-dependent; no empirical data in source,Daugelavičius et al. 1997,10.1128/jb.179.16.5195-5202.1997, ,Yes,yes,https://www.ncbi.nlm.nih.gov/nuccore/NZ_CP187781.1,NZ_CP187781.1,host genome (fallback),,yes,https://www.uniprot.org/uniprotkb/P22536,P22536,specific RBP,Spike protein P5,PhReD,PhReD: The Phage Receptor Database (Bio-conversion Databank Foundation). https://phred.biodf.org,2026-07-10,no,,,host genome fallback: no gene symbol in receptor,,,Escherichia coli,"Escherichia coli strain 097H6 chromosome, complete genome",Enterobacteria phage PRD1,,,,,high,medium,high
PM2 (alternate family),no,"none (icosahedral, internal membrane)",Corticoviridae,Pseudoalteromonas sp.,53249,Pseudoalteromonas sp.,Gram negative,cell wall,Sugar moieties on the cell surface,N/A,,Undetermined,insufficient-data,none,receptor does not support a host-range prediction,Kivela et al. 2008,10.1128/JB.01639-07, ,Yes,no,,,none,,no,,,none,,PhReD,PhReD: The Phage Receptor Database (Bio-conversion Databank Foundation). https://phred.biodf.org,2026-07-10,no,,receptor does not fit any defined domain,no GenBank record found for receptor or host genome,phage not found in UniProt,,,,,,,,,none,none,none
SPN3C,yes,long non-contractile,Siphoviridae,Salmonella enterica serovar Typhimurium,90371,Salmonella enterica subsp. enterica serovar Typhimurium,Gram negative,flagella,FliC,Flagella,Protein,Undetermined,insufficient-data,none,Flagella host range is context-dependent; no empirical data in source,Shin et al. 2012,10.1371/journal.pone.0043392, ,Yes,yes,https://www.ncbi.nlm.nih.gov/nuccore/JN587177.1,JN587177.1,specific gene,FliC,no,,,none,,PhReD,PhReD: The Phage Receptor Database (Bio-conversion Databank Foundation). https://phred.biodf.org,2026-07-10,no,,,specific receptor gene FliC,phage not found in UniProt,,Salmonella enterica subsp. enterica serovar Typhimurium,"Salmonella enterica subsp. enterica serovar Typhimurium strain SJW23 flagellin type 1 (fliC) gene, complete cds",,,,,,high,high,none
φAB6,yes,short,Podoviridae,Acinetobacter baumannii,470,Acinetobacter baumannii,Gram negative,cell wall,exopolysaccharides,Capsular Polysaccharide,Glycan,Narrow,predicted-from-receptor,medium,capsule/K-antigen is strain/serotype specific -> narrow predicted,Lai et al. 2016,10.1371/journal.pone.0153361, ,Yes,yes,https://www.ncbi.nlm.nih.gov/nuccore/NZ_CP156044.1,NZ_CP156044.1,host genome (fallback),,yes,https://www.uniprot.org/uniprotkb/A0A159BDB5,A0A159BDB5,specific RBP,Tail fiber,PhReD,PhReD: The Phage Receptor Database (Bio-conversion Databank Foundation). https://phred.biodf.org,2026-07-10,no,,,host genome fallback: no gene symbol in receptor,,,Acinetobacter baumannii,"Acinetobacter baumannii strain D13 chromosome, complete genome",Acinetobacter phage phiAB6,,,,,high,medium,high
Ω8,yes,short,Podoviridae,Escherichia coli,562,Escherichia coli,Gram negative,cell wall,O-antigen of LPS,LPS,Glycan,Narrow,predicted-from-receptor,medium,specific O-antigen/serotype -> narrow predicted,Jann et al. 1971,10.1099/00221287-67-3-289, ,Yes,yes,https://www.ncbi.nlm.nih.gov/nuccore/NZ_CP187781.1,NZ_CP187781.1,host genome (fallback),,yes,https://www.uniprot.org/uniprotkb/L7X6K9,L7X6K9,specific RBP,Spike protein,PhReD,PhReD: The Phage Receptor Database (Bio-conversion Databank Foundation). https://phred.biodf.org,2026-07-10,yes,low-confidence UniProt assignment | ambiguous phage name across organisms,,host genome fallback: no gene symbol in receptor,"AMBIGUOUS phage name across organisms, none match host 'Escherichia coli': Bat coronavirus BtCoV/8-691/Pip_nat/ROU/2009, Bat coronavirus BtCoV/8-724/Pip_pyg/ROU/2009, Human astrovirus-8, Leuconostoc phage Ln-8",,Escherichia coli,"Escherichia coli strain 097H6 chromosome, complete genome",Bat coronavirus BtCoV/8-691/Pip_nat/ROU/2009,resolved,Isolation and Characterization of Escherichia coli bacteriophage   8 specific for E. coli strains belonging to sero-group O 8,corroborated,3 independent record(s) link Ω8 to O-antigen,high,medium,low
AM24,yes,contractile,Myoviridae,Acinetobacter baumannii,470,Acinetobacter baumannii,Gram negative,cell wall,capsular polysaccharides,Capsular Polysaccharide,Glycan,Narrow,predicted-from-receptor,medium,capsule/K-antigen is strain/serotype specific -> narrow predicted,Popova et al. 2019,10.1007/s00705-019-04208-x, ,Yes,yes,https://www.ncbi.nlm.nih.gov/nuccore/NZ_CP156044.1,NZ_CP156044.1,host genome (fallback),,no,,,none,,PhReD,PhReD: The Phage Receptor Database (Bio-conversion Databank Foundation). https://phred.biodf.org,2026-07-10,no,,,host genome fallback: no gene symbol in receptor,phage not found in UniProt,,Acinetobacter baumannii,"Acinetobacter baumannii strain D13 chromosome, complete genome",,,,,,high,medium,none
φSa012,yes,contractile,Myoviridae,Staphylococcus aureus,1280,Staphylococcus aureus,Gram positive,cell wall,α-GlcNAc on wall teichoic acids,Teichoic Acids,Glycan,Undetermined,insufficient-data,none,Teichoic Acids host range is context-dependent; no empirical data in source,Takeuchi et al. 2016,10.1128/AEM.01385-16, ,Yes,yes,https://www.ncbi.nlm.nih.gov/nuccore/NZ_CP195878.1,NZ_CP195878.1,host genome (fallback),,no,,,none,,PhReD,PhReD: The Phage Receptor Database (Bio-conversion Databank Foundation). https://phred.biodf.org,2026-07-10,no,,,host genome fallback: no gene symbol in receptor,phage not found in UniProt,,Staphylococcus aureus,"Staphylococcus aureus strain A_1d chromosome, complete genome",,,,,,high,medium,none
S135,yes,long non-contractile,Siphoviridae,Salmonella enterica serovar Typhimurium,90371,Salmonella enterica subsp. enterica serovar Typhimurium,Gram negative,cell wall,O-antigen,LPS,Glycan,Narrow,predicted-from-receptor,medium,specific O-antigen/serotype -> narrow predicted,Gencay et al. 2019,10.1111/1462-2920.14597, ,Yes,yes,https://www.ncbi.nlm.nih.gov/nuccore/NZ_CP104816.1,NZ_CP104816.1,host genome (fallback),,no,,,none,,PhReD,PhReD: The Phage Receptor Database (Bio-conversion Databank Foundation). https://phred.biodf.org,2026-07-10,no,,,host genome fallback: no gene symbol in receptor,phage not found in UniProt,,Salmonella enterica subsp. enterica serovar Typhimurium,"Salmonella enterica subsp. enterica serovar Typhimurium strain STMC125 chromosome, complete genome",,,,,,high,medium,none
φ44AHJD,yes,short,Podoviridae,Staphylococcus aureus,1280,Staphylococcus aureus,Gram positive,cell wall,β-O-GlcNAc modified wall teichoic acid,Teichoic Acids,Glycan,Undetermined,insufficient-data,none,Teichoic Acids host range is context-dependent; no empirical data in source,Li et al. 2015,10.1038/srep17219, ,Yes,yes,https://www.ncbi.nlm.nih.gov/nuccore/NZ_CP195878.1,NZ_CP195878.1,host genome (fallback),,yes,https://www.uniprot.org/uniprotkb/Q859L1,Q859L1,other tail protein,Tail protein,PhReD,PhReD: The Phage Receptor Database (Bio-conversion Databank Foundation). https://phred.biodf.org,2026-07-10,no,,,host genome fallback: no gene symbol in receptor,no specific RBP annotated; using another tail protein (Patrick's fallback),,Staphylococcus aureus,"Staphylococcus aureus strain A_1d chromosome, complete genome",Staphylococcus phage 44AHJD,,,,,high,medium,medium
AR1,yes,contractile,Myoviridae,Escherichia coli,562,Escherichia coli,Gram negative,cell wall,Protein OmpC from serotype O157:H7,Membrane Proteins,Protein,Broad,predicted-from-receptor,medium,conserved outer membrane protein receptor -> broad predicted,Yu et al. 2000,10.1128/jb.182.21.5962-5968.2000, ,Yes,yes,https://www.ncbi.nlm.nih.gov/nuccore/GQ167032.1,GQ167032.1,specific gene,OmpC,yes,https://www.uniprot.org/uniprotkb/Q9G0B5,Q9G0B5,specific RBP,Long tail fiber protein Gp37,PhReD,PhReD: The Phage Receptor Database (Bio-conversion Databank Foundation). https://phred.biodf.org,2026-07-10,no,,,specific receptor gene OmpC,,,Escherichia coli,"Escherichia coli strain EC-937-2/07 outer membrane protein C (ompC) gene, complete cds",Escherichia phage AR1,,,,,high,high,high
fPS-10,yes,short,Podoviridae,Yersinia enterocolitica,630,Yersinia enterocolitica,Gram negative,cell wall,LPS O antigen,LPS,Glycan,Narrow,predicted-from-receptor,medium,specific O-antigen/serotype -> narrow predicted,Salem et al. 2018,10.3390/v10040174, ,Yes,yes,https://www.ncbi.nlm.nih.gov/nuccore/NZ_CP139458.1,NZ_CP139458.1,host genome (fallback),,no,,,none,,PhReD,PhReD: The Phage Receptor Database (Bio-conversion Databank Foundation). https://phred.biodf.org,2026-07-10,no,,,host genome fallback: no gene symbol in receptor,phage not found in UniProt,,Yersinia enterocolitica,"Yersinia enterocolitica strain Y40 chromosome, complete genome",,,,,,high,medium,none
M5940,yes,long non-contractile,Siphoviridae,Lactococcus lactis,1358,Lactococcus lactis,Gram positive,cell wall,Pip,Membrane Proteins,Protein,Broad,predicted-from-receptor,medium,conserved outer membrane protein receptor -> broad predicted,Millen et al. 2018,10.1099/jgv.0.000499, ,Yes,yes,https://www.ncbi.nlm.nih.gov/nuccore/NZ_CP184687.1,NZ_CP184687.1,host genome (fallback),,no,,,none,,PhReD,PhReD: The Phage Receptor Database (Bio-conversion Databank Foundation). https://phred.biodf.org,2026-07-10,yes,receptor text does not support domain 'Membrane Proteins',,host genome fallback: no gene symbol in receptor,phage not found in UniProt,,Lactococcus lactis,Lactococcus lactis strain L81 chromosome,,resolved,Genetic determinants of lactococcal C2viruses for host infection and their role in phage evolution,uncorroborated,"M5940 appears in 1 record(s), but none co-mention 'Membrane Proteins'",high,medium,none
CTXφ,no,none (filamentous),Inoviridae,Vibrio cholerae,666,Vibrio cholerae,Gram negative,"pilus, cell wall",toxin coregulated pilus directs phage to TolQRA at outer membrane,Pili,Protein,Undetermined,insufficient-data,none,Pili host range is context-dependent; no empirical data in source,"Heilpern and Waldor 2000, Waldor and Mekalanos 1996","10.1128/jb.182.6.1739-1747.2000 (Heilpern and Waldor), 10.1126/science.272.5270.1910 (Waldor and Mekalanos)", ,Yes,yes,https://www.ncbi.nlm.nih.gov/nuccore/NZ_CP191367.1,NZ_CP191367.1,host genome (fallback),,yes,https://www.uniprot.org/uniprotkb/Q9G0B2,Q9G0B2,specific RBP,OrfU receptor-binding protein,PhReD,PhReD: The Phage Receptor Database (Bio-conversion Databank Foundation). https://phred.biodf.org,2026-07-10,yes,low-confidence domain assignment,"multi-domain unresolved, took first-mentioned; all: Membrane Proteins, Pili",host genome fallback: no gene symbol in receptor,,,Vibrio cholerae,"Vibrio cholerae strain GD25VC001 chromosome 1, complete sequence",Affertcholeramvirus CTXphi,resolved,"CTXφ Infection of
            <i>Vibrio cholerae</i>
            Requires the
            <i>tolQRA</i>
            Gene Products",corroborated,358 independent record(s) link CTXφ to pilus,low,medium,high
iEPS5,yes,long non-contractile,Siphoviridae,Salmonella enterica serovar Typhimurium,90371,Salmonella enterica subsp. enterica serovar Typhimurium,Gram negative,flagella,counter clockwise rotation of flagella,Flagella,Protein,Undetermined,insufficient-data,none,Flagella host range is context-dependent; no empirical data in source,Choi et al. 2013,10.1128/AEM.00706-13, ,Yes,yes,https://www.ncbi.nlm.nih.gov/nuccore/NZ_CP104816.1,NZ_CP104816.1,host genome (fallback),,yes,https://www.uniprot.org/uniprotkb/R9XKT8,R9XKT8,specific RBP,Tail fiber protein,PhReD,PhReD: The Phage Receptor Database (Bio-conversion Databank Foundation). https://phred.biodf.org,2026-07-10,no,,,host genome fallback: no gene symbol in receptor,,,Salmonella enterica subsp. enterica serovar Typhimurium,"Salmonella enterica subsp. enterica serovar Typhimurium strain STMC125 chromosome, complete genome",Salmonella phage iEPS5,,,,,high,medium,high
mEp450,yes,long non-contractile,Siphoviridae,Escherichia coli,562,Escherichia coli,Gram negative,cell wall,FhuA,Membrane Proteins,Protein,Broad,predicted-from-receptor,medium,conserved outer membrane protein receptor -> broad predicted,Hernandez-Sanchez et al. 2008,10.1007/s00705-008-0111-0, ,Yes,yes,https://www.ncbi.nlm.nih.gov/nuccore/M12486.1,M12486.1,specific gene,FhuA,no,,,none,,PhReD,PhReD: The Phage Receptor Database (Bio-conversion Databank Foundation). https://phred.biodf.org,2026-07-10,no,,,specific receptor gene FhuA,phage not found in UniProt,,Escherichia coli,"E.coli fhuA, fhuC and fhuD genes encoding the ferrichrome-iron receptor and two ferric aerobactin and ferric coprogen transport proteins, complete cds",,,,,,high,high,none
BAM35,no,"none (icosahedral, internal membrane)",Tectiviridae,Bacillus thuringiensis,1428,Bacillus thuringiensis,Gram positive,cell wall,N-Acetyl-muramic acid of peptidoglycan,N/A,,Undetermined,insufficient-data,none,receptor does not support a host-range prediction,Gaidelyte et al. 2006,10.1128/JB.00107-06, ,Yes,yes,https://www.ncbi.nlm.nih.gov/nuccore/NZ_CP146103.1,NZ_CP146103.1,host genome (fallback),,no,,,none,,PhReD,PhReD: The Phage Receptor Database (Bio-conversion Databank Foundation). https://phred.biodf.org,2026-07-10,no,,receptor does not fit any defined domain,host genome fallback: no gene symbol in receptor,phage not found in UniProt,,Bacillus thuringiensis,"Bacillus thuringiensis strain LBA001 chromosome, complete genome",,,,,,none,medium,none
φSa2mw,yes,long non-contractile,Siphoviridae,Staphylococcus aureus,1280,Staphylococcus aureus,Gram positive,cell wall,α-GlcNAc residues of wall teichoic acid,Teichoic Acids,Glycan,Undetermined,insufficient-data,none,Teichoic Acids host range is context-dependent; no empirical data in source,Xia et al. 2011,10.1128/JB.01412-10, ,Yes,yes,https://www.ncbi.nlm.nih.gov/nuccore/NZ_CP195878.1,NZ_CP195878.1,host genome (fallback),,no,,,none,,PhReD,PhReD: The Phage Receptor Database (Bio-conversion Databank Foundation). https://phred.biodf.org,2026-07-10,no,,,host genome fallback: no gene symbol in receptor,phage not found in UniProt,,Staphylococcus aureus,"Staphylococcus aureus strain A_1d chromosome, complete genome",,,,,,high,medium,none
φ6,no,"none (enveloped, dsRNA)",Cystoviridae,Pseudomonas syringae pv. phaseolicola,319,Pseudomonas savastanoi pv. phaseolicola,Gram negative,pili,pili,Pili,Protein,Undetermined,insufficient-data,none,Pili host range is context-dependent; no empirical data in source,"Vidaver et al. 1973, Bamford et al. 1976","10.1128/jvi.11.5.799-805.1973 (Vidaver et al), 10.1099/0022-1317-32-2-249 (Bamford et al)", ,Yes,yes,https://www.ncbi.nlm.nih.gov/nuccore/NZ_CP184895.1,NZ_CP184895.1,host genome (fallback),,yes,https://www.uniprot.org/uniprotkb/P11129,P11129,specific RBP,Spike protein P3,PhReD,PhReD: The Phage Receptor Database (Bio-conversion Databank Foundation). https://phred.biodf.org,2026-07-10,no,,,host genome fallback: no gene symbol in receptor,name collision resolved by host; other candidates: Cystovirus phi6,host renamed in NCBI: Pseudomonas syringae pv. phaseolicola -> Pseudomonas savastanoi pv. phaseolicola,Pseudomonas savastanoi pv. phaseolicola,"Pseudomonas savastanoi pv. phaseolicola strain NCSU_AHP145 chromosome, complete genome",Pseudomonas phage phi6,,,,,high,medium,high
S134,yes,long non-contractile,Siphoviridae,Salmonella enterica serovar Typhimurium,90371,Salmonella enterica subsp. enterica serovar Typhimurium,Gram negative,cell wall,O-antigen,LPS,Glycan,Narrow,predicted-from-receptor,medium,specific O-antigen/serotype -> narrow predicted,Gencay et al. 2019,10.1111/1462-2920.14597, ,Yes,yes,https://www.ncbi.nlm.nih.gov/nuccore/NZ_CP104816.1,NZ_CP104816.1,host genome (fallback),,no,,,none,,PhReD,PhReD: The Phage Receptor Database (Bio-conversion Databank Foundation). https://phred.biodf.org,2026-07-10,no,,,host genome fallback: no gene symbol in receptor,phage not found in UniProt,,Salmonella enterica subsp. enterica serovar Typhimurium,"Salmonella enterica subsp. enterica serovar Typhimurium strain STMC125 chromosome, complete genome",,,,,,high,medium,none
HEf13,yes,long non-contractile,Siphoviridae,Enterococcus faecalis,1351,Enterococcus faecalis,Gram positive,cell wall,PIPEF,N/A,,Undetermined,insufficient-data,none,receptor does not support a host-range prediction,Lee et al. 2019,10.3389/fmicb.2019.02877, ,Yes,yes,https://www.ncbi.nlm.nih.gov/nuccore/NZ_CP191290.1,NZ_CP191290.1,host genome (fallback),,no,,,none,,PhReD,PhReD: The Phage Receptor Database (Bio-conversion Databank Foundation). https://phred.biodf.org,2026-07-10,no,,receptor does not fit any defined domain,host genome fallback: no gene symbol in receptor,phage not found in UniProt,,Enterococcus faecalis,"Enterococcus faecalis strain Efa-W4 chromosome, complete genome",,,,,,none,medium,none
mEp174,yes,long non-contractile,Siphoviridae,Escherichia coli,562,Escherichia coli,Gram negative,cell wall,FhuA,Membrane Proteins,Protein,Broad,predicted-from-receptor,medium,conserved outer membrane protein receptor -> broad predicted,"Uc-Mass et al. 2004, Hernandez-Sanchez et al. 2008","10.1016/j.virol.2004.09.005 (Uc-Mass et al), 10.1007/s00705-008-0111-0 (Hernandez-Sanchez et al)", ,Yes,yes,https://www.ncbi.nlm.nih.gov/nuccore/M12486.1,M12486.1,specific gene,FhuA,no,,,none,,PhReD,PhReD: The Phage Receptor Database (Bio-conversion Databank Foundation). https://phred.biodf.org,2026-07-10,yes,no independent literature found for this phage,,specific receptor gene FhuA,phage not found in UniProt,,Escherichia coli,"E.coli fhuA, fhuC and fhuD genes encoding the ferrichrome-iron receptor and two ferric aerobactin and ferric coprogen transport proteins, complete cds",,resolved,An orthologue of the cor gene is involved in the exclusion of temperate lambdoid phages. Evidence that Cor inactivates FhuA receptor functions,no literature,no independent literature found for mEp174,high,high,none
IF1,no,none (filamentous),Inoviridae,Escherichia coli,562,Escherichia coli,Gram negative,"pilus, periplasm","I pilus as primary receptor, TolA (C-terminal domain) as secondary receptor",Pili,Protein,Undetermined,insufficient-data,none,Pili host range is context-dependent; no empirical data in source,"Meynell and Lawn  1968, Lorenz et al. 2011","10.1038/2171184a0 (Meynell and Lawn), 10.1016/j.jmb.2010.11.030 (Lorenz et al)", ,Yes,yes,https://www.ncbi.nlm.nih.gov/nuccore/M28232.1,M28232.1,specific gene,TolA,yes,https://www.uniprot.org/uniprotkb/O80297,O80297,specific RBP,Attachment protein G3P,PhReD,PhReD: The Phage Receptor Database (Bio-conversion Databank Foundation). https://phred.biodf.org,2026-07-10,no,,"multi-domain resolved by cue; also present: Membrane Proteins, Pili",specific receptor gene TolA,,,Escherichia coli,"E.coli tolerance to colicins (tolA and tolB) genes, complete cds",Escherichia phage If1,,,,,medium,high,high
493,no,none (filamentous),Inoviridae,Vibrio cholerae,666,Vibrio cholerae,Gram negative,pili,mannose sensitive hemagglutinin (MSHA) type IV pilus,Pili,Protein,Undetermined,insufficient-data,none,Pili host range is context-dependent; no empirical data in source,Jouravelva et a. 1998,10.1128/iai.66.6.2535-2539.1998, ,Yes,yes,https://www.ncbi.nlm.nih.gov/nuccore/NZ_CP191367.1,NZ_CP191367.1,host genome (fallback),,no,,,none,,PhReD,PhReD: The Phage Receptor Database (Bio-conversion Databank Foundation). https://phred.biodf.org,2026-07-10,no,,,host genome fallback: no gene symbol in receptor,phage present in UniProt but no tail/RBP protein annotated,,Vibrio cholerae,"Vibrio cholerae strain GD25VC001 chromosome 1, complete sequence",,,,,,high,medium,none
M102,yes,long non-contractile,Siphoviridae,Streptococcus mutans,1309,Streptococcus mutans,Gram negative,cell wall,glucose side chain of rhamnose-glucose polysaccharide,N/A,,Undetermined,insufficient-data,none,receptor does not support a host-range prediction,Shibata et al. 2009,10.1111/j.1574-6968.2009.01546.x, ,Yes,yes,https://www.ncbi.nlm.nih.gov/nuccore/NZ_CP021318.1,NZ_CP021318.1,host genome (fallback),,no,,,none,,PhReD,PhReD: The Phage Receptor Database (Bio-conversion Databank Foundation). https://phred.biodf.org,2026-07-10,no,,receptor does not fit any defined domain,host genome fallback: no gene symbol in receptor,phage not found in UniProt,,Streptococcus mutans,Streptococcus mutans strain KCOM 1054 (= ChDC YM3) chromosome,,,,,,none,medium,none
γ,yes,long non-contractile,Siphoviridae,Bacillus anthracis,1392,Bacillus anthracis,Gram positive,cell wall,membrane surface anchored protein gamma phage receptor (GamR),N/A,,Undetermined,insufficient-data,none,receptor does not support a host-range prediction,Davison et al. 2005,10.1128/JB.187.19.6742–6749.2005, ,Yes,yes,https://www.ncbi.nlm.nih.gov/nuccore/NZ_CP009902.1,NZ_CP009902.1,host genome (fallback),,no,,,none,,PhReD,PhReD: The Phage Receptor Database (Bio-conversion Databank Foundation). https://phred.biodf.org,2026-07-10,no,,receptor does not fit any defined domain,host genome fallback: gene(s) GamR not found,phage present in UniProt but no tail/RBP protein annotated,,Bacillus anthracis,"Bacillus anthracis strain 2002013094 chromosome, complete genome",,resolved,Identification of the<i>Bacillus anthracis</i>γ Phage Receptor,corroborated,31 independent record(s) link γ to GamR,none,medium,none
F377,yes,contractile,Myoviridae,Campylobacter jejuni,197,Campylobacter jejuni,Gram negative,flagella,rotating flagella,Flagella,Protein,Undetermined,insufficient-data,none,Flagella host range is context-dependent; no empirical data in source,Sørensen et al. 2015,10.1371/journal.pone.0116287, ,Yes,yes,https://www.ncbi.nlm.nih.gov/nuccore/NZ_CP172364.1,NZ_CP172364.1,host genome (fallback),,no,,,none,,PhReD,PhReD: The Phage Receptor Database (Bio-conversion Databank Foundation). https://phred.biodf.org,2026-07-10,no,,,host genome fallback: no gene symbol in receptor,phage not found in UniProt,,Campylobacter jejuni,"Campylobacter jejuni strain YH021 chromosome, complete genome",,resolved,Primary Isolation Strain Determines Both Phage Type and Receptors Recognised by Campylobacter jejuni Bacteriophages,uncorroborated,"F377 appears in 51 record(s), but none co-mention 'flagell'",high,medium,none
mEp120,yes,long non-contractile,Siphoviridae,Escherichia coli,562,Escherichia coli,Gram negative,cell wall,FhuA,Membrane Proteins,Protein,Broad,predicted-from-receptor,medium,conserved outer membrane protein receptor -> broad predicted,Hernandez-Sanchez et al. 2008,10.1007/s00705-008-0111-0, ,Yes,yes,https://www.ncbi.nlm.nih.gov/nuccore/M12486.1,M12486.1,specific gene,FhuA,no,,,none,,PhReD,PhReD: The Phage Receptor Database (Bio-conversion Databank Foundation). https://phred.biodf.org,2026-07-10,yes,no independent literature found for this phage,,specific receptor gene FhuA,phage not found in UniProt,,Escherichia coli,"E.coli fhuA, fhuC and fhuD genes encoding the ferrichrome-iron receptor and two ferric aerobactin and ferric coprogen transport proteins, complete cds",,resolved,"Analysis of some phenotypic traits of feces-borne temperate lambdoid bacteriophages from different immunity groups: a high incidence of cor+, FhuA-dependent phages",no literature,no independent literature found for mEp120,high,high,none
pilHα,no,"none (icosahedral, ssRNA)",Leviviridae,Escherichia coli,562,Escherichia coli,Gram negative,pili,H pili,Pili,Protein,Undetermined,insufficient-data,none,Pili host range is context-dependent; no empirical data in source,Coetzee et al. 1985B,10.1099/00221287-131-5-1115, ,Yes,yes,https://www.ncbi.nlm.nih.gov/nuccore/NZ_CP187781.1,NZ_CP187781.1,host genome (fallback),,no,,,none,,PhReD,PhReD: The Phage Receptor Database (Bio-conversion Databank Foundation). https://phred.biodf.org,2026-07-10,no,,,host genome fallback: no gene symbol in receptor,phage not found in UniProt,,Escherichia coli,"Escherichia coli strain 097H6 chromosome, complete genome",,,,,,high,medium,none
ϕE202,yes,contractile,Myoviridae,Burkholderia thailandensis,57975,Burkholderia thailandensis,Gram negative,cell wall,LPS,LPS,Glycan,Narrow,predicted-from-receptor,low,O-antigen LPS generally serotype-specific -> narrow predicted (weak),Ronning et al. 2010,10.1186/1471-2180-10-202, ,Yes,yes,https://www.ncbi.nlm.nih.gov/nuccore/NZ_CP166681.1,NZ_CP166681.1,host genome (fallback),,yes,https://www.uniprot.org/uniprotkb/A4JWT0,A4JWT0,other tail protein,"Gp33, phage tail protein I",PhReD,PhReD: The Phage Receptor Database (Bio-conversion Databank Foundation). https://phred.biodf.org,2026-07-10,yes,UniProt organism 'Burkholderia phage phiE202' does not name phage 'ϕE202',,host genome fallback: no gene symbol in receptor,no specific RBP annotated; using another tail protein (Patrick's fallback),,Burkholderia thailandensis,"Burkholderia thailandensis strain HNBT001 chromosome 1, complete sequence",Burkholderia phage phiE202,resolved,Genetic and phenotypic diversity in Burkholderia: contributions by prophage and phage-like elements,corroborated,3 independent record(s) link ϕE202 to LPS,high,medium,medium
F371,yes,contractile,Myoviridae,Campylobacter jejuni,197,Campylobacter jejuni,Gram negative,cell wall,MeOPN modification of GalfNAc of capsular polysaccharides,Capsular Polysaccharide,Glycan,Narrow,predicted-from-receptor,medium,capsule/K-antigen is strain/serotype specific -> narrow predicted,Sørensen et al. 2015,10.1371/journal.pone.0116287, ,Yes,yes,https://www.ncbi.nlm.nih.gov/nuccore/NZ_CP172364.1,NZ_CP172364.1,host genome (fallback),,no,,,none,,PhReD,PhReD: The Phage Receptor Database (Bio-conversion Databank Foundation). https://phred.biodf.org,2026-07-10,no,,,host genome fallback: no gene symbol in receptor,phage not found in UniProt,,Campylobacter jejuni,"Campylobacter jejuni strain YH021 chromosome, complete genome",,,,,,high,medium,none
P272,yes,long non-contractile,Siphoviridae,Lactococcus lactis,1358,Lactococcus lactis,Gram positive,cell wall,cell wall polysaccharides,N/A,,Undetermined,insufficient-data,none,receptor does not support a host-range prediction,Mahony et al. 2013,10.1128/AEM.00653-13, ,Yes,yes,https://www.ncbi.nlm.nih.gov/nuccore/NZ_CP184687.1,NZ_CP184687.1,host genome (fallback),,yes,https://www.uniprot.org/uniprotkb/Q71AW0,Q71AW0,specific RBP,Putative receptor binding protein,PhReD,PhReD: The Phage Receptor Database (Bio-conversion Databank Foundation). https://phred.biodf.org,2026-07-10,no,,receptor does not fit any defined domain,host genome fallback: no gene symbol in receptor,,,Lactococcus lactis,Lactococcus lactis strain L81 chromosome,Lactococcus lactis phage p272,,,,,none,medium,high
mEp500,yes,long non-contractile,Siphoviridae,Escherichia coli,562,Escherichia coli,Gram negative,cell wall,FhuA,Membrane Proteins,Protein,Broad,predicted-from-receptor,medium,conserved outer membrane protein receptor -> broad predicted,Hernandez-Sanchez et al. 2008,10.1007/s00705-008-0111-0, ,Yes,yes,https://www.ncbi.nlm.nih.gov/nuccore/M12486.1,M12486.1,specific gene,FhuA,no,,,none,,PhReD,PhReD: The Phage Receptor Database (Bio-conversion Databank Foundation). https://phred.biodf.org,2026-07-10,yes,no independent literature found for this phage,,specific receptor gene FhuA,phage not found in UniProt,,Escherichia coli,"E.coli fhuA, fhuC and fhuD genes encoding the ferrichrome-iron receptor and two ferric aerobactin and ferric coprogen transport proteins, complete cds",,resolved,"Analysis of some phenotypic traits of feces-borne temperate lambdoid bacteriophages from different immunity groups: a high incidence of cor+, FhuA-dependent phages",no literature,no independent literature found for mEp500,high,high,none
K139,yes,contractile,Myoviridae,Vibrio cholerae,666,Vibrio cholerae,Gram negative,cell wall,O1 antigen of LPS,LPS,Glycan,Narrow,predicted-from-receptor,low,O-antigen LPS generally serotype-specific -> narrow predicted (weak),Nesper et al. 2000,10.1128/jb.182.18.5097-5104.2000, ,Yes,yes,https://www.ncbi.nlm.nih.gov/nuccore/NZ_CP191367.1,NZ_CP191367.1,host genome (fallback),,no,,,none,,PhReD,PhReD: The Phage Receptor Database (Bio-conversion Databank Foundation). https://phred.biodf.org,2026-07-10,no,,,host genome fallback: no gene symbol in receptor,phage present in UniProt but no tail/RBP protein annotated,,Vibrio cholerae,"Vibrio cholerae strain GD25VC001 chromosome 1, complete sequence",,resolved,Characterization of<i>Vibrio cholerae</i>O1 Antigen as the Bacteriophage K139 Receptor and Identification of IS<i>1004</i>Insertions Aborting O1 Antigen Biosynthesis,corroborated,30 independent record(s) link K139 to LPS,high,medium,none
sk1,yes,long non-contractile,Siphoviridae,Lactococcus lactis,1358,Lactococcus lactis,Gram positive,cell wall,rhamnose in carbohydrates in cell wall,N/A,,Undetermined,insufficient-data,none,receptor does not support a host-range prediction,Valyasevi et al. 1994,10.3168/jds.s0022-0302(94)76921-6, ,Yes,yes,https://www.ncbi.nlm.nih.gov/nuccore/NZ_CP184687.1,NZ_CP184687.1,host genome (fallback),,yes,https://www.uniprot.org/uniprotkb/O21886,O21886,specific RBP,Receptor binding protein,PhReD,PhReD: The Phage Receptor Database (Bio-conversion Databank Foundation). https://phred.biodf.org,2026-07-10,no,,receptor does not fit any defined domain,host genome fallback: no gene symbol in receptor,name collision resolved by host; other candidates: Pantoea phage vB_PagP-SK1,,Lactococcus lactis,Lactococcus lactis strain L81 chromosome,Lactococcus phage SK1,resolved,Lactococcus lactis ssp. lactis C2 Bacteriophage sk1 Receptor involving Rhamnose and Glucose Moieties in the Cell Wall,corroborated,886 independent record(s) link sk1 to N/A,none,medium,high
YpP-G,yes,short,Podoviridae,Yersinia pestis,632,Yersinia pestis,Gram negative,cell wall,HepI/Glc residues are also involved in receptor activity,LPS,Glycan,Narrow,predicted-from-receptor,low,O-antigen LPS generally serotype-specific -> narrow predicted (weak),Filippov et al. 2011,10.1371/journal.pone.0025486, ,Yes,yes,https://www.ncbi.nlm.nih.gov/nuccore/NZ_CP033699.1,NZ_CP033699.1,host genome (fallback),,no,,,none,,PhReD,PhReD: The Phage Receptor Database (Bio-conversion Databank Foundation). https://phred.biodf.org,2026-07-10,yes,receptor text does not support domain 'LPS',,host genome fallback: gene(s) HepI not found,phage not found in UniProt,,Yersinia pestis,"Yersinia pestis strain FDAARGOS_601 chromosome, complete genome",,resolved,Bacteriophage-Resistant Mutants in Yersinia pestis: Identification of Phage Receptors and Attenuation for Mice,corroborated,2 independent record(s) link YpP-G to HepI,high,medium,none
JM2,yes,long non-contractile,Siphoviridae,Lactococcus lactis,1358,Lactococcus lactis,Gram positive,cell wall,cell wall polysaccharides,N/A,,Undetermined,insufficient-data,none,receptor does not support a host-range prediction,Mahony et al. 2013,10.1128/AEM.00653-13, ,Yes,yes,https://www.ncbi.nlm.nih.gov/nuccore/NZ_CP184687.1,NZ_CP184687.1,host genome (fallback),,yes,https://www.uniprot.org/uniprotkb/R9R109,R9R109,specific RBP,Putative receptor binding protein,PhReD,PhReD: The Phage Receptor Database (Bio-conversion Databank Foundation). https://phred.biodf.org,2026-07-10,no,,receptor does not fit any defined domain,host genome fallback: no gene symbol in receptor,,,Lactococcus lactis,Lactococcus lactis strain L81 chromosome,Lactococcus phage jm2,,,,,none,medium,high
mEp410,yes,long non-contractile,Siphoviridae,Escherichia coli,562,Escherichia coli,Gram negative,cell wall,FhuA,Membrane Proteins,Protein,Broad,predicted-from-receptor,medium,conserved outer membrane protein receptor -> broad predicted,"Uc-Mass et al. 2004, Hernandez-Sanchez et al. 2008","10.1016/j.virol.2004.09.005 (Uc-Mass et al), 10.1007/s00705-008-0111-0 (Hernandez-Sanchez et al)", ,Yes,yes,https://www.ncbi.nlm.nih.gov/nuccore/M12486.1,M12486.1,specific gene,FhuA,no,,,none,,PhReD,PhReD: The Phage Receptor Database (Bio-conversion Databank Foundation). https://phred.biodf.org,2026-07-10,no,,,specific receptor gene FhuA,phage not found in UniProt,,Escherichia coli,"E.coli fhuA, fhuC and fhuD genes encoding the ferrichrome-iron receptor and two ferric aerobactin and ferric coprogen transport proteins, complete cds",,,,,,high,high,none
F373,yes,contractile,Myoviridae,Campylobacter jejuni,197,Campylobacter jejuni,Gram negative,cell wall,MeOPN modification of GalfNAc of capsular polysaccharides,Capsular Polysaccharide,Glycan,Narrow,predicted-from-receptor,medium,capsule/K-antigen is strain/serotype specific -> narrow predicted,Sørensen et al. 2015,10.1371/journal.pone.0116287, ,Yes,yes,https://www.ncbi.nlm.nih.gov/nuccore/NZ_CP172364.1,NZ_CP172364.1,host genome (fallback),,no,,,none,,PhReD,PhReD: The Phage Receptor Database (Bio-conversion Databank Foundation). https://phred.biodf.org,2026-07-10,no,,,host genome fallback: no gene symbol in receptor,phage not found in UniProt,,Campylobacter jejuni,"Campylobacter jejuni strain YH021 chromosome, complete genome",,,,,,high,medium,none
M1,yes,contractile,Myoviridae,Escherichia coli ,562,Escherichia coli,Gram negative,cell wall,Protein OmpA,Membrane Proteins,Protein,Broad,predicted-from-receptor,medium,conserved outer membrane protein receptor -> broad predicted,Hashemolhosseini et al. 1994,10.1006/jmbi.1994.1424, ,Yes,yes,https://www.ncbi.nlm.nih.gov/nuccore/EU183344.1,EU183344.1,specific gene,OmpA,yes,https://www.uniprot.org/uniprotkb/P08231,P08231,specific RBP,Long tail fiber protein Gp37,PhReD,PhReD: The Phage Receptor Database (Bio-conversion Databank Foundation). https://phred.biodf.org,2026-07-10,no,,,specific receptor gene OmpA,,,Escherichia coli,"Escherichia coli strain SYW048 outer membrane protein A (ompA) gene, ompA-2 allele, partial cds",Enterobacteria phage M1,resolved,Alterations of Receptor Specificities of Coliphages of the T2 Family,corroborated,300 independent record(s) link M1 to OmpA,high,high,high
F385,yes,contractile,Myoviridae,Campylobacter jejuni,197,Campylobacter jejuni,Gram negative,flagella,rotating flagella,Flagella,Protein,Undetermined,insufficient-data,none,Flagella host range is context-dependent; no empirical data in source,Sørensen et al. 2015,10.1371/journal.pone.0116287, ,Yes,yes,https://www.ncbi.nlm.nih.gov/nuccore/NZ_CP172364.1,NZ_CP172364.1,host genome (fallback),,no,,,none,,PhReD,PhReD: The Phage Receptor Database (Bio-conversion Databank Foundation). https://phred.biodf.org,2026-07-10,no,,,host genome fallback: no gene symbol in receptor,phage not found in UniProt,,Campylobacter jejuni,"Campylobacter jejuni strain YH021 chromosome, complete genome",,,,,,high,medium,none
K10,yes,long non-contractile,Siphoviridae,Escherichia coli,562,Escherichia coli,Gram negative,cell wall,Outer membrane protein LamB (maltodextran selective channel),Membrane Proteins,Protein,Broad,predicted-from-receptor,medium,conserved outer membrane protein receptor -> broad predicted,Roa 1979,10.1128/jb.140.2.680-686.1979, ,Yes,yes,https://www.ncbi.nlm.nih.gov/nuccore/M26131.1,M26131.1,specific gene,LamB,no,,,none,,PhReD,PhReD: The Phage Receptor Database (Bio-conversion Databank Foundation). https://phred.biodf.org,2026-07-10,no,,,specific receptor gene LamB,phage present in UniProt but no tail/RBP protein annotated,,Escherichia coli,"E.coli lambda receptor (lamB) gene, complete cds",,resolved,"Interaction of bacteriophage K10 with its receptor, the lamB protein of Escherichia coli",corroborated,56 independent record(s) link K10 to LamB,high,high,none
APK89,yes,short,Autographiviridae,Acinetobacter baumannii,470,Acinetobacter baumannii,Gram negative,cell wall,capsular polysaccharides,Capsular Polysaccharide,Glycan,Narrow,predicted-from-receptor,medium,capsule/K-antigen is strain/serotype specific -> narrow predicted,Popova et al. 2021,10.1128/JVI.01714-20, ,Yes,yes,https://www.ncbi.nlm.nih.gov/nuccore/NZ_CP156044.1,NZ_CP156044.1,host genome (fallback),,no,,,none,,PhReD,PhReD: The Phage Receptor Database (Bio-conversion Databank Foundation). https://phred.biodf.org,2026-07-10,no,,,host genome fallback: no gene symbol in receptor,phage present in UniProt but no tail/RBP protein annotated,,Acinetobacter baumannii,"Acinetobacter baumannii strain D13 chromosome, complete genome",,,,,,high,medium,none
JS09,yes,contractile,Myoviridae,Escherichia coli,562,Escherichia coli,Gram negative,cell wall,LPS,LPS,Glycan,Narrow,predicted-from-receptor,low,O-antigen LPS generally serotype-specific -> narrow predicted (weak),Zhou et al. 2021,10.1128/mSphere.01286-20, ,Yes,yes,https://www.ncbi.nlm.nih.gov/nuccore/NZ_CP187781.1,NZ_CP187781.1,host genome (fallback),,no,,,none,,PhReD,PhReD: The Phage Receptor Database (Bio-conversion Databank Foundation). https://phred.biodf.org,2026-07-10,no,,,host genome fallback: no gene symbol in receptor,phage present in UniProt but no tail/RBP protein annotated,,Escherichia coli,"Escherichia coli strain 097H6 chromosome, complete genome",,,,,,high,medium,none
ϕCTX,yes,contractile,Myoviridae,Pseudomonas aeruginosa,287,Pseudomonas aeruginosa,Gram negative,cell wall,"Core polysaccharide of LPS, with emphasis on L-rhamnose and D-glucose residues in the outer core",LPS,Glycan,Broad,predicted-from-receptor,low,conserved LPS core -> broad predicted,Yokota et al. 1994,10.1128/jb.176.17.5262-5269.1994, ,Yes,yes,https://www.ncbi.nlm.nih.gov/nuccore/NZ_OZ484744.1,NZ_OZ484744.1,host genome (fallback),,no,,,none,,PhReD,PhReD: The Phage Receptor Database (Bio-conversion Databank Foundation). https://phred.biodf.org,2026-07-10,no,,,host genome fallback: no gene symbol in receptor,phage present in UniProt but no tail/RBP protein annotated,,Pseudomonas aeruginosa,"Pseudomonas aeruginosa strain PA3 isolate PA3 chromosome 1, complete sequence",,,,,,high,medium,none
SS1,yes,contractile,Myoviridae,Escherichia coli,562,Escherichia coli,Gram negative,cell wall,OmpC or LamB,Membrane Proteins,Protein,Broad,predicted-from-receptor,medium,conserved outer membrane protein receptor -> broad predicted,Beher et al. 1981,10.1128/jvi.38.1.372-375.1981, ,Yes,yes,https://www.ncbi.nlm.nih.gov/nuccore/GQ167032.1,GQ167032.1,specific gene,OmpC,no,,,none,,PhReD,PhReD: The Phage Receptor Database (Bio-conversion Databank Foundation). https://phred.biodf.org,2026-07-10,no,,,specific receptor gene OmpC,phage present in UniProt but no tail/RBP protein annotated,,Escherichia coli,"Escherichia coli strain EC-937-2/07 outer membrane protein C (ompC) gene, complete cds",,,,,,high,high,none
S113,yes,long non-contractile,Siphoviridae,Salmonella enterica serovar Typhimurium,90371,Salmonella enterica subsp. enterica serovar Typhimurium,Gram negative,cell wall,"BtuB, vitamin B12 membrane transporter",Membrane Proteins,Protein,Broad,predicted-from-receptor,medium,conserved outer membrane protein receptor -> broad predicted,Gencay et al. 2019,10.1111/1462-2920.14597, ,Yes,yes,https://www.ncbi.nlm.nih.gov/nuccore/M89481.1,M89481.1,specific gene,BtuB,yes,https://www.uniprot.org/uniprotkb/A0A2Z5HKG9,A0A2Z5HKG9,specific RBP,Receptor-binding protein,PhReD,PhReD: The Phage Receptor Database (Bio-conversion Databank Foundation). https://phred.biodf.org,2026-07-10,no,,,specific receptor gene BtuB,,,Salmonella enterica subsp. enterica serovar Typhimurium,"Salmonella typhimurium vitamin B12 transport protein (btuB) gene, complete cds",Salmonella phage S113,,,,,high,high,high
PL-1,yes,long non-contractile,Siphoviridae,Lactobacillus casei,1582,Lacticaseibacillus casei,Gram positive,cell wall,L-rhamnose in cell wall polysaccharides,N/A,,Undetermined,insufficient-data,none,receptor does not support a host-range prediction,"Watanabe and Takesue 1975, Ishibashi et al. 1982","10.1099/0022-1317-28-1-29 (Watanabe and Takesue), 10.1099/00221287-128-10-2251 (Ishibashi et al)", ,Yes,yes,https://www.ncbi.nlm.nih.gov/nuccore/NZ_CP074377.1,NZ_CP074377.1,host genome (fallback),,yes,https://www.uniprot.org/uniprotkb/U5U3Z7,U5U3Z7,other tail protein,Major tail protein,PhReD,PhReD: The Phage Receptor Database (Bio-conversion Databank Foundation). https://phred.biodf.org,2026-07-10,no,,receptor does not fit any defined domain,host genome fallback: no gene symbol in receptor,no specific RBP annotated; using another tail protein (Patrick's fallback),taxonomic synonym applied: Lactobacillus casei -> Lacticaseibacillus casei,Lacticaseibacillus casei,"Lacticaseibacillus casei strain FBL6 chromosome, complete genome",Lactobacillus phage PL-1,,,,,none,medium,medium
FC3-2,yes,contractile,Myoviridae,Klebsiella pneumoniae,573,Klebsiella pneumoniae,Gram negative,cell wall,LPS O antigen,LPS,Glycan,Narrow,predicted-from-receptor,medium,specific O-antigen/serotype -> narrow predicted,Tomas et al. 1987,10.1111/j.1574-6968.1987.tb02201.x, ,Yes,yes,https://www.ncbi.nlm.nih.gov/nuccore/NZ_OZ477362.1,NZ_OZ477362.1,host genome (fallback),,no,,,none,,PhReD,PhReD: The Phage Receptor Database (Bio-conversion Databank Foundation). https://phred.biodf.org,2026-07-10,no,,,host genome fallback: no gene symbol in receptor,phage not found in UniProt,,Klebsiella pneumoniae,Klebsiella pneumoniae strain 49856 isolate 49856 chromosome 1,,resolved,"Identification of the cell surface receptor for FC3-2, FC3-3 and FC3-6 bacteriophages from Klebsiella pneumoniae",corroborated,8 independent record(s) link FC3-2 to LPS,high,medium,none
fPS-9,yes,short,Podoviridae,Yersinia enterocolitica,630,Yersinia enterocolitica,Gram negative,cell wall,LPS O antigen,LPS,Glycan,Narrow,predicted-from-receptor,medium,specific O-antigen/serotype -> narrow predicted,Salem et al. 2018,10.3390/v10040174, ,Yes,yes,https://www.ncbi.nlm.nih.gov/nuccore/NZ_CP139458.1,NZ_CP139458.1,host genome (fallback),,yes,https://www.uniprot.org/uniprotkb/A0A2C9D011,A0A2C9D011,specific RBP,Phage tail fibers,PhReD,PhReD: The Phage Receptor Database (Bio-conversion Databank Foundation). https://phred.biodf.org,2026-07-10,no,,,host genome fallback: no gene symbol in receptor,,,Yersinia enterocolitica,"Yersinia enterocolitica strain Y40 chromosome, complete genome",Yersinia phage fPS-9,,,,,high,medium,high
SPN13U,yes,short,Podoviridae,Salmonella enterica serovar Typhimurium,90371,Salmonella enterica subsp. enterica serovar Typhimurium,Gram negative,cell wall,LPS O antigen,LPS,Glycan,Narrow,predicted-from-receptor,medium,specific O-antigen/serotype -> narrow predicted,Shin et al. 2012,10.1371/journal.pone.0043392, ,Yes,yes,https://www.ncbi.nlm.nih.gov/nuccore/NZ_CP104816.1,NZ_CP104816.1,host genome (fallback),,no,,,none,,PhReD,PhReD: The Phage Receptor Database (Bio-conversion Databank Foundation). https://phred.biodf.org,2026-07-10,no,,,host genome fallback: no gene symbol in receptor,phage not found in UniProt,,Salmonella enterica subsp. enterica serovar Typhimurium,"Salmonella enterica subsp. enterica serovar Typhimurium strain STMC125 chromosome, complete genome",,resolved,Receptor Diversity and Host Interaction of Bacteriophages Infecting Salmonella enterica Serovar Typhimurium,corroborated,1 independent record(s) link SPN13U to LPS,high,medium,none
VP5,yes,short,Podoviridae,Vibrio cholerae,666,Vibrio cholerae,Gram negative,cell wall,OmpW,Membrane Proteins,Protein,Broad,predicted-from-receptor,medium,conserved outer membrane protein receptor -> broad predicted,Xu et al. 2014,10.1128/JVI.03186-13, ,Yes,yes,https://www.ncbi.nlm.nih.gov/nuccore/MF100046.1,MF100046.1,specific gene,OmpW,yes,https://www.uniprot.org/uniprotkb/Q6R6B2,Q6R6B2,other tail protein,Major tail subunit,PhReD,PhReD: The Phage Receptor Database (Bio-conversion Databank Foundation). https://phred.biodf.org,2026-07-10,no,,,specific receptor gene OmpW,no specific RBP annotated; using another tail protein (Patrick's fallback),,Vibrio cholerae,"Vibrio cholerae strain R-19430 OmpW (ompW) gene, complete cds",Vibrio phage VP5,,,,,high,high,medium
PP101,yes,contractile,Myoviridae,Pectobacterium brasiliense,180957,Pectobacterium brasiliense,Gram negative,cell wall,O polysaccharide,LPS,Glycan,Narrow,predicted-from-receptor,low,O-antigen LPS generally serotype-specific -> narrow predicted (weak),Lukianova et al. 2020,10.3389/fmicb.2019.03147, ,Yes,yes,https://www.ncbi.nlm.nih.gov/nuccore/NZ_CP179689.1,NZ_CP179689.1,host genome (fallback),,yes,https://www.uniprot.org/uniprotkb/A0A1J0MFK4,A0A1J0MFK4,specific RBP,Putative tail fiber protein,PhReD,PhReD: The Phage Receptor Database (Bio-conversion Databank Foundation). https://phred.biodf.org,2026-07-10,no,,,host genome fallback: no gene symbol in receptor,,,Pectobacterium brasiliense,"Pectobacterium brasiliense strain PL139 chromosome, complete genome",Pectobacterium phage PP101,resolved,Morphologically Different Pectobacterium brasiliense Bacteriophages PP99 and PP101: Deacetylation of O-Polysaccharide by the Tail Spike Protein of Phage PP99 Accompanies the Infection,corroborated,4 independent record(s) link PP101 to LPS,high,medium,high
Pharr,yes,short,Podoviridae,Klebsiella pneumoniae,573,Klebsiella pneumoniae,Gram negative,cell wall,capsular polysaccharides,Capsular Polysaccharide,Glycan,Narrow,predicted-from-receptor,medium,capsule/K-antigen is strain/serotype specific -> narrow predicted,Hesse et al. 2020,10.1128/mBio.02530-19, ,Yes,yes,https://www.ncbi.nlm.nih.gov/nuccore/NZ_OZ477362.1,NZ_OZ477362.1,host genome (fallback),,yes,https://www.uniprot.org/uniprotkb/A0A4D6DYC2,A0A4D6DYC2,specific RBP,Probable tail spike protein,PhReD,PhReD: The Phage Receptor Database (Bio-conversion Databank Foundation). https://phred.biodf.org,2026-07-10,no,,,host genome fallback: no gene symbol in receptor,,,Klebsiella pneumoniae,Klebsiella pneumoniae strain 49856 isolate 49856 chromosome 1,Klebsiella phage Pharr,,,,,high,medium,high
7-7-1,yes,contractile,Myoviridae,Agrobacterium sp.,361,Agrobacterium sp.,Gram negative,"flagella, cell wall","flagellum, rotation is required for infection, lipopolysaccharide secondary receptor",Flagella,Protein,Undetermined,insufficient-data,none,Flagella host range is context-dependent; no empirical data in source,"Yen et al. 2012, Gonzalez et al. 2018","10.1128/AEM.01082-12 (Yen et al), 10.1128/JB.00363-18 (Gonzalez et al)", ,Yes,yes,https://www.ncbi.nlm.nih.gov/nuccore/QQ024394.1,QQ024394.1,host genome (fallback),,yes,https://www.uniprot.org/uniprotkb/J7F8Z3,J7F8Z3,specific RBP,Putative tail fiber,PhReD,PhReD: The Phage Receptor Database (Bio-conversion Databank Foundation). https://phred.biodf.org,2026-07-10,no,,"multi-domain resolved by cue; also present: Flagella, LPS",host genome fallback: no gene symbol in receptor,,,Agrobacterium sp.,"JP 2024110396-A/2: AGROBACTERIUM BACTERIUM, STRAIN OF AGROBACTERIUM BACTERIUM, STRAIN OF RHIZOBIUM, TREATMENT AGENT FOR SOYBEAN CULTIVATION, METHOD FOR PRODUCING SOIL FOR SOYBEAN CULTIVATION, METHOD FOR PRODUCING SOYBEAN SEED FOR CULTIVATION, AND METHOD FOR CULTIVATING SOYBEAN",Agrobacterium phage 7-7-1,,,,,medium,medium,high
B3,yes,short,Podoviridae,Acinetobacter baumannii,470,Acinetobacter baumannii,Gram negative,cell wall,capsular polysaccharides,Capsular Polysaccharide,Glycan,Narrow,predicted-from-receptor,medium,capsule/K-antigen is strain/serotype specific -> narrow predicted,Oliveira et al. 2017,10.1111/1462-2920.13970, ,Yes,yes,https://www.ncbi.nlm.nih.gov/nuccore/NZ_CP156044.1,NZ_CP156044.1,host genome (fallback),,yes,https://www.uniprot.org/uniprotkb/A0A2I7R0J5,A0A2I7R0J5,specific RBP,Tail fiber protein,PhReD,PhReD: The Phage Receptor Database (Bio-conversion Databank Foundation). https://phred.biodf.org,2026-07-10,no,,,host genome fallback: no gene symbol in receptor,,,Acinetobacter baumannii,"Acinetobacter baumannii strain D13 chromosome, complete genome",Vibrio phage 1.097.O._10N.286.49.B3,,,,,high,medium,high
SPN6T,yes,long non-contractile,Siphoviridae,Salmonella enterica serovar Typhimurium,90371,Salmonella enterica subsp. enterica serovar Typhimurium,Gram negative,flagella,FliC or FljB,Flagella,Protein,Undetermined,insufficient-data,none,Flagella host range is context-dependent; no empirical data in source,Shin et al. 2012,10.1371/journal.pone.0043392, ,Yes,yes,https://www.ncbi.nlm.nih.gov/nuccore/JN587177.1,JN587177.1,specific gene,FliC,no,,,none,,PhReD,PhReD: The Phage Receptor Database (Bio-conversion Databank Foundation). https://phred.biodf.org,2026-07-10,no,,,specific receptor gene FliC,phage not found in UniProt,,Salmonella enterica subsp. enterica serovar Typhimurium,"Salmonella enterica subsp. enterica serovar Typhimurium strain SJW23 flagellin type 1 (fliC) gene, complete cds",,,,,,high,high,none
mEp539,yes,long non-contractile,Siphoviridae,Escherichia coli,562,Escherichia coli,Gram negative,cell wall,FhuA,Membrane Proteins,Protein,Broad,predicted-from-receptor,medium,conserved outer membrane protein receptor -> broad predicted,Hernandez-Sanchez et al. 2008,10.1007/s00705-008-0111-0, ,Yes,yes,https://www.ncbi.nlm.nih.gov/nuccore/M12486.1,M12486.1,specific gene,FhuA,no,,,none,,PhReD,PhReD: The Phage Receptor Database (Bio-conversion Databank Foundation). https://phred.biodf.org,2026-07-10,no,,,specific receptor gene FhuA,phage not found in UniProt,,Escherichia coli,"E.coli fhuA, fhuC and fhuD genes encoding the ferrichrome-iron receptor and two ferric aerobactin and ferric coprogen transport proteins, complete cds",,,,,,high,high,none
NM8,yes,long non-contractile,Siphoviridae,Rhizobium meliloti,382,Sinorhizobium meliloti,Gram negative,cell wall,polysaccharides,N/A,,Undetermined,insufficient-data,none,receptor does not support a host-range prediction,Defives et al. 1996,10.1007/s002849900130, ,Yes,yes,https://www.ncbi.nlm.nih.gov/nuccore/NZ_CP021219.1,NZ_CP021219.1,host genome (fallback),,no,,,none,,PhReD,PhReD: The Phage Receptor Database (Bio-conversion Databank Foundation). https://phred.biodf.org,2026-07-10,no,,receptor does not fit any defined domain,host genome fallback: no gene symbol in receptor,phage not found in UniProt,host renamed in NCBI: Rhizobium meliloti -> Sinorhizobium meliloti,Sinorhizobium meliloti RU11/001,"Sinorhizobium meliloti RU11/001 chromosome, complete genome",,,,,,none,medium,none
PBP1,yes,long non-contractile,Siphoviridae,Bacillus pumulis,1408,Bacillus pumilus,Gram positive,flagella,flagella,Flagella,Protein,Undetermined,insufficient-data,none,Flagella host range is context-dependent; no empirical data in source,Lovett 1972,10.1016/0042-6822(72)90564-8, ,Yes,yes,https://www.ncbi.nlm.nih.gov/nuccore/NZ_CP139116.1,NZ_CP139116.1,host genome (fallback),,no,,,none,,PhReD,PhReD: The Phage Receptor Database (Bio-conversion Databank Foundation). https://phred.biodf.org,2026-07-10,no,,,host genome fallback: no gene symbol in receptor,phage not found in UniProt,PhReD spelling corrected for lookup: Bacillus pumulis,Bacillus pumilus,"Bacillus pumilus strain AM2 chromosome, complete genome",,,,,,high,medium,none
FC3-6,yes,contractile,Myoviridae,Klebsiella pneumoniae,573,Klebsiella pneumoniae,Gram negative,cell wall,LPS O antigen,LPS,Glycan,Narrow,predicted-from-receptor,medium,specific O-antigen/serotype -> narrow predicted,Tomas et al. 1987,10.1111/j.1574-6968.1987.tb02201.x, ,Yes,yes,https://www.ncbi.nlm.nih.gov/nuccore/NZ_OZ477362.1,NZ_OZ477362.1,host genome (fallback),,no,,,none,,PhReD,PhReD: The Phage Receptor Database (Bio-conversion Databank Foundation). https://phred.biodf.org,2026-07-10,no,,,host genome fallback: no gene symbol in receptor,phage not found in UniProt,,Klebsiella pneumoniae,Klebsiella pneumoniae strain 49856 isolate 49856 chromosome 1,,,,,,high,medium,none
9NA,yes,long non-contractile,Siphoviridae,Salmonella enterica serovar Typhimurium,90371,Salmonella enterica subsp. enterica serovar Typhimurium,Gram negative,cell wall,LPS O antigen,LPS,Glycan,Narrow,predicted-from-receptor,medium,specific O-antigen/serotype -> narrow predicted,Andres et al. 2012,10.1111/j.1365-2958.2012.08006.x, ,Yes,yes,https://www.ncbi.nlm.nih.gov/nuccore/NZ_CP104816.1,NZ_CP104816.1,host genome (fallback),,yes,https://www.uniprot.org/uniprotkb/G8GV21,G8GV21,specific RBP,Tailspike,PhReD,PhReD: The Phage Receptor Database (Bio-conversion Databank Foundation). https://phred.biodf.org,2026-07-10,no,,,host genome fallback: no gene symbol in receptor,,,Salmonella enterica subsp. enterica serovar Typhimurium,"Salmonella enterica subsp. enterica serovar Typhimurium strain STMC125 chromosome, complete genome",Salmonella phage 9NA,,,,,high,medium,high
S126,yes,long non-contractile,Siphoviridae,Salmonella enterica serovar Typhimurium,90371,Salmonella enterica subsp. enterica serovar Typhimurium,Gram negative,cell wall,"BtuB, vitamin B12 membrane transporter",Membrane Proteins,Protein,Broad,predicted-from-receptor,medium,conserved outer membrane protein receptor -> broad predicted,Gencay et al. 2019,10.1111/1462-2920.14597, ,Yes,yes,https://www.ncbi.nlm.nih.gov/nuccore/M89481.1,M89481.1,specific gene,BtuB,yes,https://www.uniprot.org/uniprotkb/A0A2Z5HQ81,A0A2Z5HQ81,specific RBP,Receptor-binding protein,PhReD,PhReD: The Phage Receptor Database (Bio-conversion Databank Foundation). https://phred.biodf.org,2026-07-10,no,,,specific receptor gene BtuB,,,Salmonella enterica subsp. enterica serovar Typhimurium,"Salmonella typhimurium vitamin B12 transport protein (btuB) gene, complete cds",Salmonella phage S126,,,,,high,high,high
P22,yes,short,Podoviridae,Salmonella sp.,599,Salmonella sp.,Gram negative,cell wall; O-chain structure that are enzymatically cleaved by phages,α-rhmanosyl 1-3 galactose linkage of the O-chain,LPS,Glycan,Narrow,predicted-from-receptor,low,O-antigen LPS generally serotype-specific -> narrow predicted (weak),Iwashita and Kanegasaki 1973,10.1016/0006-291x(73)91101-7, ,Yes,no,,,none,,yes,https://www.uniprot.org/uniprotkb/P12528,P12528,specific RBP,Tail spike protein,PhReD,PhReD: The Phage Receptor Database (Bio-conversion Databank Foundation). https://phred.biodf.org,2026-07-10,yes,receptor text does not support domain 'LPS',,no GenBank record found for receptor or host genome,,,,,Salmonella phage P22,resolved,Smooth specific phage adsorption: Endorhamnosidase activity of tail parts of P22,corroborated,944 independent record(s) link P22 to LPS,high,none,high
ml3,yes,long non-contractile,Siphoviridae,Lactococcus lactis,1358,Lactococcus lactis,Gram positive,cell wall,"rhamnose in carbohydrates in cell wall for reversible binding, Pip (phage infection protein)  for irreversible binding",Membrane Proteins,Protein,Broad,predicted-from-receptor,medium,conserved outer membrane protein receptor -> broad predicted,Monteville et al. 1994,10.1128/aem.60.9.3204-3211.1994, ,Yes,yes,https://www.ncbi.nlm.nih.gov/nuccore/NZ_CP184687.1,NZ_CP184687.1,host genome (fallback),,no,,,none,,PhReD,PhReD: The Phage Receptor Database (Bio-conversion Databank Foundation). https://phred.biodf.org,2026-07-10,yes,receptor text does not support domain 'Membrane Proteins',,host genome fallback: no gene symbol in receptor,phage present in UniProt but no tail/RBP protein annotated,,Lactococcus lactis,Lactococcus lactis strain L81 chromosome,,resolved,Lactococcal Bacteriophages Require a Host Cell Wall Carbohydrate and a Plasma Membrane Protein for Adsorption and Ejection of DNA,corroborated,53 independent record(s) link ml3 to Membrane Proteins,high,medium,none
52A,yes,long non-contractile,Siphoviridae,Staphylococcus aureus,1280,Staphylococcus aureus,Gram positive,cell wall,O-acetyl group from the 6-position of muramic acid residues in murein,N/A,,Undetermined,insufficient-data,none,receptor does not support a host-range prediction,Shaw and Chatterjee 1971,10.1128/jb.108.1.584-585.1971, ,Yes,yes,https://www.ncbi.nlm.nih.gov/nuccore/NZ_CP195878.1,NZ_CP195878.1,host genome (fallback),,no,,,none,,PhReD,PhReD: The Phage Receptor Database (Bio-conversion Databank Foundation). https://phred.biodf.org,2026-07-10,no,,receptor does not fit any defined domain,host genome fallback: no gene symbol in receptor,phage present in UniProt but no tail/RBP protein annotated,,Staphylococcus aureus,"Staphylococcus aureus strain A_1d chromosome, complete genome",,,,,,none,medium,none
φM5,yes,contractile,Myoviridae,Sinorhizobium meliloti,382,Sinorhizobium meliloti,Gram negative,cell wall,lipopolysaccharide core residues and outer membrane porin RopA2,LPS,Glycan,Broad,predicted-from-receptor,low,conserved LPS core -> broad predicted,Crook et al. 2013,10.1128/JB.00480-13, ,Yes,yes,https://www.ncbi.nlm.nih.gov/nuccore/NZ_CP021219.1,NZ_CP021219.1,host genome (fallback),,yes,https://www.uniprot.org/uniprotkb/A0AAE8XE24,A0AAE8XE24,specific RBP,Tail fiber protein,PhReD,PhReD: The Phage Receptor Database (Bio-conversion Databank Foundation). https://phred.biodf.org,2026-07-10,yes,low-confidence domain assignment,"multi-domain unresolved, took first-mentioned; all: LPS, Membrane Proteins",host genome fallback: gene(s) RopA2 not found,,,Sinorhizobium meliloti RU11/001,"Sinorhizobium meliloti RU11/001 chromosome, complete genome",Pseudomonas phage M5.1,resolved,The Sinorhizobium meliloti Essential Porin RopA1 Is a Target for Numerous Bacteriophages,corroborated,1 independent record(s) link φM5 to RopA2,low,medium,high
φM12,yes,contractile,Myoviridae,Sinorhizobium meliloti,382,Sinorhizobium meliloti,Gram negative,cell wall,outer membrane porin RopA1,Membrane Proteins,Protein,Broad,predicted-from-receptor,medium,conserved outer membrane protein receptor -> broad predicted,Crook et al. 2013,10.1128/JB.00480-13, ,Yes,yes,https://www.ncbi.nlm.nih.gov/nuccore/NZ_CP021219.1,NZ_CP021219.1,host genome (fallback),,yes,https://www.uniprot.org/uniprotkb/S5MAS7,S5MAS7,specific RBP,Tail fiber protein,PhReD,PhReD: The Phage Receptor Database (Bio-conversion Databank Foundation). https://phred.biodf.org,2026-07-10,no,,,host genome fallback: gene(s) RopA1 not found,,,Sinorhizobium meliloti RU11/001,"Sinorhizobium meliloti RU11/001 chromosome, complete genome",Sinorhizobium phage phiM12,,,,,high,medium,high
PSA,yes,long non-contractile,Siphoviridae,Listeria monocytogenes,1639,Listeria monocytogenes,Gram positive,cell wall,galactosyalted GlcNAc residues of wall teichoic acids,Teichoic Acids,Glycan,Undetermined,insufficient-data,none,Teichoic Acids host range is context-dependent; no empirical data in source,"Dunne et al. 2019, Sumrall et al. 2019",10.1111/mmi.14455 (Sumrall et al), ,Yes,yes,https://www.ncbi.nlm.nih.gov/nuccore/NZ_CP190322.1,NZ_CP190322.1,host genome (fallback),,yes,https://www.uniprot.org/uniprotkb/Q858W9,Q858W9,other tail protein,Major tail protein b,PhReD,PhReD: The Phage Receptor Database (Bio-conversion Databank Foundation). https://phred.biodf.org,2026-07-10,no,,,host genome fallback: no gene symbol in receptor,no specific RBP annotated; using another tail protein (Patrick's fallback),,Listeria monocytogenes,"Listeria monocytogenes strain 22L1805 chromosome, complete genome",Listeria phage PSA,,,,,high,medium,medium
CYM,yes,long non-contractile,Siphoviridae,Streptococcus thermophilus,1308,Streptococcus thermophilus,Gram positive,cell wall,cell wall polysaccharides,N/A,,Undetermined,insufficient-data,none,receptor does not support a host-range prediction,Quiberoni et al. 2000,10.1046/j.1365-2672.2000.01214.x, ,Yes,yes,https://www.ncbi.nlm.nih.gov/nuccore/NZ_CP065485.1,NZ_CP065485.1,host genome (fallback),,no,,,none,,PhReD,PhReD: The Phage Receptor Database (Bio-conversion Databank Foundation). https://phred.biodf.org,2026-07-10,no,,receptor does not fit any defined domain,host genome fallback: no gene symbol in receptor,phage not found in UniProt,,Streptococcus thermophilus,"Streptococcus thermophilus strain MM20 chromosome, complete genome",,,,,,none,medium,none
φ29,yes,short,Podoviridae,Bacillus subtilis,1423,Bacillus subtilis,Gram positive,cell wall,glucosylation of polyglycerol  teichoic acid,Teichoic Acids,Glycan,Undetermined,insufficient-data,none,Teichoic Acids host range is context-dependent; no empirical data in source,Young 1967,10.1073/pnas.58.6.2377, ,Yes,yes,https://www.ncbi.nlm.nih.gov/nuccore/NZ_CP160208.1,NZ_CP160208.1,host genome (fallback),,yes,https://www.uniprot.org/uniprotkb/A0A1W6DXS8,A0A1W6DXS8,specific RBP,Putative tail fiber protein,PhReD,PhReD: The Phage Receptor Database (Bio-conversion Databank Foundation). https://phred.biodf.org,2026-07-10,yes,low-confidence UniProt assignment | ambiguous phage name across organisms,,host genome fallback: no gene symbol in receptor,"AMBIGUOUS phage name across organisms, none match host 'Bacillus subtilis': Aeromonas phage phiA8-29, Salmonella phage 1-29, Salmonella phage 3-29",,Bacillus subtilis,"Bacillus subtilis strain LTH 7164 chromosome, complete genome",Aeromonas phage phiA8-29,resolved,Requirement of glucosylated teichoic acid for adsorption of phage in Bacillus subtilis 168.,corroborated,28 independent record(s) link φ29 to teichoic acid,high,medium,low
IME341,yes,contractile,Myoviridae,Escherichia coli,562,Escherichia coli,Gram negative,cell wall,FadL,Membrane Proteins,Protein,Broad,predicted-from-receptor,medium,conserved outer membrane protein receptor -> broad predicted,Li et al. 2019,10.3389/fmicb.2019.00850, ,Yes,yes,https://www.ncbi.nlm.nih.gov/nuccore/M60607.1,M60607.1,specific gene,FadL,no,,,none,,PhReD,PhReD: The Phage Receptor Database (Bio-conversion Databank Foundation). https://phred.biodf.org,2026-07-10,no,,,specific receptor gene FadL,phage present in UniProt but no tail/RBP protein annotated,,Escherichia coli,"E.coli outer membrane protein (fadL) gene, complete cds",,resolved,Screening of Polyvalent Phage-Resistant Escherichia coli Strains Based on Phage Receptor Analysis,corroborated,1 independent record(s) link IME341 to FadL,high,high,none
B1,yes,short,Podoviridae,Acinetobacter baumannii,470,Acinetobacter baumannii,Gram negative,cell wall,capsular polysaccharides,Capsular Polysaccharide,Glycan,Narrow,predicted-from-receptor,medium,capsule/K-antigen is strain/serotype specific -> narrow predicted,Oliveira et al. 2017,10.1111/1462-2920.13970, ,Yes,yes,https://www.ncbi.nlm.nih.gov/nuccore/NZ_CP156044.1,NZ_CP156044.1,host genome (fallback),,yes,https://www.uniprot.org/uniprotkb/A0AAE7RBV6,A0AAE7RBV6,specific RBP,Tail fiber protein,PhReD,PhReD: The Phage Receptor Database (Bio-conversion Databank Foundation). https://phred.biodf.org,2026-07-10,yes,low-confidence UniProt assignment | ambiguous phage name across organisms,,host genome fallback: no gene symbol in receptor,"AMBIGUOUS phage name across organisms, none match host 'Acinetobacter baumannii': Klebsiella phage B1, Vibrio phage 1.169.O._10N.261.52.B1, Vibrio phage 1.224.A._10N.261.48.B1",,Acinetobacter baumannii,"Acinetobacter baumannii strain D13 chromosome, complete genome",Klebsiella phage B1,resolved,"Ability of phages to infect
                    <i>Acinetobacter calcoaceticus‐Acinetobacter baumannii</i>
                    complex species through acquisition of different pectate lyase depolymerase domains",corroborated,429 independent record(s) link B1 to capsular polysaccharide,high,medium,low
φCb13,yes,long non-contractile,Siphoviridae,Caulobacter crescentus,155892,Caulobacter vibrioides,Gram negative,"flagella, pili","initial contact with flagellum, counter clockwise rotation brings phage down to pilus portals at the pole ",Flagella,Protein,Undetermined,insufficient-data,none,Flagella host range is context-dependent; no empirical data in source,Guerrero-Ferreira et al. 2010,10.1073/pnas.1012388108, ,Yes,yes,https://www.ncbi.nlm.nih.gov/nuccore/NZ_CP023315.3,NZ_CP023315.3,host genome (fallback),,yes,https://www.uniprot.org/uniprotkb/C7T207,C7T207,specific RBP,Putative receptor binding protein,PhReD,PhReD: The Phage Receptor Database (Bio-conversion Databank Foundation). https://phred.biodf.org,2026-07-10,no,,"multi-domain resolved by cue; also present: Flagella, Pili",host genome fallback: no gene symbol in receptor,,taxonomic synonym applied: Caulobacter crescentus -> Caulobacter vibrioides,Caulobacter vibrioides,"Caulobacter vibrioides strain CB13b1a chromosome, complete genome",Lactococcus phage CB13,,,,,medium,medium,high
13,yes,long non-contractile,Siphoviridae,Lactococcus lactis,1358,Lactococcus lactis,Gram positive,cell wall,"rhamnose in carbohydrates in cell wall for reversible binding, Pip (phage infection protein)  for irreversible binding",Membrane Proteins,Protein,Broad,predicted-from-receptor,medium,conserved outer membrane protein receptor -> broad predicted,Monteville et al. 1994,10.1128/aem.60.9.3204-3211.1994, ,Yes,yes,https://www.ncbi.nlm.nih.gov/nuccore/NZ_CP184687.1,NZ_CP184687.1,host genome (fallback),,yes,https://www.uniprot.org/uniprotkb/A0A068CBG7,A0A068CBG7,specific RBP,Tail fiber protein,PhReD,PhReD: The Phage Receptor Database (Bio-conversion Databank Foundation). https://phred.biodf.org,2026-07-10,yes,receptor text does not support domain 'Membrane Proteins' | low-confidence UniProt assignment | ambiguous phage name across organisms,,host genome fallback: no gene symbol in receptor,"AMBIGUOUS phage name across organisms, none match host 'Lactococcus lactis': Acinetobacter phage YMC-13-01-C62, Klebsiella phage 13, Salmonella phage PC79-13, Salmonella phage STML-13-1, Shigella phage MK-13",,Lactococcus lactis,Lactococcus lactis strain L81 chromosome,Acinetobacter phage YMC-13-01-C62,resolved,Lactococcal Bacteriophages Require a Host Cell Wall Carbohydrate and a Plasma Membrane Protein for Adsorption and Ejection of DNA,corroborated,27845 independent record(s) link 13 to Membrane Proteins,high,medium,low
φ66,yes,short,Podoviridae,Staphylococcus aureus,1280,Staphylococcus aureus,Gram positive,cell wall,β-O-GlcNAc modified wall teichoic acid,Teichoic Acids,Glycan,Undetermined,insufficient-data,none,Teichoic Acids host range is context-dependent; no empirical data in source,Li et al. 2015,10.1038/srep17219, ,Yes,yes,https://www.ncbi.nlm.nih.gov/nuccore/NZ_CP195878.1,NZ_CP195878.1,host genome (fallback),,no,,,none,,PhReD,PhReD: The Phage Receptor Database (Bio-conversion Databank Foundation). https://phred.biodf.org,2026-07-10,no,,,host genome fallback: no gene symbol in receptor,phage present in UniProt but no tail/RBP protein annotated,,Staphylococcus aureus,"Staphylococcus aureus strain A_1d chromosome, complete genome",,,,,,high,medium,none
VP4,yes,short,Autographiviridae,Vibrio cholerae,666,Vibrio cholerae,Gram negative,cell wall,O antigen of LPS,LPS,Glycan,Narrow,predicted-from-receptor,medium,specific O-antigen/serotype -> narrow predicted,Xu et al. 2013,10.1128/JB.01770-12, ,Yes,yes,https://www.ncbi.nlm.nih.gov/nuccore/NZ_CP191367.1,NZ_CP191367.1,host genome (fallback),,yes,https://www.uniprot.org/uniprotkb/Q4TVW2,Q4TVW2,specific RBP,Tail fiber protein,PhReD,PhReD: The Phage Receptor Database (Bio-conversion Databank Foundation). https://phred.biodf.org,2026-07-10,no,,,host genome fallback: no gene symbol in receptor,,,Vibrio cholerae,"Vibrio cholerae strain GD25VC001 chromosome 1, complete sequence",Vibrio phage VP4,,,,,high,medium,high
SPN9C,yes,long non-contractile,Siphoviridae,Salmonella enterica serovar Typhimurium,90371,Salmonella enterica subsp. enterica serovar Typhimurium,Gram negative,cell wall,"BtuB, vitamin B12 membrane transporter",Membrane Proteins,Protein,Broad,predicted-from-receptor,medium,conserved outer membrane protein receptor -> broad predicted,Shin et al. 2012,10.1371/journal.pone.0043392, ,Yes,yes,https://www.ncbi.nlm.nih.gov/nuccore/M89481.1,M89481.1,specific gene,BtuB,no,,,none,,PhReD,PhReD: The Phage Receptor Database (Bio-conversion Databank Foundation). https://phred.biodf.org,2026-07-10,no,,,specific receptor gene BtuB,phage not found in UniProt,,Salmonella enterica subsp. enterica serovar Typhimurium,"Salmonella typhimurium vitamin B12 transport protein (btuB) gene, complete cds",,,,,,high,high,none
phi-Ye-F10,yes,short,Podoviridae,Yersinia enterocolitica,630,Yersinia enterocolitica,Gram negative,cell wall,O-antigen of LPS,LPS,Glycan,Narrow,predicted-from-receptor,medium,specific O-antigen/serotype -> narrow predicted,Liang et al. 2016,10.1038/srep22905, ,Yes,yes,https://www.ncbi.nlm.nih.gov/nuccore/NZ_CP139458.1,NZ_CP139458.1,host genome (fallback),,no,,,none,,PhReD,PhReD: The Phage Receptor Database (Bio-conversion Databank Foundation). https://phred.biodf.org,2026-07-10,no,,,host genome fallback: no gene symbol in receptor,phage not found in UniProt,,Yersinia enterocolitica,"Yersinia enterocolitica strain Y40 chromosome, complete genome",,,,,,high,medium,none
M5938,yes,long non-contractile,Siphoviridae,Lactococcus lactis,1358,Lactococcus lactis,Gram positive,cell wall,Pip,Membrane Proteins,Protein,Broad,predicted-from-receptor,medium,conserved outer membrane protein receptor -> broad predicted,Millen et al. 2016,10.1099/jgv.0.000499, ,Yes,yes,https://www.ncbi.nlm.nih.gov/nuccore/NZ_CP184687.1,NZ_CP184687.1,host genome (fallback),,yes,https://www.uniprot.org/uniprotkb/A0A192YB80,A0A192YB80,specific RBP,Tail fibers protein,PhReD,PhReD: The Phage Receptor Database (Bio-conversion Databank Foundation). https://phred.biodf.org,2026-07-10,yes,receptor text does not support domain 'Membrane Proteins',,host genome fallback: no gene symbol in receptor,,,Lactococcus lactis,Lactococcus lactis strain L81 chromosome,Lactococcus phage M5938,resolved,Genetic determinants of lactococcal C2viruses for host infection and their role in phage evolution,uncorroborated,"M5938 appears in 2 record(s), but none co-mention 'Membrane Proteins'",high,medium,high
S104,yes,long non-contractile,Siphoviridae,Salmonella enterica serovar Typhimurium,90371,Salmonella enterica subsp. enterica serovar Typhimurium,Gram negative,cell wall,O-antigen,LPS,Glycan,Narrow,predicted-from-receptor,medium,specific O-antigen/serotype -> narrow predicted,Gencay et al. 2019,10.1111/1462-2920.14597, ,Yes,yes,https://www.ncbi.nlm.nih.gov/nuccore/NZ_CP104816.1,NZ_CP104816.1,host genome (fallback),,no,,,none,,PhReD,PhReD: The Phage Receptor Database (Bio-conversion Databank Foundation). https://phred.biodf.org,2026-07-10,no,,,host genome fallback: no gene symbol in receptor,phage not found in UniProt,,Salmonella enterica subsp. enterica serovar Typhimurium,"Salmonella enterica subsp. enterica serovar Typhimurium strain STMC125 chromosome, complete genome",,,,,,high,medium,none
LE3,yes,contractile,Myoviridae,Leptospira biflexa,172,Leptospira biflexa,Gram negative,cell wall,LPS,LPS,Glycan,Narrow,predicted-from-receptor,low,O-antigen LPS generally serotype-specific -> narrow predicted (weak),Schiettekatte et al. 2018,10.1038/s41598-018-29983-6, ,Yes,yes,https://www.ncbi.nlm.nih.gov/nuccore/NC_010842.1,NC_010842.1,host genome (fallback),,yes,https://www.uniprot.org/uniprotkb/A0A343LE39,A0A343LE39,specific RBP,Tail fiber protein,PhReD,PhReD: The Phage Receptor Database (Bio-conversion Databank Foundation). https://phred.biodf.org,2026-07-10,no,,,host genome fallback: no gene symbol in receptor,,,Leptospira biflexa serovar Patoc strain 'Patoc 1 (Ames)',"Leptospira biflexa serovar Patoc strain 'Patoc 1 (Ames)' chromosome I, complete sequence",Leptospira phage LE3,,,,,high,medium,high
F325,yes,contractile,Myoviridae,Campylobacter jejuni,197,Campylobacter jejuni,Gram negative,flagella,motile flagellum,Flagella,Protein,Undetermined,insufficient-data,none,Flagella host range is context-dependent; no empirical data in source,Gencay et al. 2018,10.3389/fmicb.2018.00082, ,Yes,yes,https://www.ncbi.nlm.nih.gov/nuccore/NZ_CP172364.1,NZ_CP172364.1,host genome (fallback),,no,,,none,,PhReD,PhReD: The Phage Receptor Database (Bio-conversion Databank Foundation). https://phred.biodf.org,2026-07-10,no,,,host genome fallback: no gene symbol in receptor,phage not found in UniProt,,Campylobacter jejuni,"Campylobacter jejuni strain YH021 chromosome, complete genome",,,,,,high,medium,none
1358,yes,long non-contractile,Siphoviridae,Lactococcus lactis,1358,Lactococcus lactis,Gram positive,cell wall,GlcNAc and Glc1P moities in the cell wall polysaccharides,N/A,,Undetermined,insufficient-data,none,receptor does not support a host-range prediction,Farenc et al. 2014,10.1128/JVI.00739-14, ,Yes,yes,https://www.ncbi.nlm.nih.gov/nuccore/NZ_CP184687.1,NZ_CP184687.1,host genome (fallback),,yes,https://www.uniprot.org/uniprotkb/D3W0E1,D3W0E1,other tail protein,Putative head-tail adaptator,PhReD,PhReD: The Phage Receptor Database (Bio-conversion Databank Foundation). https://phred.biodf.org,2026-07-10,no,,receptor does not fit any defined domain,host genome fallback: no gene symbol in receptor,no specific RBP annotated; using another tail protein (Patrick's fallback),,Lactococcus lactis,Lactococcus lactis strain L81 chromosome,Lactococcus phage 1358,,,,,none,medium,medium
IME338,yes,long non-contractile,Siphoviridae,Escherichia coli,562,Escherichia coli,Gram negative,cell wall,LPS,LPS,Glycan,Narrow,predicted-from-receptor,low,O-antigen LPS generally serotype-specific -> narrow predicted (weak),Li et al. 2019,10.3389/fmicb.2019.00850, ,Yes,yes,https://www.ncbi.nlm.nih.gov/nuccore/NZ_CP187781.1,NZ_CP187781.1,host genome (fallback),,no,,,none,,PhReD,PhReD: The Phage Receptor Database (Bio-conversion Databank Foundation). https://phred.biodf.org,2026-07-10,no,,,host genome fallback: no gene symbol in receptor,phage present in UniProt but no tail/RBP protein annotated,,Escherichia coli,"Escherichia coli strain 097H6 chromosome, complete genome",,,,,,high,medium,none
F381,yes,contractile,Myoviridae,Campylobacter jejuni,197,Campylobacter jejuni,Gram negative,flagella,rotating flagella,Flagella,Protein,Undetermined,insufficient-data,none,Flagella host range is context-dependent; no empirical data in source,Sørensen et al. 2015,10.1371/journal.pone.0116287, ,Yes,yes,https://www.ncbi.nlm.nih.gov/nuccore/NZ_CP172364.1,NZ_CP172364.1,host genome (fallback),,no,,,none,,PhReD,PhReD: The Phage Receptor Database (Bio-conversion Databank Foundation). https://phred.biodf.org,2026-07-10,no,,,host genome fallback: no gene symbol in receptor,phage not found in UniProt,,Campylobacter jejuni,"Campylobacter jejuni strain YH021 chromosome, complete genome",,,,,,high,medium,none
SPN13B,yes,long non-contractile,Siphoviridae,Salmonella enterica serovar Typhimurium,90371,Salmonella enterica subsp. enterica serovar Typhimurium,Gram negative,flagella,FliC,Flagella,Protein,Undetermined,insufficient-data,none,Flagella host range is context-dependent; no empirical data in source,Shin et al. 2012,10.1371/journal.pone.0043392, ,Yes,yes,https://www.ncbi.nlm.nih.gov/nuccore/JN587177.1,JN587177.1,specific gene,FliC,no,,,none,,PhReD,PhReD: The Phage Receptor Database (Bio-conversion Databank Foundation). https://phred.biodf.org,2026-07-10,no,,,specific receptor gene FliC,phage not found in UniProt,,Salmonella enterica subsp. enterica serovar Typhimurium,"Salmonella enterica subsp. enterica serovar Typhimurium strain SJW23 flagellin type 1 (fliC) gene, complete cds",,,,,,high,high,none
MSA,yes,long non-contractile,Siphoviridae,Staphylococcus aureus,1280,Staphylococcus aureus,Gram positive,cell wall,GlcNAc residues of wall teichoic acid,Teichoic Acids,Glycan,Undetermined,insufficient-data,none,Teichoic Acids host range is context-dependent; no empirical data in source,Capparelli et al. 2010,10.1371/journal.pone.0011720, ,Yes,yes,https://www.ncbi.nlm.nih.gov/nuccore/NZ_CP195878.1,NZ_CP195878.1,host genome (fallback),,no,,,none,,PhReD,PhReD: The Phage Receptor Database (Bio-conversion Databank Foundation). https://phred.biodf.org,2026-07-10,no,,,host genome fallback: no gene symbol in receptor,phage not found in UniProt,,Staphylococcus aureus,"Staphylococcus aureus strain A_1d chromosome, complete genome",,,,,,high,medium,none
NCTC 12673,yes,contractile,Myoviridae,Campylobacter jejuni,197,Campylobacter jejuni,Gram negative,flagella,acetamidino-modified pseudaminic acid glycosylated flagellin FlaA protein,Flagella,Protein,Undetermined,insufficient-data,none,Flagella host range is context-dependent; no empirical data in source,Javed et al. 2015,10.1111/mmi.12849, ,Yes,yes,https://www.ncbi.nlm.nih.gov/nuccore/PZ191615.1,PZ191615.1,specific gene,FlaA,no,,,none,,PhReD,PhReD: The Phage Receptor Database (Bio-conversion Databank Foundation). https://phred.biodf.org,2026-07-10,no,,,specific receptor gene FlaA,phage not found in UniProt,,Campylobacter jejuni,"Campylobacter jejuni strain O.32 flagellin (flaA) gene, partial cds",,resolved,A receptor‐binding protein of <scp><i>C</i></scp><i>ampylobacter jejuni</i> bacteriophage <scp>NCTC</scp> 12673 recognizes flagellin glycosylated with acetamidino‐modified pseudaminic acid,corroborated,8 independent record(s) link NCTC 12673 to FlaA,high,high,none
Vi Phage III,yes,short,Podoviridae,Salmonella enterica serovar Typhi,90370,Salmonella enterica subsp. enterica serovar Typhi,Gram negative,cell wall,Vi exopolysaccharide,Capsular Polysaccharide,Glycan,Narrow,predicted-from-receptor,medium,capsule/K-antigen is strain/serotype specific -> narrow predicted,Pickard et al. 2010,10.1128/JB.00659-10, ,Yes,yes,https://www.ncbi.nlm.nih.gov/nuccore/NZ_LR590081.1,NZ_LR590081.1,host genome (fallback),,no,,,none,,PhReD,PhReD: The Phage Receptor Database (Bio-conversion Databank Foundation). https://phred.biodf.org,2026-07-10,no,,,host genome fallback: no gene symbol in receptor,phage not found in UniProt,,Salmonella enterica subsp. enterica serovar Typhi str. Ty2,Salmonella enterica subsp. enterica serovar Typhi str. Ty2 strain 4316STDY6559669 chromosome 1,,,,,,high,medium,none
I2-2,no,"none (icosahedral, ssRNA)",Leviviridae,Escherichia coli,562,Escherichia coli,Gram negative,pili,I pili,Pili,Protein,Undetermined,insufficient-data,none,Pili host range is context-dependent; no empirical data in source,Coetzee et al. 1982,10.1099/00221287-128-11-2797, ,Yes,yes,https://www.ncbi.nlm.nih.gov/nuccore/NZ_CP187781.1,NZ_CP187781.1,host genome (fallback),,yes,https://www.uniprot.org/uniprotkb/P15415,P15415,specific RBP,Attachment protein G3P,PhReD,PhReD: The Phage Receptor Database (Bio-conversion Databank Foundation). https://phred.biodf.org,2026-07-10,no,,,host genome fallback: no gene symbol in receptor,,,Escherichia coli,"Escherichia coli strain 097H6 chromosome, complete genome",Enterobacteria phage I2-2,,,,,high,medium,high
P680,yes,long non-contractile,Siphoviridae,Lactococcus lactis,1358,Lactococcus lactis,Gram positive,cell wall,cell wall polysaccharides,N/A,,Undetermined,insufficient-data,none,receptor does not support a host-range prediction,Mahony et al. 2013,10.1128/AEM.00653-13, ,Yes,yes,https://www.ncbi.nlm.nih.gov/nuccore/NZ_CP184687.1,NZ_CP184687.1,host genome (fallback),,yes,https://www.uniprot.org/uniprotkb/R9R227,R9R227,specific RBP,Putative receptor binding protein,PhReD,PhReD: The Phage Receptor Database (Bio-conversion Databank Foundation). https://phred.biodf.org,2026-07-10,no,,receptor does not fit any defined domain,host genome fallback: no gene symbol in receptor,,,Lactococcus lactis,Lactococcus lactis strain L81 chromosome,Lactococcus phage P680,,,,,none,medium,high
0BJ,yes,long non-contractile,Siphoviridae,Streptococcus thermophilus,1308,Streptococcus thermophilus,Gram positive,cell wall,cell wall polysaccharides,N/A,,Undetermined,insufficient-data,none,receptor does not support a host-range prediction,Quiberoni et al. 2000,10.1046/j.1365-2672.2000.01214.x, ,Yes,yes,https://www.ncbi.nlm.nih.gov/nuccore/NZ_CP065485.1,NZ_CP065485.1,host genome (fallback),,no,,,none,,PhReD,PhReD: The Phage Receptor Database (Bio-conversion Databank Foundation). https://phred.biodf.org,2026-07-10,no,,receptor does not fit any defined domain,host genome fallback: no gene symbol in receptor,phage not found in UniProt,,Streptococcus thermophilus,"Streptococcus thermophilus strain MM20 chromosome, complete genome",,,,,,none,medium,none
PP99,yes,short,Podoviridae,Pectobacterium brasiliense,180957,Pectobacterium brasiliense,Gram negative,cell wall,O polysaccharide,LPS,Glycan,Narrow,predicted-from-receptor,low,O-antigen LPS generally serotype-specific -> narrow predicted (weak),Lukianova et al. 2020,10.3389/fmicb.2019.03147, ,Yes,yes,https://www.ncbi.nlm.nih.gov/nuccore/NZ_CP179689.1,NZ_CP179689.1,host genome (fallback),,yes,https://www.uniprot.org/uniprotkb/A0A1P8L663,A0A1P8L663,specific RBP,Tail spike protein,PhReD,PhReD: The Phage Receptor Database (Bio-conversion Databank Foundation). https://phred.biodf.org,2026-07-10,no,,,host genome fallback: no gene symbol in receptor,,,Pectobacterium brasiliense,"Pectobacterium brasiliense strain PL139 chromosome, complete genome",Pectobacterium phage PP99,,,,,high,medium,high
Paz,yes,short,Podoviridae,Xylella fastidiosa,2371,Xylella fastidiosa,Gram negative,pili,PilA,Pili,Protein,Undetermined,insufficient-data,none,Pili host range is context-dependent; no empirical data in source,Ahern et al. 2014,10.1128/JB.01080-13, ,Yes,yes,https://www.ncbi.nlm.nih.gov/nuccore/MN590488.1,MN590488.1,specific gene,PilA,yes,https://www.uniprot.org/uniprotkb/V5Q7L7,V5Q7L7,specific RBP,Tail fiber protein,PhReD,PhReD: The Phage Receptor Database (Bio-conversion Databank Foundation). https://phred.biodf.org,2026-07-10,no,,,specific receptor gene PilA,,,Xylella fastidiosa,"Xylella fastidiosa strain PierceMed1 pilin (pilA) gene, partial cds",Xylella phage Paz,,,,,high,high,high
Vi Phage I,yes,contractile,Myoviridae,Salmonella enterica serovar Typhi,90370,Salmonella enterica subsp. enterica serovar Typhi,Gram negative,cell wall,Vi exopolysaccharide,Capsular Polysaccharide,Glycan,Narrow,predicted-from-receptor,medium,capsule/K-antigen is strain/serotype specific -> narrow predicted,Pickard et al. 2010,10.1128/JB.00659-10, ,Yes,yes,https://www.ncbi.nlm.nih.gov/nuccore/NZ_LR590081.1,NZ_LR590081.1,host genome (fallback),,no,,,none,,PhReD,PhReD: The Phage Receptor Database (Bio-conversion Databank Foundation). https://phred.biodf.org,2026-07-10,no,,,host genome fallback: no gene symbol in receptor,phage not found in UniProt,,Salmonella enterica subsp. enterica serovar Typhi str. Ty2,Salmonella enterica subsp. enterica serovar Typhi str. Ty2 strain 4316STDY6559669 chromosome 1,,,,,,high,medium,none
SPC35,yes,long non-contractile,Siphoviridae,Salmonella enterica serovar Typhimurium,90371,Salmonella enterica subsp. enterica serovar Typhimurium,Gram negative,cell wall,BtuB,Membrane Proteins,Protein,Broad,predicted-from-receptor,medium,conserved outer membrane protein receptor -> broad predicted,Kim and Ryu 2011,10.1128/AEM.02504-10, ,Yes,yes,https://www.ncbi.nlm.nih.gov/nuccore/M89481.1,M89481.1,specific gene,BtuB,yes,https://www.uniprot.org/uniprotkb/E9N493,E9N493,specific RBP,Receptor-binding protein,PhReD,PhReD: The Phage Receptor Database (Bio-conversion Databank Foundation). https://phred.biodf.org,2026-07-10,no,,,specific receptor gene BtuB,,,Salmonella enterica subsp. enterica serovar Typhimurium,"Salmonella typhimurium vitamin B12 transport protein (btuB) gene, complete cds",Salmonella phage Spc35,,,,,high,high,high
φ80-18,yes,short,Podoviridae,Yersinia enterocolitica,630,Yersinia enterocolitica,Gram negative,cell wall,LPS core,LPS,Glycan,Broad,predicted-from-receptor,low,conserved LPS core -> broad predicted,Zhang et al. 1994,10.1128/jb.176.6.1756-1760.1994, ,Yes,yes,https://www.ncbi.nlm.nih.gov/nuccore/NZ_CP139458.1,NZ_CP139458.1,host genome (fallback),,yes,https://www.uniprot.org/uniprotkb/I7K3G3,I7K3G3,specific RBP,Phage tail fiber protein,PhReD,PhReD: The Phage Receptor Database (Bio-conversion Databank Foundation). https://phred.biodf.org,2026-07-10,no,,,host genome fallback: no gene symbol in receptor,,,Yersinia enterocolitica,"Yersinia enterocolitica strain Y40 chromosome, complete genome",Yersinia phage phi80-18,,,,,high,medium,high
SPN10H,yes,long non-contractile,Siphoviridae,Salmonella enterica serovar Typhimurium,90371,Salmonella enterica subsp. enterica serovar Typhimurium,Gram negative,cell wall,"BtuB, vitamin B12 membrane transporter",Membrane Proteins,Protein,Broad,predicted-from-receptor,medium,conserved outer membrane protein receptor -> broad predicted,Shin et al. 2012,10.1371/journal.pone.0043392, ,Yes,yes,https://www.ncbi.nlm.nih.gov/nuccore/M89481.1,M89481.1,specific gene,BtuB,no,,,none,,PhReD,PhReD: The Phage Receptor Database (Bio-conversion Databank Foundation). https://phred.biodf.org,2026-07-10,no,,,specific receptor gene BtuB,phage not found in UniProt,,Salmonella enterica subsp. enterica serovar Typhimurium,"Salmonella typhimurium vitamin B12 transport protein (btuB) gene, complete cds",,,,,,high,high,none
T4,yes,contractile,Myoviridae,Escherichia coli K-12,83333,Escherichia coli K-12,Gram negative,cell wall,Protein O-8 (OmpC) with LPS,Membrane Proteins,Protein,Broad,predicted-from-receptor,medium,conserved outer membrane protein receptor -> broad predicted,Prehm et al. 1976; Mutoh et al. 1978; Goldberg et al. 1994,"10.1016/0022-2836(76)90377-6 (Prehm et al), 10.1128/jb.136.2.693-699.1978 (Mutoh et al), Goldberg E, Grinius L, Letellier L. Recognition, attachment and injection. In: Karam JD (ed.). Molecular Biology of Bacteriophage T4. Washington: American Society for Microbiology, 1994, 347–56", ,Yes,yes,https://www.ncbi.nlm.nih.gov/nuccore/DQ389022.1,DQ389022.1,specific gene,OmpC,yes,https://www.uniprot.org/uniprotkb/A0A7S9SVH6,A0A7S9SVH6,specific RBP,Pre-baseplate central spike protein Gp5,PhReD,PhReD: The Phage Receptor Database (Bio-conversion Databank Foundation). https://phred.biodf.org,2026-07-10,yes,low-confidence domain assignment,"multi-domain unresolved, took first-mentioned; all: LPS, Membrane Proteins",specific receptor gene OmpC,"name collision resolved by host; other candidates: Enterobacteria phage T4, Synechococcus phage S-T4",,Escherichia coli K-12,"Escherichia coli K12 outer membrane protein 1b (ompC) gene, ompC-12 allele, partial cds",Escherichia phage T4,resolved,On a bacteriophage T3 and T4 receptor region within the cell wall lipopolysaccharide of escherichia coli B,corroborated,754 independent record(s) link T4 to OmpC,low,high,high
φM6,yes,contractile,Myoviridae,Sinorhizobium meliloti,382,Sinorhizobium meliloti,Gram negative,cell wall,lipopolysaccharide core residues and outer membrane porin RopA3,LPS,Glycan,Broad,predicted-from-receptor,low,conserved LPS core -> broad predicted,Crook et al. 2013,10.1128/JB.00480-13, ,Yes,yes,https://www.ncbi.nlm.nih.gov/nuccore/NZ_CP021219.1,NZ_CP021219.1,host genome (fallback),,no,,,none,,PhReD,PhReD: The Phage Receptor Database (Bio-conversion Databank Foundation). https://phred.biodf.org,2026-07-10,yes,low-confidence domain assignment,"multi-domain unresolved, took first-mentioned; all: LPS, Membrane Proteins",host genome fallback: gene(s) RopA3 not found,phage present in UniProt but no tail/RBP protein annotated,,Sinorhizobium meliloti RU11/001,"Sinorhizobium meliloti RU11/001 chromosome, complete genome",,resolved,The Sinorhizobium meliloti Essential Porin RopA1 Is a Target for Numerous Bacteriophages,uncorroborated,"φM6 appears in 7 record(s), but none co-mention 'RopA3'",low,medium,none
φ77,yes,long non-contractile,Siphoviridae,Staphylococcus aureus,1280,Staphylococcus aureus,Gram positive,cell wall,α-GlcNAc residues of wall teichoic acid,Teichoic Acids,Glycan,Undetermined,insufficient-data,none,Teichoic Acids host range is context-dependent; no empirical data in source,Xia et al. 2011,10.1128/JB.01412-10, ,Yes,yes,https://www.ncbi.nlm.nih.gov/nuccore/NZ_CP195878.1,NZ_CP195878.1,host genome (fallback),,no,,,none,,PhReD,PhReD: The Phage Receptor Database (Bio-conversion Databank Foundation). https://phred.biodf.org,2026-07-10,no,,,host genome fallback: no gene symbol in receptor,phage present in UniProt but no tail/RBP protein annotated,,Staphylococcus aureus,"Staphylococcus aureus strain A_1d chromosome, complete genome",,,,,,high,medium,none
F355,yes,contractile,Myoviridae,Campylobacter jejuni,197,Campylobacter jejuni,Gram negative,cell wall,capsular polysaccharides,Capsular Polysaccharide,Glycan,Narrow,predicted-from-receptor,medium,capsule/K-antigen is strain/serotype specific -> narrow predicted,Sørensen et al. 2015,10.1371/journal.pone.0116287, ,Yes,yes,https://www.ncbi.nlm.nih.gov/nuccore/NZ_CP172364.1,NZ_CP172364.1,host genome (fallback),,no,,,none,,PhReD,PhReD: The Phage Receptor Database (Bio-conversion Databank Foundation). https://phred.biodf.org,2026-07-10,no,,,host genome fallback: no gene symbol in receptor,phage not found in UniProt,,Campylobacter jejuni,"Campylobacter jejuni strain YH021 chromosome, complete genome",,,,,,high,medium,none
mEp173,yes,long non-contractile,Siphoviridae,Escherichia coli,562,Escherichia coli,Gram negative,cell wall,FhuA,Membrane Proteins,Protein,Broad,predicted-from-receptor,medium,conserved outer membrane protein receptor -> broad predicted,Hernandez-Sanchez et al. 2008,10.1007/s00705-008-0111-0, ,Yes,yes,https://www.ncbi.nlm.nih.gov/nuccore/M12486.1,M12486.1,specific gene,FhuA,no,,,none,,PhReD,PhReD: The Phage Receptor Database (Bio-conversion Databank Foundation). https://phred.biodf.org,2026-07-10,no,,,specific receptor gene FhuA,phage not found in UniProt,,Escherichia coli,"E.coli fhuA, fhuC and fhuD genes encoding the ferrichrome-iron receptor and two ferric aerobactin and ferric coprogen transport proteins, complete cds",,,,,,high,high,none
F367,yes,contractile,Myoviridae,Campylobacter jejuni,197,Campylobacter jejuni,Gram negative,cell wall,capsular polysaccharides,Capsular Polysaccharide,Glycan,Narrow,predicted-from-receptor,medium,capsule/K-antigen is strain/serotype specific -> narrow predicted,Sørensen et al. 2015,10.1371/journal.pone.0116287, ,Yes,yes,https://www.ncbi.nlm.nih.gov/nuccore/NZ_CP172364.1,NZ_CP172364.1,host genome (fallback),,no,,,none,,PhReD,PhReD: The Phage Receptor Database (Bio-conversion Databank Foundation). https://phred.biodf.org,2026-07-10,no,,,host genome fallback: no gene symbol in receptor,phage not found in UniProt,,Campylobacter jejuni,"Campylobacter jejuni strain YH021 chromosome, complete genome",,,,,,high,medium,none
SPN5T,yes,long non-contractile,Siphoviridae,Salmonella enterica serovar Typhimurium,90371,Salmonella enterica subsp. enterica serovar Typhimurium,Gram negative,flagella,FliC or FljB,Flagella,Protein,Undetermined,insufficient-data,none,Flagella host range is context-dependent; no empirical data in source,Shin et al. 2012,10.1371/journal.pone.0043392, ,Yes,yes,https://www.ncbi.nlm.nih.gov/nuccore/JN587177.1,JN587177.1,specific gene,FliC,no,,,none,,PhReD,PhReD: The Phage Receptor Database (Bio-conversion Databank Foundation). https://phred.biodf.org,2026-07-10,no,,,specific receptor gene FliC,phage not found in UniProt,,Salmonella enterica subsp. enterica serovar Typhimurium,"Salmonella enterica subsp. enterica serovar Typhimurium strain SJW23 flagellin type 1 (fliC) gene, complete cds",,,,,,high,high,none
JG004,yes,contractile,Myoviridae,Pseudomonas aeruginosa,287,Pseudomonas aeruginosa,Gram negative,cell wall,LPS,LPS,Glycan,Narrow,predicted-from-receptor,low,O-antigen LPS generally serotype-specific -> narrow predicted (weak),Garbe et al. 2011,10.1186/1471-2180-11-102, ,Yes,yes,https://www.ncbi.nlm.nih.gov/nuccore/NZ_OZ484744.1,NZ_OZ484744.1,host genome (fallback),,yes,https://www.uniprot.org/uniprotkb/F4YDS4,F4YDS4,specific RBP,Tail fiber protein,PhReD,PhReD: The Phage Receptor Database (Bio-conversion Databank Foundation). https://phred.biodf.org,2026-07-10,no,,,host genome fallback: no gene symbol in receptor,,,Pseudomonas aeruginosa,"Pseudomonas aeruginosa strain PA3 isolate PA3 chromosome 1, complete sequence",Pseudomonas phage JG004,,,,,high,medium,high
AS11,yes,short,Podoviridae,Acinetobacter baumannii,470,Acinetobacter baumannii,Gram negative,cell wall,capsular polysaccharides,Capsular Polysaccharide,Glycan,Narrow,predicted-from-receptor,medium,capsule/K-antigen is strain/serotype specific -> narrow predicted,Popova et al. 2017,10.3390/v9070188, ,Yes,yes,https://www.ncbi.nlm.nih.gov/nuccore/NZ_CP156044.1,NZ_CP156044.1,host genome (fallback),,no,,,none,,PhReD,PhReD: The Phage Receptor Database (Bio-conversion Databank Foundation). https://phred.biodf.org,2026-07-10,no,,,host genome fallback: no gene symbol in receptor,phage present in UniProt but no tail/RBP protein annotated,,Acinetobacter baumannii,"Acinetobacter baumannii strain D13 chromosome, complete genome",,,,,,high,medium,none
K11,yes,short,Podoviridae,Klebsiella sp.,576,Klebsiella sp.,Gram negative,Bacterial capsule,Hydrolysis of β-D-glucosyl-(1-3)-β-D-glucuronic acid  linkages. The phage is also able to cleave α-D-galactosyl-(1-3)-β-D-glucose bonds,N/A,,Undetermined,insufficient-data,none,receptor does not support a host-range prediction,Thurow et al. 1975,10.1016/s0008-6215(00)87024-x, ,Yes,no,,,none,,yes,https://www.uniprot.org/uniprotkb/B3VD19,B3VD19,specific RBP,Probable tail spike protein,PhReD,PhReD: The Phage Receptor Database (Bio-conversion Databank Foundation). https://phred.biodf.org,2026-07-10,no,,receptor does not fit any defined domain,no GenBank record found for receptor or host genome,,,,,Enterobacteria phage K11,,,,,none,none,high
φPA02,yes,contractile,Myoviridae,Pseudomonas aeruginosa,287,Pseudomonas aeruginosa,Gram negative,cell wall,LPS,LPS,Glycan,Narrow,predicted-from-receptor,low,O-antigen LPS generally serotype-specific -> narrow predicted (weak),Ong et al. 2020,10.1016/j.jbiosc.2020.02.001, ,Yes,yes,https://www.ncbi.nlm.nih.gov/nuccore/NZ_OZ484744.1,NZ_OZ484744.1,host genome (fallback),,no,,,none,,PhReD,PhReD: The Phage Receptor Database (Bio-conversion Databank Foundation). https://phred.biodf.org,2026-07-10,no,,,host genome fallback: no gene symbol in receptor,phage not found in UniProt,,Pseudomonas aeruginosa,"Pseudomonas aeruginosa strain PA3 isolate PA3 chromosome 1, complete sequence",,,,,,high,medium,none
φAcS2,yes,long non-contractile,Siphoviridae,Asticcacaulis biprosthecium,76891,Asticcacaulis biprosthecium,Gram negative,flagella,flagella,Flagella,Protein,Undetermined,insufficient-data,none,Flagella host range is context-dependent; no empirical data in source,Pate et al. 1979,10.1016/0042-6822(79)90435-5, ,Yes,no,,,none,,no,,,none,,PhReD,PhReD: The Phage Receptor Database (Bio-conversion Databank Foundation). https://phred.biodf.org,2026-07-10,no,,,no GenBank record found for receptor or host genome,phage present in UniProt but no tail/RBP protein annotated,,,,,,,,,high,none,none
KTN4,yes,contractile,Myoviridae,Pseudomonas aeruginosa,287,Pseudomonas aeruginosa,Gram negative,pili,type IV pili,Pili,Protein,Undetermined,insufficient-data,none,Pili host range is context-dependent; no empirical data in source,Danis-Wlodarczyk et al. 2016,10.1038/srep28115, ,Yes,yes,https://www.ncbi.nlm.nih.gov/nuccore/NZ_OZ484744.1,NZ_OZ484744.1,host genome (fallback),,no,,,none,,PhReD,PhReD: The Phage Receptor Database (Bio-conversion Databank Foundation). https://phred.biodf.org,2026-07-10,no,,,host genome fallback: no gene symbol in receptor,phage not found in UniProt,,Pseudomonas aeruginosa,"Pseudomonas aeruginosa strain PA3 isolate PA3 chromosome 1, complete sequence",,,,,,high,medium,none
F378,yes,contractile,Myoviridae,Campylobacter jejuni,197,Campylobacter jejuni,Gram negative,flagella,rotating flagella,Flagella,Protein,Undetermined,insufficient-data,none,Flagella host range is context-dependent; no empirical data in source,Sørensen et al. 2015,10.1371/journal.pone.0116287, ,Yes,yes,https://www.ncbi.nlm.nih.gov/nuccore/NZ_CP172364.1,NZ_CP172364.1,host genome (fallback),,no,,,none,,PhReD,PhReD: The Phage Receptor Database (Bio-conversion Databank Foundation). https://phred.biodf.org,2026-07-10,no,,,host genome fallback: no gene symbol in receptor,phage not found in UniProt,,Campylobacter jejuni,"Campylobacter jejuni strain YH021 chromosome, complete genome",,,,,,high,medium,none
M13,no,none (filamentous),Inoviridae,Escherichia coli,562,Escherichia coli,Gram negative,Pilum and mating pair formation structure,Tip of the F pilus followed by TolQRA complex in membrane after pilus retraction,Pili,Protein,Undetermined,insufficient-data,none,Pili host range is context-dependent; no empirical data in source,Loeb 1960; Caro and Schnos 1966; Russel et al. 1988; Click and Webster 1998,"10.1126/science.131.3404.932 (Loeb), 10.1073/pnas.56.1.126 (Caro and Schnos), 10.1128/jb.170.11.5312-5316.1988 (Russel et al), 10.1128/jb.180.7.1723-1728.1998 (Click and Webster)", ,Yes,yes,https://www.ncbi.nlm.nih.gov/nuccore/NZ_CP187781.1,NZ_CP187781.1,host genome (fallback),,yes,https://www.uniprot.org/uniprotkb/P69168,P69168,specific RBP,Attachment protein G3P,PhReD,PhReD: The Phage Receptor Database (Bio-conversion Databank Foundation). https://phred.biodf.org,2026-07-10,yes,low-confidence domain assignment,"multi-domain unresolved, took first-mentioned; all: Membrane Proteins, Pili",host genome fallback: no gene symbol in receptor,,,Escherichia coli,"Escherichia coli strain 097H6 chromosome, complete genome",Enterobacteria phage M13,resolved,"Isolation of a Bacteriophage Specific for the F+ and Hfr Mating Types of
            <i>Escherichia coli</i>
            K-12",corroborated,906 independent record(s) link M13 to pilus,low,medium,high
SPN7C,yes,long non-contractile,Siphoviridae,Salmonella enterica serovar Typhimurium,90371,Salmonella enterica subsp. enterica serovar Typhimurium,Gram negative,cell wall,"BtuB, vitamin B12 membrane transporter",Membrane Proteins,Protein,Broad,predicted-from-receptor,medium,conserved outer membrane protein receptor -> broad predicted,Shin et al. 2012,10.1371/journal.pone.0043392, ,Yes,yes,https://www.ncbi.nlm.nih.gov/nuccore/M89481.1,M89481.1,specific gene,BtuB,no,,,none,,PhReD,PhReD: The Phage Receptor Database (Bio-conversion Databank Foundation). https://phred.biodf.org,2026-07-10,no,,,specific receptor gene BtuB,phage not found in UniProt,,Salmonella enterica subsp. enterica serovar Typhimurium,"Salmonella typhimurium vitamin B12 transport protein (btuB) gene, complete cds",,,,,,high,high,none
φCO01,yes,contractile,Ackermannviridae,Acinetobacter baumannii,470,Acinetobacter baumannii,Gram negative,cell wall,capsular polysaccharides,Capsular Polysaccharide,Glycan,Narrow,predicted-from-receptor,medium,capsule/K-antigen is strain/serotype specific -> narrow predicted,Gordillo Altamirano et al. 2021,10.1038/s41564-020-00830-7, ,Yes,yes,https://www.ncbi.nlm.nih.gov/nuccore/NZ_CP156044.1,NZ_CP156044.1,host genome (fallback),,no,,,none,,PhReD,PhReD: The Phage Receptor Database (Bio-conversion Databank Foundation). https://phred.biodf.org,2026-07-10,no,,,host genome fallback: no gene symbol in receptor,phage not found in UniProt,,Acinetobacter baumannii,"Acinetobacter baumannii strain D13 chromosome, complete genome",,,,,,high,medium,none
DLP1,yes,long non-contractile,Siphoviridae,Stenotrophomonas maltophilia,40324,Stenotrophomonas maltophilia,Gram negative,pilus,type IV pili and functional retraction,Pili,Protein,Undetermined,insufficient-data,none,Pili host range is context-dependent; no empirical data in source,McCutcheon et al. 2018,10.3390/v10060338, ,Yes,yes,https://www.ncbi.nlm.nih.gov/nuccore/NZ_CP031058.1,NZ_CP031058.1,host genome (fallback),,no,,,none,,PhReD,PhReD: The Phage Receptor Database (Bio-conversion Databank Foundation). https://phred.biodf.org,2026-07-10,no,,,host genome fallback: no gene symbol in receptor,phage present in UniProt but no tail/RBP protein annotated,,Stenotrophomonas maltophilia,"Stenotrophomonas maltophilia strain SM 866 chromosome, complete genome",,,,,,high,medium,none
P35,yes,long non-contractile,Siphoviridae,Listeria monocytogenes,1639,Listeria monocytogenes,Gram positive,cell wall,N-acetylglucosamine and rhamnose in the wall teichoic acid,Teichoic Acids,Glycan,Undetermined,insufficient-data,none,Teichoic Acids host range is context-dependent; no empirical data in source,Bielmann et al. 2015,10.1016/j.virol.2014.12.035, ,Yes,yes,https://www.ncbi.nlm.nih.gov/nuccore/NZ_CP190322.1,NZ_CP190322.1,host genome (fallback),,no,,,none,,PhReD,PhReD: The Phage Receptor Database (Bio-conversion Databank Foundation). https://phred.biodf.org,2026-07-10,no,,,host genome fallback: no gene symbol in receptor,phage not found in UniProt,,Listeria monocytogenes,"Listeria monocytogenes strain 22L1805 chromosome, complete genome",,,,,,high,medium,none
mEp167,yes,long non-contractile,Siphoviridae,Escherichia coli,562,Escherichia coli,Gram negative,cell wall,FhuA,Membrane Proteins,Protein,Broad,predicted-from-receptor,medium,conserved outer membrane protein receptor -> broad predicted,"Uc-Mass et al. 2004, Hernandez-Sanchez et al. 2008","10.1016/j.virol.2004.09.005 (Uc-Mass et al), 10.1007/s00705-008-0111-0 (Hernandez-Sanchez et al)", ,Yes,yes,https://www.ncbi.nlm.nih.gov/nuccore/M12486.1,M12486.1,specific gene,FhuA,no,,,none,,PhReD,PhReD: The Phage Receptor Database (Bio-conversion Databank Foundation). https://phred.biodf.org,2026-07-10,no,,,specific receptor gene FhuA,phage present in UniProt but no tail/RBP protein annotated,,Escherichia coli,"E.coli fhuA, fhuC and fhuD genes encoding the ferrichrome-iron receptor and two ferric aerobactin and ferric coprogen transport proteins, complete cds",,,,,,high,high,none
Salvo,yes,long non-contractile,Siphoviridae,Xylella fastidiosa,2371,Xylella fastidiosa,Gram negative,pili,PilA,Pili,Protein,Undetermined,insufficient-data,none,Pili host range is context-dependent; no empirical data in source,Ahern et al. 2014,10.1128/JB.01080-13, ,Yes,yes,https://www.ncbi.nlm.nih.gov/nuccore/MN590488.1,MN590488.1,specific gene,PilA,yes,https://www.uniprot.org/uniprotkb/V5Q7X8,V5Q7X8,specific RBP,Tail fiber protein,PhReD,PhReD: The Phage Receptor Database (Bio-conversion Databank Foundation). https://phred.biodf.org,2026-07-10,no,,,specific receptor gene PilA,,,Xylella fastidiosa,"Xylella fastidiosa strain PierceMed1 pilin (pilA) gene, partial cds",Xylella phage Salvo,,,,,high,high,high
PA5oct,yes,contractile,Myoviridae,Pseudomonas aeruginosa,287,Pseudomonas aeruginosa,Gram negative,cell wall,"LPS primary receptor, possible Type IV pili is secondary receptor",LPS,Glycan,Narrow,predicted-from-receptor,low,O-antigen LPS generally serotype-specific -> narrow predicted (weak),Olszak et al. 2019,10.3390/v11121089, ,Yes,yes,https://www.ncbi.nlm.nih.gov/nuccore/NZ_OZ484744.1,NZ_OZ484744.1,host genome (fallback),,no,,,none,,PhReD,PhReD: The Phage Receptor Database (Bio-conversion Databank Foundation). https://phred.biodf.org,2026-07-10,no,,"multi-domain resolved by cue; also present: LPS, Pili",host genome fallback: no gene symbol in receptor,phage present in UniProt but no tail/RBP protein annotated,,Pseudomonas aeruginosa,"Pseudomonas aeruginosa strain PA3 isolate PA3 chromosome 1, complete sequence",,,,,,medium,medium,none
T4 (alternate host),yes,contractile,Myoviridae,Escherichia coli B,37762,Escherichia coli B,Gram negative,cell wall,"Glucosyl-α-1,3-glucose terminus of rough LPS",LPS,Glycan,Narrow,predicted-from-receptor,low,O-antigen LPS generally serotype-specific -> narrow predicted (weak),Prehm et al. 1976; Mutoh et al. 1978; Goldberg et al. 1994,"10.1016/0022-2836(76)90377-6 (Prehm et al), 10.1128/jb.136.2.693-699.1978 (Mutoh et al), Goldberg E, Grinius L, Letellier L. Recognition, attachment and injection. In: Karam JD (ed.). Molecular Biology of Bacteriophage T4. Washington: American Society for Microbiology, 1994, 347–56", ,Yes,yes,https://www.ncbi.nlm.nih.gov/nuccore/NZ_CP014269.1,NZ_CP014269.1,host genome (fallback),,no,,,none,,PhReD,PhReD: The Phage Receptor Database (Bio-conversion Databank Foundation). https://phred.biodf.org,2026-07-10,no,,,host genome fallback: no gene symbol in receptor,phage not found in UniProt,,Escherichia coli B,"Escherichia coli B strain C3029 chromosome, complete genome",,,,,,high,medium,none
Yep-phi,yes,short,Podoviridae,Yersinia pestis,632,Yersinia pestis,Gram negative,outer membrane and cell wall,outermembrane protein Ail and OmpF and LPS,Membrane Proteins,Protein,Broad,predicted-from-receptor,medium,conserved outer membrane protein receptor -> broad predicted,Zhao et al. 2013,10.1128/JVI.01948-13, ,Yes,yes,https://www.ncbi.nlm.nih.gov/nuccore/NZ_CP033699.1,NZ_CP033699.1,host genome (fallback),,yes,https://www.uniprot.org/uniprotkb/E5L7F4,E5L7F4,specific RBP,Tail fiber protein,PhReD,PhReD: The Phage Receptor Database (Bio-conversion Databank Foundation). https://phred.biodf.org,2026-07-10,yes,low-confidence domain assignment,"multi-domain unresolved, took first-mentioned; all: LPS, Membrane Proteins",host genome fallback: gene(s) OmpF not found,,,Yersinia pestis,"Yersinia pestis strain FDAARGOS_601 chromosome, complete genome",Yersinia phage Yep-phi,resolved,Outer Membrane Proteins Ail and OmpF of Yersinia pestis Are Involved in the Adsorption of T7-Related Bacteriophage Yep-phi,corroborated,11 independent record(s) link Yep-phi to OmpF,low,medium,high
Det7,yes,contractile,Myoviridae,Salmonella enterica serovar Typhimurium,90371,Salmonella enterica subsp. enterica serovar Typhimurium,Gram negative,cell wall,LPS O antigen,LPS,Glycan,Narrow,predicted-from-receptor,medium,specific O-antigen/serotype -> narrow predicted,Walter et al. 2008,10.1128/JVI.01641-07, ,Yes,yes,https://www.ncbi.nlm.nih.gov/nuccore/NZ_CP104816.1,NZ_CP104816.1,host genome (fallback),,yes,https://www.uniprot.org/uniprotkb/A0A0C5PSI2,A0A0C5PSI2,specific RBP,Tailspike,PhReD,PhReD: The Phage Receptor Database (Bio-conversion Databank Foundation). https://phred.biodf.org,2026-07-10,no,,,host genome fallback: no gene symbol in receptor,,,Salmonella enterica subsp. enterica serovar Typhimurium,"Salmonella enterica subsp. enterica serovar Typhimurium strain STMC125 chromosome, complete genome",Salmonella phage Det7,,,,,high,medium,high
kh,yes,long non-contractile,Siphoviridae,Lactococcus lactis,1358,Lactococcus lactis,Gram positive,cell wall,"rhamnose in carbohydrates in cell wall for reversible binding, Pip (phage infection protein)  for irreversible binding",Membrane Proteins,Protein,Broad,predicted-from-receptor,medium,conserved outer membrane protein receptor -> broad predicted,"Valyasevi et al. 1990, Monteville et al. 1994","10.1128/aem.56.6.1882-1889.1990 (Valyasevi et al), 10.1128/aem.60.9.3204-3211.1994 (Monteville et al)", ,Yes,yes,https://www.ncbi.nlm.nih.gov/nuccore/NZ_CP184687.1,NZ_CP184687.1,host genome (fallback),,no,,,none,,PhReD,PhReD: The Phage Receptor Database (Bio-conversion Databank Foundation). https://phred.biodf.org,2026-07-10,yes,receptor text does not support domain 'Membrane Proteins',,host genome fallback: no gene symbol in receptor,phage present in UniProt but no tail/RBP protein annotated,,Lactococcus lactis,Lactococcus lactis strain L81 chromosome,,resolved,The bacteriophage kh receptor of Lactococcus lactis subsp. cremoris KH is the rhamnose of the extracellular wall polysaccharide,corroborated,585 independent record(s) link kh to Membrane Proteins,high,medium,none
φFG02,yes,contractile,Myoviridae,Acinetobacter baumannii,470,Acinetobacter baumannii,Gram negative,cell wall,capsular polysaccharides,Capsular Polysaccharide,Glycan,Narrow,predicted-from-receptor,medium,capsule/K-antigen is strain/serotype specific -> narrow predicted,Gordillo Altamirano et al. 2021,10.1038/s41564-020-00830-7, ,Yes,yes,https://www.ncbi.nlm.nih.gov/nuccore/NZ_CP156044.1,NZ_CP156044.1,host genome (fallback),,no,,,none,,PhReD,PhReD: The Phage Receptor Database (Bio-conversion Databank Foundation). https://phred.biodf.org,2026-07-10,no,,,host genome fallback: no gene symbol in receptor,phage not found in UniProt,,Acinetobacter baumannii,"Acinetobacter baumannii strain D13 chromosome, complete genome",,resolved,Bacteriophage-resistant Acinetobacter baumannii are resensitized to antimicrobials,corroborated,11 independent record(s) link φFG02 to capsular polysaccharide,high,medium,none
f1,no,none (filamentous),Inoviridae,Escherichia coli,562,Escherichia coli,Gram negative,"pili, cell envelope","F pili tip as primary attachment, TolA (C-terminal domain) secondary receptor",Pili,Protein,Undetermined,insufficient-data,none,Pili host range is context-dependent; no empirical data in source,"Caro and Schnos 1966, Click and Webster 1997","10.1073/pnas.56.1.126 (Caro and Schnos), 10.1128/jb.180.7.1723-1728.1998 (Click and Webster)", ,Yes,yes,https://www.ncbi.nlm.nih.gov/nuccore/M28232.1,M28232.1,specific gene,TolA,yes,https://www.uniprot.org/uniprotkb/P69169,P69169,specific RBP,Attachment protein G3P,PhReD,PhReD: The Phage Receptor Database (Bio-conversion Databank Foundation). https://phred.biodf.org,2026-07-10,no,,"multi-domain resolved by cue; also present: Membrane Proteins, Pili",specific receptor gene TolA,name collision resolved by host; other candidates: Brucella phage F1,,Escherichia coli,"E.coli tolerance to colicins (tolA and tolB) genes, complete cds",Enterobacteria phage f1,,,,,medium,high,high
T3,yes,short,Podoviridae,Escherichia coli,562,Escherichia coli,Gram negative,cell wall,"Glucosyl-α-1,3-glucose terminus of rough LPS",LPS,Glycan,Narrow,predicted-from-receptor,low,O-antigen LPS generally serotype-specific -> narrow predicted (weak),Prehm et al. 1976,10.1016/0022-2836(76)90377-6, ,Yes,yes,https://www.ncbi.nlm.nih.gov/nuccore/NZ_CP187781.1,NZ_CP187781.1,host genome (fallback),,yes,https://www.uniprot.org/uniprotkb/P10308,P10308,specific RBP,Tail fiber protein,PhReD,PhReD: The Phage Receptor Database (Bio-conversion Databank Foundation). https://phred.biodf.org,2026-07-10,no,,,host genome fallback: no gene symbol in receptor,,,Escherichia coli,"Escherichia coli strain 097H6 chromosome, complete genome",Enterobacteria phage T3,,,,,high,medium,high
φ1026b,yes,long non-contractile,Siphoviridae,Burkholderia mallei,13373,Burkholderia mallei,Gram negative,cell wall,LPS O antigen,LPS,Glycan,Narrow,predicted-from-receptor,medium,specific O-antigen/serotype -> narrow predicted,DeShazer et al. 2004,10.1128/JB.186.12.3938–3950.2004, ,Yes,yes,https://www.ncbi.nlm.nih.gov/nuccore/NZ_CP009731.1,NZ_CP009731.1,host genome (fallback),,no,,,none,,PhReD,PhReD: The Phage Receptor Database (Bio-conversion Databank Foundation). https://phred.biodf.org,2026-07-10,no,,,host genome fallback: no gene symbol in receptor,phage present in UniProt but no tail/RBP protein annotated,,Burkholderia mallei,"Burkholderia mallei strain Turkey4 chromosome 1, complete sequence",,,,,,high,medium,none
SPN18,yes,long non-contractile,Siphoviridae,Salmonella enterica serovar Typhimurium,90371,Salmonella enterica subsp. enterica serovar Typhimurium,Gram negative,cell wall,"BtuB, vitamin B12 membrane transporter",Membrane Proteins,Protein,Broad,predicted-from-receptor,medium,conserved outer membrane protein receptor -> broad predicted,Shin et al. 2012,10.1371/journal.pone.0043392, ,Yes,yes,https://www.ncbi.nlm.nih.gov/nuccore/M89481.1,M89481.1,specific gene,BtuB,no,,,none,,PhReD,PhReD: The Phage Receptor Database (Bio-conversion Databank Foundation). https://phred.biodf.org,2026-07-10,no,,,specific receptor gene BtuB,phage not found in UniProt,,Salmonella enterica subsp. enterica serovar Typhimurium,"Salmonella typhimurium vitamin B12 transport protein (btuB) gene, complete cds",,resolved,Receptor Diversity and Host Interaction of Bacteriophages Infecting Salmonella enterica Serovar Typhimurium,corroborated,1 independent record(s) link SPN18 to BtuB,high,high,none
SPN4S,yes,long non-contractile,Siphoviridae,Salmonella enterica serovar Typhimurium,90371,Salmonella enterica subsp. enterica serovar Typhimurium,Gram negative,flagella,FliC or FljB,Flagella,Protein,Undetermined,insufficient-data,none,Flagella host range is context-dependent; no empirical data in source,Shin et al. 2012,10.1371/journal.pone.0043392, ,Yes,yes,https://www.ncbi.nlm.nih.gov/nuccore/JN587177.1,JN587177.1,specific gene,FliC,no,,,none,,PhReD,PhReD: The Phage Receptor Database (Bio-conversion Databank Foundation). https://phred.biodf.org,2026-07-10,no,,,specific receptor gene FliC,phage not found in UniProt,,Salmonella enterica subsp. enterica serovar Typhimurium,"Salmonella enterica subsp. enterica serovar Typhimurium strain SJW23 flagellin type 1 (fliC) gene, complete cds",,resolved,Receptor Diversity and Host Interaction of Bacteriophages Infecting Salmonella enterica Serovar Typhimurium,corroborated,1 independent record(s) link SPN4S to FliC,high,high,none
φMR003,yes,contractile,Herelleviridae,Staphylococcus aureus,1280,Staphylococcus aureus,Gram positive,cell wall,backbone of wall teichoic acid,Teichoic Acids,Glycan,Undetermined,insufficient-data,none,Teichoic Acids host range is context-dependent; no empirical data in source,Peng et al. 2019,10.1007/s00253-019-10039-2, ,Yes,yes,https://www.ncbi.nlm.nih.gov/nuccore/NZ_CP195878.1,NZ_CP195878.1,host genome (fallback),,no,,,none,,PhReD,PhReD: The Phage Receptor Database (Bio-conversion Databank Foundation). https://phred.biodf.org,2026-07-10,no,,,host genome fallback: no gene symbol in receptor,phage not found in UniProt,,Staphylococcus aureus,"Staphylococcus aureus strain A_1d chromosome, complete genome",,,,,,high,medium,none
POP72,yes,short,Podoviridae,Pectobacterium carotovorum subsp. carotovorum,555,Pectobacterium carotovorum subsp. carotovorum,Gram negative,cell wall,colanic acid in capsular extracellular polysaccharide,Capsular Polysaccharide,Glycan,Narrow,predicted-from-receptor,medium,capsule/K-antigen is strain/serotype specific -> narrow predicted,Kim et al. 2019,10.3389/fmicb.2019.00143, ,Yes,yes,https://www.ncbi.nlm.nih.gov/nuccore/NZ_CP117874.1,NZ_CP117874.1,host genome (fallback),,no,,,none,,PhReD,PhReD: The Phage Receptor Database (Bio-conversion Databank Foundation). https://phred.biodf.org,2026-07-10,no,,,host genome fallback: no gene symbol in receptor,phage not found in UniProt,,Pectobacterium carotovorum subsp. carotovorum,"Pectobacterium carotovorum subsp. carotovorum strain ZJ-4-2 chromosome, complete genome",,,,,,high,medium,none
J-1,yes,long non-contractile,Siphoviridae,Lactobacillus casei,1582,Lacticaseibacillus casei,Gram positive,cell wall,cell wall polysaccharides,N/A,,Undetermined,insufficient-data,none,receptor does not support a host-range prediction,Dieterle et al. 2017,10.1111/mmi.13649, ,Yes,yes,https://www.ncbi.nlm.nih.gov/nuccore/NZ_CP074377.1,NZ_CP074377.1,host genome (fallback),,yes,https://www.uniprot.org/uniprotkb/U5U4G9,U5U4G9,other tail protein,Major tail protein,PhReD,PhReD: The Phage Receptor Database (Bio-conversion Databank Foundation). https://phred.biodf.org,2026-07-10,no,,receptor does not fit any defined domain,host genome fallback: no gene symbol in receptor,no specific RBP annotated; using another tail protein (Patrick's fallback),taxonomic synonym applied: Lactobacillus casei -> Lacticaseibacillus casei,Lacticaseibacillus casei,"Lacticaseibacillus casei strain FBL6 chromosome, complete genome",Lactobacillus phage J-1,,,,,none,medium,medium
S103,yes,long non-contractile,Siphoviridae,Salmonella enterica serovar Typhimurium,90371,Salmonella enterica subsp. enterica serovar Typhimurium,Gram negative,cell wall,O-antigen,LPS,Glycan,Narrow,predicted-from-receptor,medium,specific O-antigen/serotype -> narrow predicted,Gencay et al. 2019,10.1111/1462-2920.14597, ,Yes,yes,https://www.ncbi.nlm.nih.gov/nuccore/NZ_CP104816.1,NZ_CP104816.1,host genome (fallback),,no,,,none,,PhReD,PhReD: The Phage Receptor Database (Bio-conversion Databank Foundation). https://phred.biodf.org,2026-07-10,no,,,host genome fallback: no gene symbol in receptor,phage not found in UniProt,,Salmonella enterica subsp. enterica serovar Typhimurium,"Salmonella enterica subsp. enterica serovar Typhimurium strain STMC125 chromosome, complete genome",,,,,,high,medium,none
A500,yes,long non-contractile,Siphoviridae,Listeria monocytogenes,1639,Listeria monocytogenes,Gram positive,cell wall,galactosyalted GlcNAc residues of wall teichoic acids,Teichoic Acids,Glycan,Undetermined,insufficient-data,none,Teichoic Acids host range is context-dependent; no empirical data in source,Sumrall et al. 2019,10.1111/mmi.14455, ,Yes,yes,https://www.ncbi.nlm.nih.gov/nuccore/NZ_CP190322.1,NZ_CP190322.1,host genome (fallback),,no,,,none,,PhReD,PhReD: The Phage Receptor Database (Bio-conversion Databank Foundation). https://phred.biodf.org,2026-07-10,no,,,host genome fallback: no gene symbol in receptor,phage present in UniProt but no tail/RBP protein annotated,,Listeria monocytogenes,"Listeria monocytogenes strain 22L1805 chromosome, complete genome",,,,,,high,medium,none
h,yes,long non-contractile,Siphoviridae,Lactococcus lactis,1358,Lactococcus lactis,Gram positive,cell wall,"rhamnose in carbohydrates in cell wall for reversible binding, Pip (phage infection protein)  for irreversible binding",Membrane Proteins,Protein,Broad,predicted-from-receptor,medium,conserved outer membrane protein receptor -> broad predicted,Monteville et al. 1994,10.1128/aem.60.9.3204-3211.1994, ,Yes,yes,https://www.ncbi.nlm.nih.gov/nuccore/NZ_CP184687.1,NZ_CP184687.1,host genome (fallback),,no,,,none,,PhReD,PhReD: The Phage Receptor Database (Bio-conversion Databank Foundation). https://phred.biodf.org,2026-07-10,yes,receptor text does not support domain 'Membrane Proteins',,host genome fallback: no gene symbol in receptor,phage present in UniProt but no tail/RBP protein annotated,,Lactococcus lactis,Lactococcus lactis strain L81 chromosome,,resolved,Lactococcal Bacteriophages Require a Host Cell Wall Carbohydrate and a Plasma Membrane Protein for Adsorption and Ejection of DNA,corroborated,29700 independent record(s) link h to Membrane Proteins,high,medium,none
M6654,yes,long non-contractile,Siphoviridae,Lactococcus lactis,1358,Lactococcus lactis,Gram positive,cell wall,YjaE,N/A,,Undetermined,insufficient-data,none,receptor does not support a host-range prediction,Millen et al. 2023,10.1099/jgv.0.000499, ,Yes,yes,https://www.ncbi.nlm.nih.gov/nuccore/NZ_CP184687.1,NZ_CP184687.1,host genome (fallback),,no,,,none,,PhReD,PhReD: The Phage Receptor Database (Bio-conversion Databank Foundation). https://phred.biodf.org,2026-07-10,no,,receptor does not fit any defined domain,host genome fallback: gene(s) YjaE not found,phage not found in UniProt,,Lactococcus lactis,Lactococcus lactis strain L81 chromosome,,,,,,none,medium,none
M6162,yes,long non-contractile,Siphoviridae,Lactococcus lactis,1358,Lactococcus lactis,Gram positive,cell wall,YjaE,N/A,,Undetermined,insufficient-data,none,receptor does not support a host-range prediction,Millen et al. 2019,10.1099/jgv.0.000499, ,Yes,yes,https://www.ncbi.nlm.nih.gov/nuccore/NZ_CP184687.1,NZ_CP184687.1,host genome (fallback),,no,,,none,,PhReD,PhReD: The Phage Receptor Database (Bio-conversion Databank Foundation). https://phred.biodf.org,2026-07-10,no,,receptor does not fit any defined domain,host genome fallback: gene(s) YjaE not found,phage not found in UniProt,,Lactococcus lactis,Lactococcus lactis strain L81 chromosome,,,,,,none,medium,none
S117,yes,contractile,Myoviridae,Salmonella enterica serovar Typhimurium,90371,Salmonella enterica subsp. enterica serovar Typhimurium,Gram negative,cell wall,O-antigen,LPS,Glycan,Narrow,predicted-from-receptor,medium,specific O-antigen/serotype -> narrow predicted,Gencay et al. 2019,10.1111/1462-2920.14597, ,Yes,yes,https://www.ncbi.nlm.nih.gov/nuccore/NZ_CP104816.1,NZ_CP104816.1,host genome (fallback),,no,,,none,,PhReD,PhReD: The Phage Receptor Database (Bio-conversion Databank Foundation). https://phred.biodf.org,2026-07-10,no,,,host genome fallback: no gene symbol in receptor,phage present in UniProt but no tail/RBP protein annotated,,Salmonella enterica subsp. enterica serovar Typhimurium,"Salmonella enterica subsp. enterica serovar Typhimurium strain STMC125 chromosome, complete genome",,,,,,high,medium,none
F336,yes,contractile,Myoviridae,Campylobacter jejuni,197,Campylobacter jejuni,Gram negative,cell wall,O-methyl phosphoramidate moiety attached to the GalfNAc on the capsular polysaccharide (CPS),Capsular Polysaccharide,Glycan,Narrow,predicted-from-receptor,medium,capsule/K-antigen is strain/serotype specific -> narrow predicted,Sørensen et al. 2011,10.1128/JB.05276-11, ,Yes,yes,https://www.ncbi.nlm.nih.gov/nuccore/NZ_CP172364.1,NZ_CP172364.1,host genome (fallback),,yes,https://www.uniprot.org/uniprotkb/A0A7T3KD16,A0A7T3KD16,specific RBP,Receptor binding protein 1,PhReD,PhReD: The Phage Receptor Database (Bio-conversion Databank Foundation). https://phred.biodf.org,2026-07-10,no,,,host genome fallback: no gene symbol in receptor,,,Campylobacter jejuni,"Campylobacter jejuni strain YH021 chromosome, complete genome",Campylobacter phage F336,resolved,Bacteriophage F336 Recognizes the Capsular Phosphoramidate Modification of Campylobacter jejuni NCTC11168,corroborated,20 independent record(s) link F336 to capsular polysaccharide,high,medium,high
mEp043,yes,long non-contractile,Siphoviridae,Escherichia coli,562,Escherichia coli,Gram negative,cell wall,FhuA,Membrane Proteins,Protein,Broad,predicted-from-receptor,medium,conserved outer membrane protein receptor -> broad predicted,"Uc-Mass et al. 2004, Hernandez-Sanchez et al. 2008","10.1016/j.virol.2004.09.005 (Uc-Mass et al), 10.1007/s00705-008-0111-0 (Hernandez-Sanchez et al)", ,Yes,yes,https://www.ncbi.nlm.nih.gov/nuccore/M12486.1,M12486.1,specific gene,FhuA,yes,https://www.uniprot.org/uniprotkb/K7PK01,K7PK01,specific RBP,Tail fiber,PhReD,PhReD: The Phage Receptor Database (Bio-conversion Databank Foundation). https://phred.biodf.org,2026-07-10,no,,,specific receptor gene FhuA,,,Escherichia coli,"E.coli fhuA, fhuC and fhuD genes encoding the ferrichrome-iron receptor and two ferric aerobactin and ferric coprogen transport proteins, complete cds",Enterobacteria phage mEp043 c-1,,,,,high,high,high
S116,yes,long non-contractile,Siphoviridae,Salmonella enterica serovar Typhimurium,90371,Salmonella enterica subsp. enterica serovar Typhimurium,Gram negative,cell wall,"BtuB, vitamin B12 membrane transporter",Membrane Proteins,Protein,Broad,predicted-from-receptor,medium,conserved outer membrane protein receptor -> broad predicted,Gencay et al. 2019,10.1111/1462-2920.14597, ,Yes,yes,https://www.ncbi.nlm.nih.gov/nuccore/M89481.1,M89481.1,specific gene,BtuB,yes,https://www.uniprot.org/uniprotkb/A0A2Z5HL62,A0A2Z5HL62,specific RBP,Receptor-binding protein,PhReD,PhReD: The Phage Receptor Database (Bio-conversion Databank Foundation). https://phred.biodf.org,2026-07-10,no,,,specific receptor gene BtuB,,,Salmonella enterica subsp. enterica serovar Typhimurium,"Salmonella typhimurium vitamin B12 transport protein (btuB) gene, complete cds",Salmonella phage S116,,,,,high,high,high
φM19,yes,contractile,Myoviridae,Sinorhizobium meliloti,382,Sinorhizobium meliloti,Gram negative,cell wall,outer membrane porin RopA1,Membrane Proteins,Protein,Broad,predicted-from-receptor,medium,conserved outer membrane protein receptor -> broad predicted,Crook et al. 2013,10.1128/JB.00480-13, ,Yes,yes,https://www.ncbi.nlm.nih.gov/nuccore/NZ_CP021219.1,NZ_CP021219.1,host genome (fallback),,yes,https://www.uniprot.org/uniprotkb/A0A2P0VGA5,A0A2P0VGA5,specific RBP,Receptor binding protein,PhReD,PhReD: The Phage Receptor Database (Bio-conversion Databank Foundation). https://phred.biodf.org,2026-07-10,no,,,host genome fallback: gene(s) RopA1 not found,,,Sinorhizobium meliloti RU11/001,"Sinorhizobium meliloti RU11/001 chromosome, complete genome",Streptococcus phage M19,,,,,high,medium,high
φIF3,yes,contractile,Myoviridae,Serratia marcescens,615,Serratia marcescens,Gram negative,cell wall,O-antigen of LPS,LPS,Glycan,Narrow,predicted-from-receptor,medium,specific O-antigen/serotype -> narrow predicted,Petty et al. 2006,10.1099/mic.0.28712-0, ,Yes,yes,https://www.ncbi.nlm.nih.gov/nuccore/NZ_CP192733.1,NZ_CP192733.1,host genome (fallback),,no,,,none,,PhReD,PhReD: The Phage Receptor Database (Bio-conversion Databank Foundation). https://phred.biodf.org,2026-07-10,no,,,host genome fallback: no gene symbol in receptor,phage not found in UniProt,,Serratia marcescens,"Serratia marcescens strain CH31 chromosome, complete genome",,,,,,high,medium,none
Ike,no,none (filamentous),Inoviridae,Escherichia coli,562,Escherichia coli,Gram negative,pili,N pili,Pili,Protein,Undetermined,insufficient-data,none,Pili host range is context-dependent; no empirical data in source,Bradley et al. 1983,10.1128/jb.154.1.505-507.1983, ,Yes,yes,https://www.ncbi.nlm.nih.gov/nuccore/NZ_CP187781.1,NZ_CP187781.1,host genome (fallback),,yes,https://www.uniprot.org/uniprotkb/P03663,P03663,specific RBP,Attachment protein G3P,PhReD,PhReD: The Phage Receptor Database (Bio-conversion Databank Foundation). https://phred.biodf.org,2026-07-10,no,,,host genome fallback: no gene symbol in receptor,,,Escherichia coli,"Escherichia coli strain 097H6 chromosome, complete genome",Salmonella phage IKe,,,,,high,medium,high
KPP22,yes,contractile,Myoviridae,Pseudomonas aeruginosa,287,Pseudomonas aeruginosa,Gram negative,cell wall,O5 antigen of LPS,LPS,Glycan,Narrow,predicted-from-receptor,low,O-antigen LPS generally serotype-specific -> narrow predicted (weak),Uchiyama et al. 2016,10.1128/AEM.00090-16, ,Yes,yes,https://www.ncbi.nlm.nih.gov/nuccore/NZ_OZ484744.1,NZ_OZ484744.1,host genome (fallback),,no,,,none,,PhReD,PhReD: The Phage Receptor Database (Bio-conversion Databank Foundation). https://phred.biodf.org,2026-07-10,no,,,host genome fallback: no gene symbol in receptor,phage present in UniProt but no tail/RBP protein annotated,,Pseudomonas aeruginosa,"Pseudomonas aeruginosa strain PA3 isolate PA3 chromosome 1, complete sequence",,,,,,high,medium,none
F387,yes,contractile,Myoviridae,Campylobacter jejuni,197,Campylobacter jejuni,Gram negative,flagella,rotating flagella,Flagella,Protein,Undetermined,insufficient-data,none,Flagella host range is context-dependent; no empirical data in source,Sørensen et al. 2015,10.1371/journal.pone.0116287, ,Yes,yes,https://www.ncbi.nlm.nih.gov/nuccore/NZ_CP172364.1,NZ_CP172364.1,host genome (fallback),,no,,,none,,PhReD,PhReD: The Phage Receptor Database (Bio-conversion Databank Foundation). https://phred.biodf.org,2026-07-10,no,,,host genome fallback: no gene symbol in receptor,phage not found in UniProt,,Campylobacter jejuni,"Campylobacter jejuni strain YH021 chromosome, complete genome",,,,,,high,medium,none
fPS-64,yes,short,Podoviridae,Yersinia enterocolitica,630,Yersinia enterocolitica,Gram negative,cell wall,LPS O antigen,LPS,Glycan,Narrow,predicted-from-receptor,medium,specific O-antigen/serotype -> narrow predicted,Salem et al. 2018,10.3390/v10040174, ,Yes,yes,https://www.ncbi.nlm.nih.gov/nuccore/NZ_CP139458.1,NZ_CP139458.1,host genome (fallback),,no,,,none,,PhReD,PhReD: The Phage Receptor Database (Bio-conversion Databank Foundation). https://phred.biodf.org,2026-07-10,no,,,host genome fallback: no gene symbol in receptor,phage not found in UniProt,,Yersinia enterocolitica,"Yersinia enterocolitica strain Y40 chromosome, complete genome",,,,,,high,medium,none
SPN4B,yes,short,Podoviridae,Salmonella enterica serovar Typhimurium,90371,Salmonella enterica subsp. enterica serovar Typhimurium,Gram negative,cell wall,LPS O antigen,LPS,Glycan,Narrow,predicted-from-receptor,medium,specific O-antigen/serotype -> narrow predicted,Shin et al. 2012,10.1371/journal.pone.0043392, ,Yes,yes,https://www.ncbi.nlm.nih.gov/nuccore/NZ_CP104816.1,NZ_CP104816.1,host genome (fallback),,no,,,none,,PhReD,PhReD: The Phage Receptor Database (Bio-conversion Databank Foundation). https://phred.biodf.org,2026-07-10,no,,,host genome fallback: no gene symbol in receptor,phage not found in UniProt,,Salmonella enterica subsp. enterica serovar Typhimurium,"Salmonella enterica subsp. enterica serovar Typhimurium strain STMC125 chromosome, complete genome",,,,,,high,medium,none
K3,yes,contractile,Myoviridae,Escherichia coli,562,Escherichia coli,Gram negative,cell wall,Protein d or 3A (OmpA) with LPS ,Membrane Proteins,Protein,Broad,predicted-from-receptor,medium,conserved outer membrane protein receptor -> broad predicted,Skurray et al. 1974; Manning and Reeves 1976; Van Alphen et al. 1977,"10.1128/jb.119.3.726-735.1974 (Skurray et al), 10.1128/jb.127.3.1070-1079.1976 (Manning and Reeves), 10.1016/0014-5793(77)80104-x (Van Alphen)", ,Yes,yes,https://www.ncbi.nlm.nih.gov/nuccore/EU183344.1,EU183344.1,specific gene,OmpA,yes,https://www.uniprot.org/uniprotkb/Q38394,Q38394,specific RBP,Long tail fiber protein Gp37,PhReD,PhReD: The Phage Receptor Database (Bio-conversion Databank Foundation). https://phred.biodf.org,2026-07-10,yes,low-confidence domain assignment,"multi-domain unresolved, took first-mentioned; all: LPS, Membrane Proteins",specific receptor gene OmpA,name collision resolved by host; other candidates: Klebsiella phage GH-K3,,Escherichia coli,"Escherichia coli strain SYW048 outer membrane protein A (ompA) gene, ompA-2 allele, partial cds",Enterobacteria phage K3,resolved,"Con
            <sup>−</sup>
            Mutants: Class of Mutants in
            <i>Escherichia coli</i>
            K-12 Lacking a Major Cell Wall Protein and Defective in Conjugation and Adsorption of a Bacteriophage",corroborated,169 independent record(s) link K3 to OmpA,low,high,high
OWB,yes,short,Podoviridae,Vibrio parahaemolyticus,670,Vibrio parahaemolyticus,Gram negative,cell wall,Vp0980,N/A,,Undetermined,insufficient-data,none,receptor does not support a host-range prediction,Hu et al. 2020,10.1080/22221751.2020.1754134, ,Yes,yes,https://www.ncbi.nlm.nih.gov/nuccore/NZ_CP150876.1,NZ_CP150876.1,host genome (fallback),,no,,,none,,PhReD,PhReD: The Phage Receptor Database (Bio-conversion Databank Foundation). https://phred.biodf.org,2026-07-10,no,,receptor does not fit any defined domain,host genome fallback: no gene symbol in receptor,phage not found in UniProt,,Vibrio parahaemolyticus,"Vibrio parahaemolyticus strain NJIFDCVp17 chromosome 1, complete sequence",,,,,,none,medium,none
ϕJA 1,yes,contractile,Myoviridae,Yersinia pestis,632,Yersinia pestis,Gram negative,cell wall,LPS inner and outer core and Kdo/Ko residues of LPS,LPS,Glycan,Broad,predicted-from-receptor,low,conserved LPS core -> broad predicted,Filippov et al. 2011,10.1371/journal.pone.0025486, ,Yes,yes,https://www.ncbi.nlm.nih.gov/nuccore/NZ_CP033699.1,NZ_CP033699.1,host genome (fallback),,no,,,none,,PhReD,PhReD: The Phage Receptor Database (Bio-conversion Databank Foundation). https://phred.biodf.org,2026-07-10,no,,,host genome fallback: no gene symbol in receptor,phage present in UniProt but no tail/RBP protein annotated,,Yersinia pestis,"Yersinia pestis strain FDAARGOS_601 chromosome, complete genome",,,,,,high,medium,none
S120,yes,long non-contractile,Siphoviridae,Salmonella enterica serovar Typhimurium,90371,Salmonella enterica subsp. enterica serovar Typhimurium,Gram negative,cell wall,O-antigen,LPS,Glycan,Narrow,predicted-from-receptor,medium,specific O-antigen/serotype -> narrow predicted,Gencay et al. 2019,10.1111/1462-2920.14597, ,Yes,yes,https://www.ncbi.nlm.nih.gov/nuccore/NZ_CP104816.1,NZ_CP104816.1,host genome (fallback),,no,,,none,,PhReD,PhReD: The Phage Receptor Database (Bio-conversion Databank Foundation). https://phred.biodf.org,2026-07-10,no,,,host genome fallback: no gene symbol in receptor,phage not found in UniProt,,Salmonella enterica subsp. enterica serovar Typhimurium,"Salmonella enterica subsp. enterica serovar Typhimurium strain STMC125 chromosome, complete genome",,,,,,high,medium,none
P475,yes,long non-contractile,Siphoviridae,Lactococcus lactis,1358,Lactococcus lactis,Gram positive,cell wall,cell wall polysaccharides,N/A,,Undetermined,insufficient-data,none,receptor does not support a host-range prediction,Mahony et al. 2013,10.1128/AEM.00653-13, ,Yes,yes,https://www.ncbi.nlm.nih.gov/nuccore/NZ_CP184687.1,NZ_CP184687.1,host genome (fallback),,yes,https://www.uniprot.org/uniprotkb/Q71AV6,Q71AV6,specific RBP,Putative receptor binding protein,PhReD,PhReD: The Phage Receptor Database (Bio-conversion Databank Foundation). https://phred.biodf.org,2026-07-10,no,,receptor does not fit any defined domain,host genome fallback: no gene symbol in receptor,,,Lactococcus lactis,Lactococcus lactis strain L81 chromosome,Lactococcus lactis phage P475,,,,,none,medium,high
F198,yes,contractile,Myoviridae,Campylobacter jejuni,197,Campylobacter jejuni,Gram negative,cell wall,MeOPN modification of GalfNAc of capsular polysaccharides,Capsular Polysaccharide,Glycan,Narrow,predicted-from-receptor,medium,capsule/K-antigen is strain/serotype specific -> narrow predicted,Gencay et al. 2018,10.3389/fmicb.2018.00082, ,Yes,yes,https://www.ncbi.nlm.nih.gov/nuccore/NZ_CP172364.1,NZ_CP172364.1,host genome (fallback),,no,,,none,,PhReD,PhReD: The Phage Receptor Database (Bio-conversion Databank Foundation). https://phred.biodf.org,2026-07-10,no,,,host genome fallback: no gene symbol in receptor,phage not found in UniProt,,Campylobacter jejuni,"Campylobacter jejuni strain YH021 chromosome, complete genome",,,,,,high,medium,none
DT57C,yes,long non-contractile,Siphoviridae,Escherichia coli,562,Escherichia coli,Gram negative,cell wall,protein BtuB and O-polysaccharide (OPS),Membrane Proteins,Protein,Broad,predicted-from-receptor,medium,conserved outer membrane protein receptor -> broad predicted,Golomidova et al. 2015,10.3390/v8010026, ,Yes,yes,https://www.ncbi.nlm.nih.gov/nuccore/M57568.1,M57568.1,specific gene,BtuB,yes,https://www.uniprot.org/uniprotkb/A0A0A7RZA8,A0A0A7RZA8,specific RBP,Receptor binding protein,PhReD,PhReD: The Phage Receptor Database (Bio-conversion Databank Foundation). https://phred.biodf.org,2026-07-10,yes,low-confidence domain assignment,"multi-domain unresolved, took first-mentioned; all: LPS, Membrane Proteins",specific receptor gene BtuB,,,Escherichia coli,"Escherichia coli vitamin B-12 binding protein (btuB) gene, partial cds; and m-5-U54 transfer RNA methyltransferase (trmA) gene, complete cds",Escherichia phage DT57C,resolved,Branched Lateral Tail Fiber Organization in T5-Like Bacteriophages DT57C and DT571/2 is Revealed by Genetic and Functional Analysis,corroborated,13 independent record(s) link DT57C to BtuB,low,high,high
B6,yes,short,Podoviridae,Acinetobacter baumannii,470,Acinetobacter baumannii,Gram negative,cell wall,capsular polysaccharides,Capsular Polysaccharide,Glycan,Narrow,predicted-from-receptor,medium,capsule/K-antigen is strain/serotype specific -> narrow predicted,Oliveira et al. 2017,10.1111/1462-2920.13970, ,Yes,yes,https://www.ncbi.nlm.nih.gov/nuccore/NZ_CP156044.1,NZ_CP156044.1,host genome (fallback),,no,,,none,,PhReD,PhReD: The Phage Receptor Database (Bio-conversion Databank Foundation). https://phred.biodf.org,2026-07-10,no,,,host genome fallback: no gene symbol in receptor,phage present in UniProt but no tail/RBP protein annotated,,Acinetobacter baumannii,"Acinetobacter baumannii strain D13 chromosome, complete genome",,,,,,high,medium,none
Gifsy-2,yes,long non-contractile,Siphoviridae,Salmonella enterica serovar Typhimurium,90371,Salmonella enterica subsp. enterica serovar Typhimurium,Gram negative,cell wall,OmpC,Membrane Proteins,Protein,Broad,predicted-from-receptor,medium,conserved outer membrane protein receptor -> broad predicted,Ho and Slauch 2001,10.1128/JB.183.4.1495–1498.2001, ,Yes,yes,https://www.ncbi.nlm.nih.gov/nuccore/KY421795.1,KY421795.1,specific gene,OmpC,no,,,none,,PhReD,PhReD: The Phage Receptor Database (Bio-conversion Databank Foundation). https://phred.biodf.org,2026-07-10,no,,,specific receptor gene OmpC,phage present in UniProt but no tail/RBP protein annotated,,Salmonella enterica subsp. enterica serovar Typhimurium,"Salmonella enterica subsp. enterica serovar Typhimurium strain E-2375 outer membrane protein C (ompC) gene, complete cds",,,,,,high,high,none
MP22,yes,long non-contractile,Siphoviridae,Pseudomonas aeruginosa,287,Pseudomonas aeruginosa,Gram negative,pili,PilA of type IV pilus,Pili,Protein,Undetermined,insufficient-data,none,Pili host range is context-dependent; no empirical data in source,Heo et al. 2007,10.1099/mic.0.2007/007260-0, ,Yes,yes,https://www.ncbi.nlm.nih.gov/nuccore/AF331072.1,AF331072.1,specific gene,PilA,yes,https://www.uniprot.org/uniprotkb/A7Y8R6,A7Y8R6,specific RBP,Tip attachment protein J domain-containing protein,PhReD,PhReD: The Phage Receptor Database (Bio-conversion Databank Foundation). https://phred.biodf.org,2026-07-10,no,,,specific receptor gene PilA,,,Pseudomonas aeruginosa,"Pseudomonas aeruginosa strain SBI-N PilA (pilA) gene, complete cds; and PilO (pilO) gene, partial cds",Pseudomonas phage MP22,,,,,high,high,high
SPN19,yes,long non-contractile,Siphoviridae,Salmonella enterica serovar Typhimurium,90371,Salmonella enterica subsp. enterica serovar Typhimurium,Gram negative,flagella,FliC or FljB,Flagella,Protein,Undetermined,insufficient-data,none,Flagella host range is context-dependent; no empirical data in source,Shin et al. 2012,10.1371/journal.pone.0043392, ,Yes,yes,https://www.ncbi.nlm.nih.gov/nuccore/JN587177.1,JN587177.1,specific gene,FliC,yes,https://www.uniprot.org/uniprotkb/K4F848,K4F848,specific RBP,Tail fiber protein,PhReD,PhReD: The Phage Receptor Database (Bio-conversion Databank Foundation). https://phred.biodf.org,2026-07-10,no,,,specific receptor gene FliC,,,Salmonella enterica subsp. enterica serovar Typhimurium,"Salmonella enterica subsp. enterica serovar Typhimurium strain SJW23 flagellin type 1 (fliC) gene, complete cds",Salmonella phage SPN19,,,,,high,high,high
fPS-85,yes,short,Podoviridae,Yersinia enterocolitica,630,Yersinia enterocolitica,Gram negative,cell wall,LPS outer core,LPS,Glycan,Broad,predicted-from-receptor,low,conserved LPS core -> broad predicted,Salem et al. 2018,10.3390/v10040174, ,Yes,yes,https://www.ncbi.nlm.nih.gov/nuccore/NZ_CP139458.1,NZ_CP139458.1,host genome (fallback),,no,,,none,,PhReD,PhReD: The Phage Receptor Database (Bio-conversion Databank Foundation). https://phred.biodf.org,2026-07-10,no,,,host genome fallback: no gene symbol in receptor,phage not found in UniProt,,Yersinia enterocolitica,"Yersinia enterocolitica strain Y40 chromosome, complete genome",,,,,,high,medium,none
fPS-59,yes,short,Podoviridae,Yersinia enterocolitica,630,Yersinia enterocolitica,Gram negative,cell wall,LPS O antigen,LPS,Glycan,Narrow,predicted-from-receptor,medium,specific O-antigen/serotype -> narrow predicted,Salem et al. 2018,10.3390/v10040174, ,Yes,yes,https://www.ncbi.nlm.nih.gov/nuccore/NZ_CP139458.1,NZ_CP139458.1,host genome (fallback),,yes,https://www.uniprot.org/uniprotkb/A0A2D0PEC5,A0A2D0PEC5,specific RBP,Phage tail fibers,PhReD,PhReD: The Phage Receptor Database (Bio-conversion Databank Foundation). https://phred.biodf.org,2026-07-10,no,,,host genome fallback: no gene symbol in receptor,,,Yersinia enterocolitica,"Yersinia enterocolitica strain Y40 chromosome, complete genome",Yersinia phage fPS-59,,,,,high,medium,high
fPS-90,yes,contractile,Myoviridae,Yersinia pesudotuberculosis,633,Yersinia pseudotuberculosis,Gram negative,cell wall,OmpF and LPS outer core oligosaccharides,Membrane Proteins,Protein,Broad,predicted-from-receptor,medium,conserved outer membrane protein receptor -> broad predicted,Salem et al. 2021,10.3390/v13020296, ,Yes,yes,https://www.ncbi.nlm.nih.gov/nuccore/AY855840.1,AY855840.1,specific gene,OmpF,yes,https://www.uniprot.org/uniprotkb/A0A449C408,A0A449C408,specific RBP,Long tail fiber protein Gp37,PhReD,PhReD: The Phage Receptor Database (Bio-conversion Databank Foundation). https://phred.biodf.org,2026-07-10,yes,low-confidence domain assignment,"multi-domain unresolved, took first-mentioned; all: LPS, Membrane Proteins",specific receptor gene OmpF,,PhReD spelling corrected for lookup: Yersinia pesudotuberculosis,Yersinia pseudotuberculosis,"Yersinia pseudotuberculosis OmpF precursor, gene, partial cds",Yersinia phage fPS-90,resolved,T4-like Bacteriophages Isolated from Pig Stools Infect Yersinia pseudotuberculosis and Yersinia pestis Using LPS and OmpF as Receptors,corroborated,5 independent record(s) link fPS-90 to OmpF,low,high,high
φM14,yes,contractile,Myoviridae,Sinorhizobium meliloti,382,Sinorhizobium meliloti,Gram negative,cell wall,lipopolysaccharide core residues,LPS,Glycan,Broad,predicted-from-receptor,low,conserved LPS core -> broad predicted,Crook et al. 2013,10.1128/JB.00480-13, ,Yes,yes,https://www.ncbi.nlm.nih.gov/nuccore/NZ_CP021219.1,NZ_CP021219.1,host genome (fallback),,no,,,none,,PhReD,PhReD: The Phage Receptor Database (Bio-conversion Databank Foundation). https://phred.biodf.org,2026-07-10,no,,,host genome fallback: no gene symbol in receptor,phage present in UniProt but no tail/RBP protein annotated,,Sinorhizobium meliloti RU11/001,"Sinorhizobium meliloti RU11/001 chromosome, complete genome",,,,,,high,medium,none
B40-8,yes,long non-contractile,Siphoviridae,Bacteriodes fragilis,817,Bacteroides fragilis,Gram negative,cell wall,BactA and BactB,N/A,,Undetermined,insufficient-data,none,receptor does not support a host-range prediction,Puig et al. 2001,10.1099/00221287-147-2-281, ,Yes,yes,https://www.ncbi.nlm.nih.gov/nuccore/NZ_CP196750.1,NZ_CP196750.1,host genome (fallback),,no,,,none,,PhReD,PhReD: The Phage Receptor Database (Bio-conversion Databank Foundation). https://phred.biodf.org,2026-07-10,no,,receptor does not fit any defined domain,host genome fallback: no gene symbol in receptor,phage not found in UniProt,PhReD spelling corrected for lookup: Bacteriodes fragilis,Bacteroides fragilis,"Bacteroides fragilis strain SLAM_BAF01 chromosome, complete genome",,,,,,none,medium,none
Iα,no,"none (icosahedral, ssRNA)",Leviviridae,Escherichia coli,562,Escherichia coli,Gram negative,pili,I pili,Pili,Protein,Undetermined,insufficient-data,none,Pili host range is context-dependent; no empirical data in source,Coetzee et al. 1982,10.1099/00221287-128-11-2797, ,Yes,yes,https://www.ncbi.nlm.nih.gov/nuccore/NZ_CP187781.1,NZ_CP187781.1,host genome (fallback),,no,,,none,,PhReD,PhReD: The Phage Receptor Database (Bio-conversion Databank Foundation). https://phred.biodf.org,2026-07-10,no,,,host genome fallback: no gene symbol in receptor,phage present in UniProt but no tail/RBP protein annotated,,Escherichia coli,"Escherichia coli strain 097H6 chromosome, complete genome",,,,,,high,medium,none
LeviOr01,no,"none (icosahedral, ssRNA)",Leviviridae,Pseudomonas aeruginosa,287,Pseudomonas aeruginosa,Gram negative,pili,type IV pilus,Pili,Protein,Undetermined,insufficient-data,none,Pili host range is context-dependent; no empirical data in source,Porcel et al. 2017,10.1099/jgv.0.000883, ,Yes,yes,https://www.ncbi.nlm.nih.gov/nuccore/NZ_OZ484744.1,NZ_OZ484744.1,host genome (fallback),,no,,,none,,PhReD,PhReD: The Phage Receptor Database (Bio-conversion Databank Foundation). https://phred.biodf.org,2026-07-10,no,,,host genome fallback: no gene symbol in receptor,phage not found in UniProt,,Pseudomonas aeruginosa,"Pseudomonas aeruginosa strain PA3 isolate PA3 chromosome 1, complete sequence",,,,,,high,medium,none
M6165,yes,long non-contractile,Siphoviridae,Lactococcus lactis,1358,Lactococcus lactis,Gram positive,cell wall,YjaE,N/A,,Undetermined,insufficient-data,none,receptor does not support a host-range prediction,Millen et al. 2020,10.1099/jgv.0.000499, ,Yes,yes,https://www.ncbi.nlm.nih.gov/nuccore/NZ_CP184687.1,NZ_CP184687.1,host genome (fallback),,no,,,none,,PhReD,PhReD: The Phage Receptor Database (Bio-conversion Databank Foundation). https://phred.biodf.org,2026-07-10,no,,receptor does not fit any defined domain,host genome fallback: gene(s) YjaE not found,phage not found in UniProt,,Lactococcus lactis,Lactococcus lactis strain L81 chromosome,,,,,,none,medium,none
fPS-52,yes,short,Podoviridae,Yersinia enterocolitica,630,Yersinia enterocolitica,Gram negative,cell wall,LPS O antigen,LPS,Glycan,Narrow,predicted-from-receptor,medium,specific O-antigen/serotype -> narrow predicted,Salem et al. 2018,10.3390/v10040174, ,Yes,yes,https://www.ncbi.nlm.nih.gov/nuccore/NZ_CP139458.1,NZ_CP139458.1,host genome (fallback),,no,,,none,,PhReD,PhReD: The Phage Receptor Database (Bio-conversion Databank Foundation). https://phred.biodf.org,2026-07-10,no,,,host genome fallback: no gene symbol in receptor,phage not found in UniProt,,Yersinia enterocolitica,"Yersinia enterocolitica strain Y40 chromosome, complete genome",,,,,,high,medium,none
φR1-RT,yes,contractile,Myoviridae,Yersinia enterocolitica,630,Yersinia enterocolitica,Gram negative,cell wall,Protein OmpF and LPS inner core heptose residues,Membrane Proteins,Protein,Broad,predicted-from-receptor,medium,conserved outer membrane protein receptor -> broad predicted,Leon-Velarde et al. 2016,10.1128/AEM.01594-16, ,Yes,yes,https://www.ncbi.nlm.nih.gov/nuccore/NZ_CP139458.1,NZ_CP139458.1,host genome (fallback),,yes,https://www.uniprot.org/uniprotkb/I7LES1,I7LES1,specific RBP,Tail fiber protein Gp35,PhReD,PhReD: The Phage Receptor Database (Bio-conversion Databank Foundation). https://phred.biodf.org,2026-07-10,yes,low-confidence domain assignment,"multi-domain unresolved, took first-mentioned; all: LPS, Membrane Proteins",host genome fallback: gene(s) OmpF not found,,,Yersinia enterocolitica,"Yersinia enterocolitica strain Y40 chromosome, complete genome",Yersinia phage phiR1-RT,resolved,Yersinia enterocolitica-Specific Infection by Bacteriophages TG1 and ϕR1-RT Is Dependent on Temperature-Regulated Expression of the Phage Host Receptor OmpF,corroborated,4 independent record(s) link φR1-RT to OmpF,low,medium,high
B4,yes,short,Podoviridae,Acinetobacter baumannii,470,Acinetobacter baumannii,Gram negative,cell wall,capsular polysaccharides,Capsular Polysaccharide,Glycan,Narrow,predicted-from-receptor,medium,capsule/K-antigen is strain/serotype specific -> narrow predicted,Oliveira et al. 2017,10.1111/1462-2920.13970, ,Yes,yes,https://www.ncbi.nlm.nih.gov/nuccore/NZ_CP156044.1,NZ_CP156044.1,host genome (fallback),,yes,https://www.uniprot.org/uniprotkb/J9PVK4,J9PVK4,specific RBP,Putative tail fiber,PhReD,PhReD: The Phage Receptor Database (Bio-conversion Databank Foundation). https://phred.biodf.org,2026-07-10,no,,,host genome fallback: no gene symbol in receptor,,,Acinetobacter baumannii,"Acinetobacter baumannii strain D13 chromosome, complete genome",Bacillus phage B4,,,,,high,medium,high
Phage A1,yes,short,Podoviridae,Mesorhizobium loti,381,Mesorhizobium loti,Gram negative,cell wall,LPS,LPS,Glycan,Narrow,predicted-from-receptor,low,O-antigen LPS generally serotype-specific -> narrow predicted (weak),Turska-Szewczuk and Russa 2000,10.1007/s002849910067, ,Yes,yes,https://www.ncbi.nlm.nih.gov/nuccore/NZ_CP033367.1,NZ_CP033367.1,host genome (fallback),,no,,,none,,PhReD,PhReD: The Phage Receptor Database (Bio-conversion Databank Foundation). https://phred.biodf.org,2026-07-10,no,,,host genome fallback: no gene symbol in receptor,phage not found in UniProt,,Mesorhizobium loti R88b,"Mesorhizobium loti R88b chromosome, complete genome",,,,,,high,medium,none
mEp390,yes,long non-contractile,Siphoviridae,Escherichia coli,562,Escherichia coli,Gram negative,cell wall,FhuA,Membrane Proteins,Protein,Broad,predicted-from-receptor,medium,conserved outer membrane protein receptor -> broad predicted,"Uc-Mass et al. 2004, Hernandez-Sanchez et al. 2008","10.1016/j.virol.2004.09.005 (Uc-Mass et al), 10.1007/s00705-008-0111-0 (Hernandez-Sanchez et al)", ,Yes,yes,https://www.ncbi.nlm.nih.gov/nuccore/M12486.1,M12486.1,specific gene,FhuA,no,,,none,,PhReD,PhReD: The Phage Receptor Database (Bio-conversion Databank Foundation). https://phred.biodf.org,2026-07-10,no,,,specific receptor gene FhuA,phage not found in UniProt,,Escherichia coli,"E.coli fhuA, fhuC and fhuD genes encoding the ferrichrome-iron receptor and two ferric aerobactin and ferric coprogen transport proteins, complete cds",,,,,,high,high,none
F303,yes,contractile,Myoviridae,Campylobacter jejuni,197,Campylobacter jejuni,Gram negative,cell wall,MeOPN modification of GalfNAc of capsular polysaccharides,Capsular Polysaccharide,Glycan,Narrow,predicted-from-receptor,medium,capsule/K-antigen is strain/serotype specific -> narrow predicted,Gencay et al. 2018,10.3389/fmicb.2018.00082, ,Yes,yes,https://www.ncbi.nlm.nih.gov/nuccore/NZ_CP172364.1,NZ_CP172364.1,host genome (fallback),,no,,,none,,PhReD,PhReD: The Phage Receptor Database (Bio-conversion Databank Foundation). https://phred.biodf.org,2026-07-10,no,,,host genome fallback: no gene symbol in receptor,phage not found in UniProt,,Campylobacter jejuni,"Campylobacter jejuni strain YH021 chromosome, complete genome",,,,,,high,medium,none
mEp416,yes,long non-contractile,Siphoviridae,Escherichia coli,562,Escherichia coli,Gram negative,cell wall,FhuA,Membrane Proteins,Protein,Broad,predicted-from-receptor,medium,conserved outer membrane protein receptor -> broad predicted,"Uc-Mass et al. 2004, Hernandez-Sanchez et al. 2008","10.1016/j.virol.2004.09.005 (Uc-Mass et al), 10.1007/s00705-008-0111-0 (Hernandez-Sanchez et al)", ,Yes,yes,https://www.ncbi.nlm.nih.gov/nuccore/M12486.1,M12486.1,specific gene,FhuA,no,,,none,,PhReD,PhReD: The Phage Receptor Database (Bio-conversion Databank Foundation). https://phred.biodf.org,2026-07-10,no,,,specific receptor gene FhuA,phage not found in UniProt,,Escherichia coli,"E.coli fhuA, fhuC and fhuD genes encoding the ferrichrome-iron receptor and two ferric aerobactin and ferric coprogen transport proteins, complete cds",,,,,,high,high,none
Mu G(-) (alternate host),yes,contractile,Myoviridae,Escherichia coli,562,Escherichia coli,Gram negative,cell wall,"Terminal glucose with a βl,3 glycosidic linkage",N/A,,Undetermined,insufficient-data,none,receptor does not support a host-range prediction,Sandulache et al. 1984,10.1128/jb.160.1.299-303.1984, ,Yes,yes,https://www.ncbi.nlm.nih.gov/nuccore/NZ_CP187781.1,NZ_CP187781.1,host genome (fallback),,no,,,none,,PhReD,PhReD: The Phage Receptor Database (Bio-conversion Databank Foundation). https://phred.biodf.org,2026-07-10,no,,receptor does not fit any defined domain,host genome fallback: no gene symbol in receptor,phage not found in UniProt,,Escherichia coli,"Escherichia coli strain 097H6 chromosome, complete genome",,,,,,none,medium,none
χ,yes,long non-contractile,Siphoviridae,Escherichia coli,562,Escherichia coli,Gram negative,flagella,"loose association with flagella filament, secondary attachment to base of flagella",Flagella,Protein,Undetermined,insufficient-data,none,Flagella host range is context-dependent; no empirical data in source,Schade et al. 1967,10.1128/jvi.1.3.599-609.1967, ,Yes,yes,https://www.ncbi.nlm.nih.gov/nuccore/NZ_CP187781.1,NZ_CP187781.1,host genome (fallback),,no,,,none,,PhReD,PhReD: The Phage Receptor Database (Bio-conversion Databank Foundation). https://phred.biodf.org,2026-07-10,no,,,host genome fallback: no gene symbol in receptor,phage present in UniProt but no tail/RBP protein annotated,,Escherichia coli,"Escherichia coli strain 097H6 chromosome, complete genome",,,,,,high,medium,none
D4412,yes,long non-contractile,Siphoviridae,Lactococcus lactis,1358,Lactococcus lactis,Gram positive,cell wall,Pip,Membrane Proteins,Protein,Broad,predicted-from-receptor,medium,conserved outer membrane protein receptor -> broad predicted,Millen et al. 2016,10.1099/jgv.0.000499, ,Yes,yes,https://www.ncbi.nlm.nih.gov/nuccore/NZ_CP184687.1,NZ_CP184687.1,host genome (fallback),,yes,https://www.uniprot.org/uniprotkb/A0A192YAK7,A0A192YAK7,specific RBP,Tail fibers protein,PhReD,PhReD: The Phage Receptor Database (Bio-conversion Databank Foundation). https://phred.biodf.org,2026-07-10,yes,receptor text does not support domain 'Membrane Proteins',,host genome fallback: no gene symbol in receptor,,,Lactococcus lactis,Lactococcus lactis strain L81 chromosome,Lactococcus phage D4412,resolved,Genetic determinants of lactococcal C2viruses for host infection and their role in phage evolution,uncorroborated,"D4412 appears in 3 record(s), but none co-mention 'Membrane Proteins'",high,medium,high
M6653,yes,long non-contractile,Siphoviridae,Lactococcus lactis,1358,Lactococcus lactis,Gram positive,cell wall,YjaE,N/A,,Undetermined,insufficient-data,none,receptor does not support a host-range prediction,Millen et al. 2022,10.1099/jgv.0.000499, ,Yes,yes,https://www.ncbi.nlm.nih.gov/nuccore/NZ_CP184687.1,NZ_CP184687.1,host genome (fallback),,no,,,none,,PhReD,PhReD: The Phage Receptor Database (Bio-conversion Databank Foundation). https://phred.biodf.org,2026-07-10,no,,receptor does not fit any defined domain,host genome fallback: gene(s) YjaE not found,phage not found in UniProt,,Lactococcus lactis,Lactococcus lactis strain L81 chromosome,,,,,,none,medium,none
F375,yes,contractile,Myoviridae,Campylobacter jejuni,197,Campylobacter jejuni,Gram negative,cell wall,capsular polysaccharides,Capsular Polysaccharide,Glycan,Narrow,predicted-from-receptor,medium,capsule/K-antigen is strain/serotype specific -> narrow predicted,Sørensen et al. 2015,10.1371/journal.pone.0116287, ,Yes,yes,https://www.ncbi.nlm.nih.gov/nuccore/NZ_CP172364.1,NZ_CP172364.1,host genome (fallback),,no,,,none,,PhReD,PhReD: The Phage Receptor Database (Bio-conversion Databank Foundation). https://phred.biodf.org,2026-07-10,no,,,host genome fallback: no gene symbol in receptor,phage not found in UniProt,,Campylobacter jejuni,"Campylobacter jejuni strain YH021 chromosome, complete genome",,,,,,high,medium,none
Ff,no,none (filamentous),Inoviridae,Escherichia coli,562,Escherichia coli,Gram negative,Pilum and mating pair formation structure,Tip of the F pilus followed by TolQRA complex in membrane after pilus retraction,Pili,Protein,Undetermined,insufficient-data,none,Pili host range is context-dependent; no empirical data in source,Loeb 1960; Caro and Schnos 1966; Russel et al. 1988; Click and Webster 1998,"10.1126/science.131.3404.932 (Loeb), 10.1073/pnas.56.1.126 (Caro and Schnos), 10.1128/jb.170.11.5312-5316.1988 (Russel et al), 10.1128/jb.180.7.1723-1728.1998 (Click and Webster)", ,Yes,yes,https://www.ncbi.nlm.nih.gov/nuccore/NZ_CP187781.1,NZ_CP187781.1,host genome (fallback),,no,,,none,,PhReD,PhReD: The Phage Receptor Database (Bio-conversion Databank Foundation). https://phred.biodf.org,2026-07-10,yes,low-confidence domain assignment,"multi-domain unresolved, took first-mentioned; all: Membrane Proteins, Pili",host genome fallback: no gene symbol in receptor,phage present in UniProt but no tail/RBP protein annotated,,Escherichia coli,"Escherichia coli strain 097H6 chromosome, complete genome",,resolved,"Isolation of a Bacteriophage Specific for the F+ and Hfr Mating Types of
            <i>Escherichia coli</i>
            K-12",corroborated,307 independent record(s) link Ff to pilus,low,medium,none
F116,yes,short,Podoviridae,Pseudomonas aeruginosa,287,Pseudomonas aeruginosa,Gram negative,pili,pili,Pili,Protein,Undetermined,insufficient-data,none,Pili host range is context-dependent; no empirical data in source,Pemberton 1973,10.1016/0042-6822(73)90203-1, ,Yes,yes,https://www.ncbi.nlm.nih.gov/nuccore/NZ_OZ484744.1,NZ_OZ484744.1,host genome (fallback),,yes,https://www.uniprot.org/uniprotkb/Q5QF65,Q5QF65,specific RBP,Tail fiber protein,PhReD,PhReD: The Phage Receptor Database (Bio-conversion Databank Foundation). https://phred.biodf.org,2026-07-10,no,,,host genome fallback: no gene symbol in receptor,,,Pseudomonas aeruginosa,"Pseudomonas aeruginosa strain PA3 isolate PA3 chromosome 1, complete sequence",Pseudomonas phage F116,,,,,high,medium,high
S149,yes,short,Podoviridae,Salmonella enterica serovar Typhimurium,90371,Salmonella enterica subsp. enterica serovar Typhimurium,Gram negative,cell wall,O-antigen,LPS,Glycan,Narrow,predicted-from-receptor,medium,specific O-antigen/serotype -> narrow predicted,Gencay et al. 2019,10.1111/1462-2920.14597, ,Yes,yes,https://www.ncbi.nlm.nih.gov/nuccore/NZ_CP104816.1,NZ_CP104816.1,host genome (fallback),,no,,,none,,PhReD,PhReD: The Phage Receptor Database (Bio-conversion Databank Foundation). https://phred.biodf.org,2026-07-10,no,,,host genome fallback: no gene symbol in receptor,phage not found in UniProt,,Salmonella enterica subsp. enterica serovar Typhimurium,"Salmonella enterica subsp. enterica serovar Typhimurium strain STMC125 chromosome, complete genome",,,,,,high,medium,none
F384,yes,contractile,Myoviridae,Campylobacter jejuni,197,Campylobacter jejuni,Gram negative,flagella,rotating flagella,Flagella,Protein,Undetermined,insufficient-data,none,Flagella host range is context-dependent; no empirical data in source,Sørensen et al. 2015,10.1371/journal.pone.0116287, ,Yes,yes,https://www.ncbi.nlm.nih.gov/nuccore/NZ_CP172364.1,NZ_CP172364.1,host genome (fallback),,no,,,none,,PhReD,PhReD: The Phage Receptor Database (Bio-conversion Databank Foundation). https://phred.biodf.org,2026-07-10,no,,,host genome fallback: no gene symbol in receptor,phage not found in UniProt,,Campylobacter jejuni,"Campylobacter jejuni strain YH021 chromosome, complete genome",,,,,,high,medium,none
645,yes,long non-contractile,Siphoviridae,Lactococcus lactis,1358,Lactococcus lactis,Gram positive,cell wall,cell wall polysaccharides,N/A,,Undetermined,insufficient-data,none,receptor does not support a host-range prediction,Mahony et al. 2013,10.1128/AEM.00653-13, ,Yes,yes,https://www.ncbi.nlm.nih.gov/nuccore/NZ_CP184687.1,NZ_CP184687.1,host genome (fallback),,no,,,none,,PhReD,PhReD: The Phage Receptor Database (Bio-conversion Databank Foundation). https://phred.biodf.org,2026-07-10,no,,receptor does not fit any defined domain,host genome fallback: no gene symbol in receptor,phage present in UniProt but no tail/RBP protein annotated,,Lactococcus lactis,Lactococcus lactis strain L81 chromosome,,,,,,none,medium,none
mEp138,yes,long non-contractile,Siphoviridae,Escherichia coli,562,Escherichia coli,Gram negative,cell wall,FhuA,Membrane Proteins,Protein,Broad,predicted-from-receptor,medium,conserved outer membrane protein receptor -> broad predicted,Hernandez-Sanchez et al. 2008,10.1007/s00705-008-0111-0, ,Yes,yes,https://www.ncbi.nlm.nih.gov/nuccore/M12486.1,M12486.1,specific gene,FhuA,no,,,none,,PhReD,PhReD: The Phage Receptor Database (Bio-conversion Databank Foundation). https://phred.biodf.org,2026-07-10,no,,,specific receptor gene FhuA,phage not found in UniProt,,Escherichia coli,"E.coli fhuA, fhuC and fhuD genes encoding the ferrichrome-iron receptor and two ferric aerobactin and ferric coprogen transport proteins, complete cds",,,,,,high,high,none
φKMV,yes,short,Podoviridae,Pseudomonas aeruginosa,287,Pseudomonas aeruginosa,Gram negative,pili,type IV pili,Pili,Protein,Undetermined,insufficient-data,none,Pili host range is context-dependent; no empirical data in source,Chibeu et al. 2009,10.1111/j.1574-6968.2009.01640.x, ,Yes,yes,https://www.ncbi.nlm.nih.gov/nuccore/NZ_OZ484744.1,NZ_OZ484744.1,host genome (fallback),,yes,https://www.uniprot.org/uniprotkb/Q7Y2F5,Q7Y2F5,specific RBP,Tail fiber protein,PhReD,PhReD: The Phage Receptor Database (Bio-conversion Databank Foundation). https://phred.biodf.org,2026-07-10,no,,,host genome fallback: no gene symbol in receptor,,,Pseudomonas aeruginosa,"Pseudomonas aeruginosa strain PA3 isolate PA3 chromosome 1, complete sequence",Pseudomonas phage phiKMV,,,,,high,medium,high
S107,yes,long non-contractile,Siphoviridae,Salmonella enterica serovar Typhimurium,90371,Salmonella enterica subsp. enterica serovar Typhimurium,Gram negative,cell wall,O-antigen,LPS,Glycan,Narrow,predicted-from-receptor,medium,specific O-antigen/serotype -> narrow predicted,Gencay et al. 2019,10.1111/1462-2920.14597, ,Yes,yes,https://www.ncbi.nlm.nih.gov/nuccore/NZ_CP104816.1,NZ_CP104816.1,host genome (fallback),,no,,,none,,PhReD,PhReD: The Phage Receptor Database (Bio-conversion Databank Foundation). https://phred.biodf.org,2026-07-10,no,,,host genome fallback: no gene symbol in receptor,phage not found in UniProt,,Salmonella enterica subsp. enterica serovar Typhimurium,"Salmonella enterica subsp. enterica serovar Typhimurium strain STMC125 chromosome, complete genome",,resolved,The genera of bacteriophages and their receptors are the major determinants of host range,corroborated,12 independent record(s) link S107 to O-antigen,high,medium,none
φ187,yes,long non-contractile,Siphoviridae,Staphylococcus aureus,1280,Staphylococcus aureus,Gram positive,cell wall,α-O-GalNAc modified wall teichoic acid,Teichoic Acids,Glycan,Undetermined,insufficient-data,none,Teichoic Acids host range is context-dependent; no empirical data in source,Winstel et al. 2014,10.1128/mBio.00869-14, ,Yes,yes,https://www.ncbi.nlm.nih.gov/nuccore/NZ_CP195878.1,NZ_CP195878.1,host genome (fallback),,no,,,none,,PhReD,PhReD: The Phage Receptor Database (Bio-conversion Databank Foundation). https://phred.biodf.org,2026-07-10,no,,,host genome fallback: no gene symbol in receptor,phage present in UniProt but no tail/RBP protein annotated,,Staphylococcus aureus,"Staphylococcus aureus strain A_1d chromosome, complete genome",,,,,,high,medium,none
FC3-3,yes,contractile,Myoviridae,Klebsiella pneumoniae,573,Klebsiella pneumoniae,Gram negative,cell wall,LPS O antigen,LPS,Glycan,Narrow,predicted-from-receptor,medium,specific O-antigen/serotype -> narrow predicted,Tomas et al. 1987,10.1111/j.1574-6968.1987.tb02201.x, ,Yes,yes,https://www.ncbi.nlm.nih.gov/nuccore/NZ_OZ477362.1,NZ_OZ477362.1,host genome (fallback),,no,,,none,,PhReD,PhReD: The Phage Receptor Database (Bio-conversion Databank Foundation). https://phred.biodf.org,2026-07-10,no,,,host genome fallback: no gene symbol in receptor,phage not found in UniProt,,Klebsiella pneumoniae,Klebsiella pneumoniae strain 49856 isolate 49856 chromosome 1,,,,,,high,medium,none
S142,yes,long non-contractile,Siphoviridae,Salmonella enterica serovar Typhimurium,90371,Salmonella enterica subsp. enterica serovar Typhimurium,Gram negative,cell wall,O-antigen,LPS,Glycan,Narrow,predicted-from-receptor,medium,specific O-antigen/serotype -> narrow predicted,Gencay et al. 2019,10.1111/1462-2920.14597, ,Yes,yes,https://www.ncbi.nlm.nih.gov/nuccore/NZ_CP104816.1,NZ_CP104816.1,host genome (fallback),,no,,,none,,PhReD,PhReD: The Phage Receptor Database (Bio-conversion Databank Foundation). https://phred.biodf.org,2026-07-10,no,,,host genome fallback: no gene symbol in receptor,phage not found in UniProt,,Salmonella enterica subsp. enterica serovar Typhimurium,"Salmonella enterica subsp. enterica serovar Typhimurium strain STMC125 chromosome, complete genome",,,,,,high,medium,none
SPP1,yes,long non-contractile,Siphoviridae,Bacillus subtilis,1423,Bacillus subtilis,Gram positive,cell wall,glucosylated wall teichoic acid and YueB,Teichoic Acids,Glycan,Undetermined,insufficient-data,none,Teichoic Acids host range is context-dependent; no empirical data in source,"Sao Jose et al. 2004, Baptista et al. 2008","10.1128/JB.186.24.8337–8346.2004 (Sao Jose et al), 10.1128/JB.00349-08 (Baptista et al)", ,Yes,yes,https://www.ncbi.nlm.nih.gov/nuccore/NZ_CP160208.1,NZ_CP160208.1,host genome (fallback),,yes,https://www.uniprot.org/uniprotkb/Q0PDK6,Q0PDK6,specific RBP,Tail spike protein,PhReD,PhReD: The Phage Receptor Database (Bio-conversion Databank Foundation). https://phred.biodf.org,2026-07-10,no,,,host genome fallback: gene(s) YueB not found,,,Bacillus subtilis,"Bacillus subtilis strain LTH 7164 chromosome, complete genome",Bacillus phage SPP1,,,,,high,medium,high
BF23,yes,long non-contractile,Siphoviridae,Escherichia coli,562,Escherichia coli,Gram negative,cell wall,Protein BtuB (vitamin B12 receptor),Membrane Proteins,Protein,Broad,predicted-from-receptor,medium,conserved outer membrane protein receptor -> broad predicted,Bradbeer et al. 1976,10.1128/jb.125.3.1032-1039.1976, ,Yes,yes,https://www.ncbi.nlm.nih.gov/nuccore/M57568.1,M57568.1,specific gene,BtuB,yes,https://www.uniprot.org/uniprotkb/Q4FAC3,Q4FAC3,specific RBP,Receptor-binding protein,PhReD,PhReD: The Phage Receptor Database (Bio-conversion Databank Foundation). https://phred.biodf.org,2026-07-10,no,,,specific receptor gene BtuB,,,Escherichia coli,"Escherichia coli vitamin B-12 binding protein (btuB) gene, partial cds; and m-5-U54 transfer RNA methyltransferase (trmA) gene, complete cds",Escherichia phage Bf23,,,,,high,high,high
φCbK,yes,long non-contractile,Siphoviridae,Caulobacter crescentus,155892,Caulobacter vibrioides,Gram negative,"flagella, pili","initial contact with flagellum, counter clockwise rotation brings phage down to pilus portals at the pole ",Flagella,Protein,Undetermined,insufficient-data,none,Flagella host range is context-dependent; no empirical data in source,Guerrero-Ferreira et al. 2010,10.1073/pnas.1012388108, ,Yes,yes,https://www.ncbi.nlm.nih.gov/nuccore/NZ_CP023315.3,NZ_CP023315.3,host genome (fallback),,yes,https://www.uniprot.org/uniprotkb/J3U9Q7,J3U9Q7,other tail protein,Tail protein,PhReD,PhReD: The Phage Receptor Database (Bio-conversion Databank Foundation). https://phred.biodf.org,2026-07-10,no,,"multi-domain resolved by cue; also present: Flagella, Pili",host genome fallback: no gene symbol in receptor,no specific RBP annotated; using another tail protein (Patrick's fallback),taxonomic synonym applied: Caulobacter crescentus -> Caulobacter vibrioides,Caulobacter vibrioides,"Caulobacter vibrioides strain CB13b1a chromosome, complete genome",Caulobacter phage phiCbK,,,,,medium,medium,medium
fPS-16,yes,short,Podoviridae,Yersinia enterocolitica,630,Yersinia enterocolitica,Gram negative,cell wall,LPS O antigen,LPS,Glycan,Narrow,predicted-from-receptor,medium,specific O-antigen/serotype -> narrow predicted,Salem et al. 2018,10.3390/v10040174, ,Yes,yes,https://www.ncbi.nlm.nih.gov/nuccore/NZ_CP139458.1,NZ_CP139458.1,host genome (fallback),,no,,,none,,PhReD,PhReD: The Phage Receptor Database (Bio-conversion Databank Foundation). https://phred.biodf.org,2026-07-10,no,,,host genome fallback: no gene symbol in receptor,phage not found in UniProt,,Yersinia enterocolitica,"Yersinia enterocolitica strain Y40 chromosome, complete genome",,,,,,high,medium,none
φK,yes,contractile,Myoviridae,Staphylococcus aureus,1280,Staphylococcus aureus,Gram positive,cell wall,anionic backbone of wall teichoic acid,Teichoic Acids,Glycan,Undetermined,insufficient-data,none,Teichoic Acids host range is context-dependent; no empirical data in source,Xia et al. 2011,10.1128/JB.01412-10, ,Yes,yes,https://www.ncbi.nlm.nih.gov/nuccore/NZ_CP195878.1,NZ_CP195878.1,host genome (fallback),,yes,https://www.uniprot.org/uniprotkb/Q38042,Q38042,specific RBP,Major spike protein G,PhReD,PhReD: The Phage Receptor Database (Bio-conversion Databank Foundation). https://phred.biodf.org,2026-07-10,no,,,host genome fallback: no gene symbol in receptor,,,Staphylococcus aureus,"Staphylococcus aureus strain A_1d chromosome, complete genome",Enterobacteria phage phiK,,,,,high,medium,high
φHN10,yes,contractile,Myoviridae,Clostridium difficile,1496,Clostridioides difficile,Gram positive,cell wall,S-layer proteins,N/A,,Undetermined,insufficient-data,none,receptor does not support a host-range prediction,Phothichasiri et al. 2018,10.3389/fmicb.2018.01701, ,Yes,yes,https://www.ncbi.nlm.nih.gov/nuccore/NZ_CP149660.1,NZ_CP149660.1,host genome (fallback),,no,,,none,,PhReD,PhReD: The Phage Receptor Database (Bio-conversion Databank Foundation). https://phred.biodf.org,2026-07-10,no,,receptor does not fit any defined domain,host genome fallback: no gene symbol in receptor,phage present in UniProt but no tail/RBP protein annotated,taxonomic synonym applied: Clostridium difficile -> Clostridioides difficile,Clostridioides difficile,"Clostridioides difficile strain Z1323HCD0020 chromosome, complete genome",,,,,,none,medium,none
F365,yes,contractile,Myoviridae,Campylobacter jejuni,197,Campylobacter jejuni,Gram negative,cell wall,capsular polysaccharides,Capsular Polysaccharide,Glycan,Narrow,predicted-from-receptor,medium,capsule/K-antigen is strain/serotype specific -> narrow predicted,Sørensen et al. 2015,10.1371/journal.pone.0116287, ,Yes,yes,https://www.ncbi.nlm.nih.gov/nuccore/NZ_CP172364.1,NZ_CP172364.1,host genome (fallback),,no,,,none,,PhReD,PhReD: The Phage Receptor Database (Bio-conversion Databank Foundation). https://phred.biodf.org,2026-07-10,no,,,host genome fallback: no gene symbol in receptor,phage not found in UniProt,,Campylobacter jejuni,"Campylobacter jejuni strain YH021 chromosome, complete genome",,,,,,high,medium,none
φKpNIH-2,yes,long non-contractile,Siphoviridae,Klebsiella pneumoniae,573,Klebsiella pneumoniae,Gram negative,cell wall,LPS and OmpC,LPS,Glycan,Narrow,predicted-from-receptor,low,O-antigen LPS generally serotype-specific -> narrow predicted (weak),Hesse et al. 2020,10.1128/mBio.02530-19, ,Yes,yes,https://www.ncbi.nlm.nih.gov/nuccore/KJ481789.1,KJ481789.1,specific gene,OmpC,yes,https://www.uniprot.org/uniprotkb/A0A6B9LS15,A0A6B9LS15,specific RBP,Putative tail fiber protein,PhReD,PhReD: The Phage Receptor Database (Bio-conversion Databank Foundation). https://phred.biodf.org,2026-07-10,yes,low-confidence domain assignment,"multi-domain unresolved, took first-mentioned; all: LPS, Membrane Proteins",specific receptor gene OmpC,,,Klebsiella pneumoniae,"Klebsiella pneumoniae strain M-10 outer membrane protein C (ompC) gene, partial cds",Klebsiella phage PhiKpNIH-2,resolved,Phage Resistance in Multidrug-Resistant Klebsiella pneumoniae ST258 Evolves via Diverse Mutations That Culminate in Impaired Adsorption,corroborated,2 independent record(s) link φKpNIH-2 to OmpC,low,high,high
F352,yes,contractile,Myoviridae,Campylobacter jejuni,197,Campylobacter jejuni,Gram negative,cell wall,capsular polysaccharides,Capsular Polysaccharide,Glycan,Narrow,predicted-from-receptor,medium,capsule/K-antigen is strain/serotype specific -> narrow predicted,Sørensen et al. 2015,10.1371/journal.pone.0116287, ,Yes,yes,https://www.ncbi.nlm.nih.gov/nuccore/NZ_CP172364.1,NZ_CP172364.1,host genome (fallback),,no,,,none,,PhReD,PhReD: The Phage Receptor Database (Bio-conversion Databank Foundation). https://phred.biodf.org,2026-07-10,no,,,host genome fallback: no gene symbol in receptor,phage not found in UniProt,,Campylobacter jejuni,"Campylobacter jejuni strain YH021 chromosome, complete genome",,,,,,high,medium,none
fPS-19,yes,short,Podoviridae,Yersinia enterocolitica,630,Yersinia enterocolitica,Gram negative,cell wall,LPS O antigen,LPS,Glycan,Narrow,predicted-from-receptor,medium,specific O-antigen/serotype -> narrow predicted,Salem et al. 2018,10.3390/v10040174, ,Yes,yes,https://www.ncbi.nlm.nih.gov/nuccore/NZ_CP139458.1,NZ_CP139458.1,host genome (fallback),,no,,,none,,PhReD,PhReD: The Phage Receptor Database (Bio-conversion Databank Foundation). https://phred.biodf.org,2026-07-10,no,,,host genome fallback: no gene symbol in receptor,phage not found in UniProt,,Yersinia enterocolitica,"Yersinia enterocolitica strain Y40 chromosome, complete genome",,,,,,high,medium,none
AP50,no,"none (icosahedral, internal membrane)",Tectiviridae,Bacillus anthracis,1392,Bacillus anthracis,Gram positive,S-layer,Sap,N/A,,Undetermined,insufficient-data,none,receptor does not support a host-range prediction,Plaut et al. 2014,10.1128/JB.00739-13, ,Yes,yes,https://www.ncbi.nlm.nih.gov/nuccore/NZ_CP009902.1,NZ_CP009902.1,host genome (fallback),,yes,https://www.uniprot.org/uniprotkb/B6RT59,B6RT59,specific RBP,Trimeric spike protein,PhReD,PhReD: The Phage Receptor Database (Bio-conversion Databank Foundation). https://phred.biodf.org,2026-07-10,no,,receptor does not fit any defined domain,host genome fallback: no gene symbol in receptor,,,Bacillus anthracis,"Bacillus anthracis strain 2002013094 chromosome, complete genome",Bacillus phage AP50,,,,,none,medium,high
φ645,yes,long non-contractile,Siphoviridae,Lactococcus lactis,1358,Lactococcus lactis,Gram positive,cell wall,cell wall polysaccharides,N/A,,Undetermined,insufficient-data,none,receptor does not support a host-range prediction,Dupont et al. 2004,10.1128/AEM.70.10.5825–5832.2004, ,Yes,yes,https://www.ncbi.nlm.nih.gov/nuccore/NZ_CP184687.1,NZ_CP184687.1,host genome (fallback),,no,,,none,,PhReD,PhReD: The Phage Receptor Database (Bio-conversion Databank Foundation). https://phred.biodf.org,2026-07-10,no,,receptor does not fit any defined domain,host genome fallback: no gene symbol in receptor,phage present in UniProt but no tail/RBP protein annotated,,Lactococcus lactis,Lactococcus lactis strain L81 chromosome,,,,,,none,medium,none
F207,yes,contractile,Myoviridae,Campylobacter jejuni,197,Campylobacter jejuni,Gram negative,cell wall,MeOPN modification of GalfNAc of capsular polysaccharides,Capsular Polysaccharide,Glycan,Narrow,predicted-from-receptor,medium,capsule/K-antigen is strain/serotype specific -> narrow predicted,Gencay et al. 2018,10.3389/fmicb.2018.00082, ,Yes,yes,https://www.ncbi.nlm.nih.gov/nuccore/NZ_CP172364.1,NZ_CP172364.1,host genome (fallback),,yes,https://www.uniprot.org/uniprotkb/A0A7T3KCZ2,A0A7T3KCZ2,specific RBP,Receptor binding protein 3,PhReD,PhReD: The Phage Receptor Database (Bio-conversion Databank Foundation). https://phred.biodf.org,2026-07-10,no,,,host genome fallback: no gene symbol in receptor,,,Campylobacter jejuni,"Campylobacter jejuni strain YH021 chromosome, complete genome",Campylobacter phage F207,,,,,high,medium,high
l,yes,long non-contractile,Siphoviridae,Escherichia coli,562,Escherichia coli,Gram negative,cell wall,Protein LamB,Membrane Proteins,Protein,Broad,predicted-from-receptor,medium,conserved outer membrane protein receptor -> broad predicted,Randall-Hazelbauer and Schwartz 1973,10.1128/jb.116.3.1436-1446.1973, ,Yes,yes,https://www.ncbi.nlm.nih.gov/nuccore/M26131.1,M26131.1,specific gene,LamB,no,,,none,,PhReD,PhReD: The Phage Receptor Database (Bio-conversion Databank Foundation). https://phred.biodf.org,2026-07-10,no,,,specific receptor gene LamB,phage present in UniProt but no tail/RBP protein annotated,,Escherichia coli,"E.coli lambda receptor (lamB) gene, complete cds",,,,,,high,high,none
fPS-89,yes,short,Podoviridae,Yersinia enterocolitica,630,Yersinia enterocolitica,Gram negative,cell wall,LPS outer core,LPS,Glycan,Broad,predicted-from-receptor,low,conserved LPS core -> broad predicted,Salem et al. 2018,10.3390/v10040174, ,Yes,yes,https://www.ncbi.nlm.nih.gov/nuccore/NZ_CP139458.1,NZ_CP139458.1,host genome (fallback),,no,,,none,,PhReD,PhReD: The Phage Receptor Database (Bio-conversion Databank Foundation). https://phred.biodf.org,2026-07-10,no,,,host genome fallback: no gene symbol in receptor,phage not found in UniProt,,Yersinia enterocolitica,"Yersinia enterocolitica strain Y40 chromosome, complete genome",,,,,,high,medium,none
mEp147,yes,long non-contractile,Siphoviridae,Escherichia coli,562,Escherichia coli,Gram negative,cell wall,FhuA,Membrane Proteins,Protein,Broad,predicted-from-receptor,medium,conserved outer membrane protein receptor -> broad predicted,Hernandez-Sanchez et al. 2008,10.1007/s00705-008-0111-0, ,Yes,yes,https://www.ncbi.nlm.nih.gov/nuccore/M12486.1,M12486.1,specific gene,FhuA,no,,,none,,PhReD,PhReD: The Phage Receptor Database (Bio-conversion Databank Foundation). https://phred.biodf.org,2026-07-10,no,,,specific receptor gene FhuA,phage not found in UniProt,,Escherichia coli,"E.coli fhuA, fhuC and fhuD genes encoding the ferrichrome-iron receptor and two ferric aerobactin and ferric coprogen transport proteins, complete cds",,,,,,high,high,none
fPS-65,yes,contractile,Myoviridae,Yersinia pesudotuberculosis,633,Yersinia pseudotuberculosis,Gram negative,cell wall,heptose region of LPS inner core,LPS,Glycan,Broad,predicted-from-receptor,low,conserved LPS core -> broad predicted,Salem et al. 2021,10.3390/v13020296, ,Yes,yes,https://www.ncbi.nlm.nih.gov/nuccore/NZ_AP031363.1,NZ_AP031363.1,host genome (fallback),,yes,https://www.uniprot.org/uniprotkb/A0A449C5U1,A0A449C5U1,specific RBP,Long tail fiber protein Gp37,PhReD,PhReD: The Phage Receptor Database (Bio-conversion Databank Foundation). https://phred.biodf.org,2026-07-10,no,,,host genome fallback: no gene symbol in receptor,,PhReD spelling corrected for lookup: Yersinia pesudotuberculosis,Yersinia pseudotuberculosis,"Yersinia pseudotuberculosis strain KD3 chromosome, complete genome",Yersinia phage fPS-65,,,,,high,medium,high
P2,yes,short,Podoviridae,Acinetobacter baumannii,470,Acinetobacter baumannii,Gram negative,cell wall,capsular polysaccharides,Capsular Polysaccharide,Glycan,Narrow,predicted-from-receptor,medium,capsule/K-antigen is strain/serotype specific -> narrow predicted,Oliveira et al. 2017,10.1111/1462-2920.13970, ,Yes,yes,https://www.ncbi.nlm.nih.gov/nuccore/NZ_CP156044.1,NZ_CP156044.1,host genome (fallback),,yes,https://www.uniprot.org/uniprotkb/A0A9E8GIS5,A0A9E8GIS5,specific RBP,Tail fiber protein,PhReD,PhReD: The Phage Receptor Database (Bio-conversion Databank Foundation). https://phred.biodf.org,2026-07-10,yes,low-confidence UniProt assignment | ambiguous phage name across organisms,,host genome fallback: no gene symbol in receptor,"AMBIGUOUS phage name across organisms, none match host 'Acinetobacter baumannii': Aeromonas phage P2, Enterococcus phage phiEF24C-P2, Escherichia phage P2, Lactococcus phage p2, Pseudomonas phage UFV-P2",,Acinetobacter baumannii,"Acinetobacter baumannii strain D13 chromosome, complete genome",Aeromonas phage P2,resolved,"Ability of phages to infect
                    <i>Acinetobacter calcoaceticus‐Acinetobacter baumannii</i>
                    complex species through acquisition of different pectate lyase depolymerase domains",corroborated,426 independent record(s) link P2 to capsular polysaccharide,high,medium,low
APK2,yes,short,Autographiviridae,Acinetobacter baumannii,470,Acinetobacter baumannii,Gram negative,cell wall,capsular polysaccharides,Capsular Polysaccharide,Glycan,Narrow,predicted-from-receptor,medium,capsule/K-antigen is strain/serotype specific -> narrow predicted,Popova et al. 2021,10.1128/JVI.01714-20, ,Yes,yes,https://www.ncbi.nlm.nih.gov/nuccore/NZ_CP156044.1,NZ_CP156044.1,host genome (fallback),,no,,,none,,PhReD,PhReD: The Phage Receptor Database (Bio-conversion Databank Foundation). https://phred.biodf.org,2026-07-10,no,,,host genome fallback: no gene symbol in receptor,phage present in UniProt but no tail/RBP protein annotated,,Acinetobacter baumannii,"Acinetobacter baumannii strain D13 chromosome, complete genome",,,,,,high,medium,none
mEp003,yes,long non-contractile,Siphoviridae,Escherichia coli,562,Escherichia coli,Gram negative,cell wall,FhuA,Membrane Proteins,Protein,Broad,predicted-from-receptor,medium,conserved outer membrane protein receptor -> broad predicted,"Uc-Mass et al. 2004, Hernandez-Sanchez et al. 2008","10.1016/j.virol.2004.09.005 (Uc-Mass et al), 10.1007/s00705-008-0111-0 (Hernandez-Sanchez et al)", ,Yes,yes,https://www.ncbi.nlm.nih.gov/nuccore/M12486.1,M12486.1,specific gene,FhuA,no,,,none,,PhReD,PhReD: The Phage Receptor Database (Bio-conversion Databank Foundation). https://phred.biodf.org,2026-07-10,no,,,specific receptor gene FhuA,phage not found in UniProt,,Escherichia coli,"E.coli fhuA, fhuC and fhuD genes encoding the ferrichrome-iron receptor and two ferric aerobactin and ferric coprogen transport proteins, complete cds",,,,,,high,high,none
APK37,yes,short,Autographiviridae,Acinetobacter baumannii,470,Acinetobacter baumannii,Gram negative,cell wall,capsular polysaccharides,Capsular Polysaccharide,Glycan,Narrow,predicted-from-receptor,medium,capsule/K-antigen is strain/serotype specific -> narrow predicted,Popova et al. 2021,10.1128/JVI.01714-20, ,Yes,yes,https://www.ncbi.nlm.nih.gov/nuccore/NZ_CP156044.1,NZ_CP156044.1,host genome (fallback),,yes,https://www.uniprot.org/uniprotkb/A0AAE9BPQ3,A0AAE9BPQ3,specific RBP,Tailspike protein,PhReD,PhReD: The Phage Receptor Database (Bio-conversion Databank Foundation). https://phred.biodf.org,2026-07-10,no,,,host genome fallback: no gene symbol in receptor,,,Acinetobacter baumannii,"Acinetobacter baumannii strain D13 chromosome, complete genome",Acinetobacter phage APK37.1,resolved,Specific Interaction of Novel<i>Friunavirus</i>Phages Encoding Tailspike Depolymerases with Corresponding Acinetobacter baumannii Capsular Types,corroborated,4 independent record(s) link APK37 to capsular polysaccharide,high,medium,high
A25,yes,long non-contractile,Siphoviridae,Streptococcus sp. (group A),1301,Streptococcus,Gram negative,cell wall,peptidoclycan,N/A,,Undetermined,insufficient-data,none,receptor does not support a host-range prediction,Cleary et al. 1977,10.1084/jem.145.3.578, ,Yes,yes,https://www.ncbi.nlm.nih.gov/nuccore/NZ_CP162268.1,NZ_CP162268.1,host genome (fallback),,yes,https://www.uniprot.org/uniprotkb/A0A0M4QXC2,A0A0M4QXC2,other tail protein,Putative tail protein,PhReD,PhReD: The Phage Receptor Database (Bio-conversion Databank Foundation). https://phred.biodf.org,2026-07-10,no,,receptor does not fit any defined domain,host genome fallback: no gene symbol in receptor,no specific RBP annotated; using another tail protein (Patrick's fallback),resolved only at broader rank (genus); species-level match unavailable,Streptococcus nasisuis,"Streptococcus nasisuis strain ZY1909104 chromosome, complete genome",Streptococcus phage A25,,,,,none,medium,medium
ICP2,yes,short,Podoviridae,Vibrio cholerae,666,Vibrio cholerae,Gram negative,cell wall,OmpU,Membrane Proteins,Protein,Broad,predicted-from-receptor,medium,conserved outer membrane protein receptor -> broad predicted,Seed et al. 2014,10.7554/eLife.03497, ,Yes,yes,https://www.ncbi.nlm.nih.gov/nuccore/U73751.1,U73751.1,specific gene,OmpU,yes,https://www.uniprot.org/uniprotkb/F1D0V5,F1D0V5,specific RBP,Putative phage tail fiber protein,PhReD,PhReD: The Phage Receptor Database (Bio-conversion Databank Foundation). https://phred.biodf.org,2026-07-10,no,,,specific receptor gene OmpU,,,Vibrio cholerae,"Vibrio cholerae outer membrane protein OmpU (ompU) gene, complete cds",Vibrio phage ICP2,,,,,high,high,high
mEp144,yes,long non-contractile,Siphoviridae,Escherichia coli,562,Escherichia coli,Gram negative,cell wall,FhuA,Membrane Proteins,Protein,Broad,predicted-from-receptor,medium,conserved outer membrane protein receptor -> broad predicted,Hernandez-Sanchez et al. 2008,10.1007/s00705-008-0111-0, ,Yes,yes,https://www.ncbi.nlm.nih.gov/nuccore/M12486.1,M12486.1,specific gene,FhuA,no,,,none,,PhReD,PhReD: The Phage Receptor Database (Bio-conversion Databank Foundation). https://phred.biodf.org,2026-07-10,no,,,specific receptor gene FhuA,phage not found in UniProt,,Escherichia coli,"E.coli fhuA, fhuC and fhuD genes encoding the ferrichrome-iron receptor and two ferric aerobactin and ferric coprogen transport proteins, complete cds",,,,,,high,high,none
SPN2TCW,yes,short,Podoviridae,Salmonella enterica serovar Typhimurium,90371,Salmonella enterica subsp. enterica serovar Typhimurium,Gram negative,cell wall,LPS O antigen,LPS,Glycan,Narrow,predicted-from-receptor,medium,specific O-antigen/serotype -> narrow predicted,Shin et al. 2012,10.1371/journal.pone.0043392, ,Yes,yes,https://www.ncbi.nlm.nih.gov/nuccore/NZ_CP104816.1,NZ_CP104816.1,host genome (fallback),,no,,,none,,PhReD,PhReD: The Phage Receptor Database (Bio-conversion Databank Foundation). https://phred.biodf.org,2026-07-10,no,,,host genome fallback: no gene symbol in receptor,phage not found in UniProt,,Salmonella enterica subsp. enterica serovar Typhimurium,"Salmonella enterica subsp. enterica serovar Typhimurium strain STMC125 chromosome, complete genome",,,,,,high,medium,none
mEp533,yes,long non-contractile,Siphoviridae,Escherichia coli,562,Escherichia coli,Gram negative,cell wall,FhuA,Membrane Proteins,Protein,Broad,predicted-from-receptor,medium,conserved outer membrane protein receptor -> broad predicted,Hernandez-Sanchez et al. 2008,10.1007/s00705-008-0111-0, ,Yes,yes,https://www.ncbi.nlm.nih.gov/nuccore/M12486.1,M12486.1,specific gene,FhuA,no,,,none,,PhReD,PhReD: The Phage Receptor Database (Bio-conversion Databank Foundation). https://phred.biodf.org,2026-07-10,no,,,specific receptor gene FhuA,phage not found in UniProt,,Escherichia coli,"E.coli fhuA, fhuC and fhuD genes encoding the ferrichrome-iron receptor and two ferric aerobactin and ferric coprogen transport proteins, complete cds",,,,,,high,high,none
F368,yes,contractile,Myoviridae,Campylobacter jejuni,197,Campylobacter jejuni,Gram negative,cell wall,capsular polysaccharides,Capsular Polysaccharide,Glycan,Narrow,predicted-from-receptor,medium,capsule/K-antigen is strain/serotype specific -> narrow predicted,Sørensen et al. 2015,10.1371/journal.pone.0116287, ,Yes,yes,https://www.ncbi.nlm.nih.gov/nuccore/NZ_CP172364.1,NZ_CP172364.1,host genome (fallback),,no,,,none,,PhReD,PhReD: The Phage Receptor Database (Bio-conversion Databank Foundation). https://phred.biodf.org,2026-07-10,no,,,host genome fallback: no gene symbol in receptor,phage not found in UniProt,,Campylobacter jejuni,"Campylobacter jejuni strain YH021 chromosome, complete genome",,,,,,high,medium,none
WRP3,yes,long non-contractile,Siphoviridae,Lactococcus lactis,1358,Lactococcus lactis,Gram positive,cell wall,cell wall polysaccharides,N/A,,Undetermined,insufficient-data,none,receptor does not support a host-range prediction,Mahony et al. 2015,10.1128/AEM.00143-15, ,Yes,yes,https://www.ncbi.nlm.nih.gov/nuccore/NZ_CP184687.1,NZ_CP184687.1,host genome (fallback),,yes,https://www.uniprot.org/uniprotkb/A0A0D3MSW2,A0A0D3MSW2,specific RBP,Tail fiber protein,PhReD,PhReD: The Phage Receptor Database (Bio-conversion Databank Foundation). https://phred.biodf.org,2026-07-10,no,,receptor does not fit any defined domain,host genome fallback: no gene symbol in receptor,,,Lactococcus lactis,Lactococcus lactis strain L81 chromosome,Lactococcus phage WRP3,,,,,none,medium,high
O4,yes,short,Podoviridae,Pseudomonas aeruginosa,287,Pseudomonas aeruginosa,Gram negative,cell wall,O-specific antigen of LPS,LPS,Glycan,Narrow,predicted-from-receptor,medium,specific O-antigen/serotype -> narrow predicted,Zhang et al. 2018,10.1007/s00705-018-3866-y, ,Yes,yes,https://www.ncbi.nlm.nih.gov/nuccore/NZ_OZ484744.1,NZ_OZ484744.1,host genome (fallback),,no,,,none,,PhReD,PhReD: The Phage Receptor Database (Bio-conversion Databank Foundation). https://phred.biodf.org,2026-07-10,no,,,host genome fallback: no gene symbol in receptor,phage present in UniProt but no tail/RBP protein annotated,,Pseudomonas aeruginosa,"Pseudomonas aeruginosa strain PA3 isolate PA3 chromosome 1, complete sequence",,,,,,high,medium,none
mEp235,yes,long non-contractile,Siphoviridae,Escherichia coli,562,Escherichia coli,Gram negative,cell wall,FhuA,Membrane Proteins,Protein,Broad,predicted-from-receptor,medium,conserved outer membrane protein receptor -> broad predicted,Hernandez-Sanchez et al. 2008,10.1007/s00705-008-0111-0, ,Yes,yes,https://www.ncbi.nlm.nih.gov/nuccore/M12486.1,M12486.1,specific gene,FhuA,yes,https://www.uniprot.org/uniprotkb/K7PM75,K7PM75,specific RBP,Tail fiber,PhReD,PhReD: The Phage Receptor Database (Bio-conversion Databank Foundation). https://phred.biodf.org,2026-07-10,no,,,specific receptor gene FhuA,,,Escherichia coli,"E.coli fhuA, fhuC and fhuD genes encoding the ferrichrome-iron receptor and two ferric aerobactin and ferric coprogen transport proteins, complete cds",Enterobacteria phage mEp235,,,,,high,high,high
fs2,no,none (filamentous),Inoviridae,Vibrio cholerae,666,Vibrio cholerae,Gram negative,fimbriae,type 4 fimbriae,Pili,Protein,Undetermined,insufficient-data,none,Pili host range is context-dependent; no empirical data in source,Ehara et al. 1997,10.1016/s0378-1097(97)00345-5, ,Yes,yes,https://www.ncbi.nlm.nih.gov/nuccore/NZ_CP191367.1,NZ_CP191367.1,host genome (fallback),,no,,,none,,PhReD,PhReD: The Phage Receptor Database (Bio-conversion Databank Foundation). https://phred.biodf.org,2026-07-10,no,,,host genome fallback: no gene symbol in receptor,phage present in UniProt but no tail/RBP protein annotated,,Vibrio cholerae,"Vibrio cholerae strain GD25VC001 chromosome 1, complete sequence",,,,,,high,medium,none
Sf6,yes,short,Podoviridae,Shigella flexneri,623,Shigella flexneri,Gram negative,cell wall,OmpA and OmpC as secondary receptors,Membrane Proteins,Protein,Broad,predicted-from-receptor,medium,conserved outer membrane protein receptor -> broad predicted,Parent et al. 2014,10.1111/mmi.12536, ,Yes,yes,https://www.ncbi.nlm.nih.gov/nuccore/JX848601.1,JX848601.1,specific gene,OmpA,yes,https://www.uniprot.org/uniprotkb/Q9XJP3,Q9XJP3,specific RBP,Tail spike protein,PhReD,PhReD: The Phage Receptor Database (Bio-conversion Databank Foundation). https://phred.biodf.org,2026-07-10,no,,,specific receptor gene OmpA,,,Shigella flexneri,"Shigella flexneri strain B1115 outer membrane protein A (ompA) gene, complete cds",Shigella phage Sf6,,,,,high,high,high
φM10,yes,contractile,Myoviridae,Sinorhizobium meliloti,382,Sinorhizobium meliloti,Gram negative,cell wall,lipopolysaccharide core residues,LPS,Glycan,Broad,predicted-from-receptor,low,conserved LPS core -> broad predicted,Crook et al. 2013,10.1128/JB.00480-13, ,Yes,yes,https://www.ncbi.nlm.nih.gov/nuccore/NZ_CP021219.1,NZ_CP021219.1,host genome (fallback),,no,,,none,,PhReD,PhReD: The Phage Receptor Database (Bio-conversion Databank Foundation). https://phred.biodf.org,2026-07-10,no,,,host genome fallback: no gene symbol in receptor,phage present in UniProt but no tail/RBP protein annotated,,Sinorhizobium meliloti RU11/001,"Sinorhizobium meliloti RU11/001 chromosome, complete genome",,,,,,high,medium,none
SPN17T,yes,long non-contractile,Siphoviridae,Salmonella enterica serovar Typhimurium,90371,Salmonella enterica subsp. enterica serovar Typhimurium,Gram negative,cell wall,"BtuB, vitamin B12 membrane transporter",Membrane Proteins,Protein,Broad,predicted-from-receptor,medium,conserved outer membrane protein receptor -> broad predicted,Shin et al. 2012,10.1371/journal.pone.0043392, ,Yes,yes,https://www.ncbi.nlm.nih.gov/nuccore/M89481.1,M89481.1,specific gene,BtuB,no,,,none,,PhReD,PhReD: The Phage Receptor Database (Bio-conversion Databank Foundation). https://phred.biodf.org,2026-07-10,no,,,specific receptor gene BtuB,phage not found in UniProt,,Salmonella enterica subsp. enterica serovar Typhimurium,"Salmonella typhimurium vitamin B12 transport protein (btuB) gene, complete cds",,,,,,high,high,none
T1,yes,long non-contractile,Siphoviridae,Escherichia coli,562,Escherichia coli,Gram negative,cell wall,"Proteins TonA (FhuA, involved in ferrichrome uptake) and TonB",Membrane Proteins,Protein,Broad,predicted-from-receptor,medium,conserved outer membrane protein receptor -> broad predicted,Hantke and Braun 1975; Hancock and Braun 1976; Hantke and Braun 1978,"10.1016/0014-5793(75)80771-x (Hantke and Braun 1975),  10.1128/jb.125.2.409-415.1976 (Hancock and Braun), 10.1128/jb.135.1.190-197.1978 (Hantke and Braun 1978)", ,Yes,yes,https://www.ncbi.nlm.nih.gov/nuccore/M12486.1,M12486.1,specific gene,FhuA,yes,https://www.uniprot.org/uniprotkb/Q6XQB2,Q6XQB2,specific RBP,Probable tail fiber protein,PhReD,PhReD: The Phage Receptor Database (Bio-conversion Databank Foundation). https://phred.biodf.org,2026-07-10,no,,,specific receptor gene FhuA,name collision resolved by host; other candidates: Xanthomonas phage MUD8-T1,,Escherichia coli,"E.coli fhuA, fhuC and fhuD genes encoding the ferrichrome-iron receptor and two ferric aerobactin and ferric coprogen transport proteins, complete cds",Escherichia phage T1,,,,,high,high,high
Bp7,yes,contractile,Myoviridae,Escherichia coli,562,Escherichia coli,Gram negative,cell wall,"LamB and OmpC primary receptors, inner core polysaccharide secondary receptors",Membrane Proteins,Protein,Broad,predicted-from-receptor,medium,conserved outer membrane protein receptor -> broad predicted,Chen et al. 2020,10.1128/JVI.00325-20, ,Yes,yes,https://www.ncbi.nlm.nih.gov/nuccore/M26131.1,M26131.1,specific gene,LamB,yes,https://www.uniprot.org/uniprotkb/G3MUK5,G3MUK5,specific RBP,Long tail fiber protein Gp37,PhReD,PhReD: The Phage Receptor Database (Bio-conversion Databank Foundation). https://phred.biodf.org,2026-07-10,no,,,specific receptor gene LamB,,,Escherichia coli,"E.coli lambda receptor (lamB) gene, complete cds",Escherichia phage Bp7,resolved,"LamB, OmpC, and the Core Lipopolysaccharide of Escherichia coli K-12 Function as Receptors of Bacteriophage Bp7",corroborated,9 independent record(s) link Bp7 to LamB,high,high,high
JM3,yes,long non-contractile,Siphoviridae,Lactococcus lactis,1358,Lactococcus lactis,Gram positive,cell wall,cell wall polysaccharides,N/A,,Undetermined,insufficient-data,none,receptor does not support a host-range prediction,Mahony et al. 2013,10.1128/AEM.00653-13, ,Yes,yes,https://www.ncbi.nlm.nih.gov/nuccore/NZ_CP184687.1,NZ_CP184687.1,host genome (fallback),,yes,https://www.uniprot.org/uniprotkb/R9R2A2,R9R2A2,specific RBP,Receptor binding protein,PhReD,PhReD: The Phage Receptor Database (Bio-conversion Databank Foundation). https://phred.biodf.org,2026-07-10,no,,receptor does not fit any defined domain,host genome fallback: no gene symbol in receptor,,,Lactococcus lactis,Lactococcus lactis strain L81 chromosome,Lactococcus phage jm3,resolved,Investigation of the Relationship between Lactococcal Host Cell Wall Polysaccharide Genotype and 936 Phage Receptor Binding Protein Phylogeny,corroborated,55 independent record(s) link JM3 to N/A,none,medium,high
S133,yes,long non-contractile,Siphoviridae,Salmonella enterica serovar Typhimurium,90371,Salmonella enterica subsp. enterica serovar Typhimurium,Gram negative,cell wall,O-antigen,LPS,Glycan,Narrow,predicted-from-receptor,medium,specific O-antigen/serotype -> narrow predicted,Gencay et al. 2019,10.1111/1462-2920.14597, ,Yes,yes,https://www.ncbi.nlm.nih.gov/nuccore/NZ_CP104816.1,NZ_CP104816.1,host genome (fallback),,yes,https://www.uniprot.org/uniprotkb/A0A2Z5HS10,A0A2Z5HS10,specific RBP,Receptor-binding protein,PhReD,PhReD: The Phage Receptor Database (Bio-conversion Databank Foundation). https://phred.biodf.org,2026-07-10,no,,,host genome fallback: no gene symbol in receptor,,,Salmonella enterica subsp. enterica serovar Typhimurium,"Salmonella enterica subsp. enterica serovar Typhimurium strain STMC125 chromosome, complete genome",Salmonella phage S133,,,,,high,medium,high
P3,yes,short,Podoviridae,Acinetobacter baumannii,470,Acinetobacter baumannii,Gram negative,cell wall,capsular polysaccharides,Capsular Polysaccharide,Glycan,Narrow,predicted-from-receptor,medium,capsule/K-antigen is strain/serotype specific -> narrow predicted,Oliveira et al. 2017,10.1111/1462-2920.13970, ,Yes,yes,https://www.ncbi.nlm.nih.gov/nuccore/NZ_CP156044.1,NZ_CP156044.1,host genome (fallback),,no,,,none,,PhReD,PhReD: The Phage Receptor Database (Bio-conversion Databank Foundation). https://phred.biodf.org,2026-07-10,no,,,host genome fallback: no gene symbol in receptor,phage present in UniProt but no tail/RBP protein annotated,,Acinetobacter baumannii,"Acinetobacter baumannii strain D13 chromosome, complete genome",,,,,,high,medium,none
JG024,yes,contractile,Myoviridae,Pseudomonas aeruginosa,287,Pseudomonas aeruginosa,Gram negative,cell wall,LPS core and common antigen,LPS,Glycan,Broad,predicted-from-receptor,low,conserved LPS core -> broad predicted,Garbe et al. 2010,10.1186/1471-2180-10-301, ,Yes,yes,https://www.ncbi.nlm.nih.gov/nuccore/NZ_OZ484744.1,NZ_OZ484744.1,host genome (fallback),,yes,https://www.uniprot.org/uniprotkb/E5E3G8,E5E3G8,specific RBP,Putative tail fiber protein,PhReD,PhReD: The Phage Receptor Database (Bio-conversion Databank Foundation). https://phred.biodf.org,2026-07-10,no,,,host genome fallback: no gene symbol in receptor,,,Pseudomonas aeruginosa,"Pseudomonas aeruginosa strain PA3 isolate PA3 chromosome 1, complete sequence",Pseudomonas phage JG024,,,,,high,medium,high
φPLS-1,yes,contractile,Myoviridae,Pseudomonas aeruginosa,287,Pseudomonas aeruginosa,Gram negative,cell wall,LPS,LPS,Glycan,Narrow,predicted-from-receptor,low,O-antigen LPS generally serotype-specific -> narrow predicted (weak),Jarrell and Kropinski 1976,10.1099/0022-1317-33-1-99, ,Yes,yes,https://www.ncbi.nlm.nih.gov/nuccore/NZ_OZ484744.1,NZ_OZ484744.1,host genome (fallback),,no,,,none,,PhReD,PhReD: The Phage Receptor Database (Bio-conversion Databank Foundation). https://phred.biodf.org,2026-07-10,no,,,host genome fallback: no gene symbol in receptor,phage not found in UniProt,,Pseudomonas aeruginosa,"Pseudomonas aeruginosa strain PA3 isolate PA3 chromosome 1, complete sequence",,,,,,high,medium,none
B2 (alternate family),yes,long non-contractile,Siphoviridae,Lactobacillus plantarum,1590,Lactiplantibacillus plantarum,Gram positive,cell wall,Glucose substituents in teichoic acid,Teichoic Acids,Glycan,Undetermined,insufficient-data,none,Teichoic Acids host range is context-dependent; no empirical data in source,Douglas and Wolin 1971,10.1021/bi00785a007, ,Yes,yes,https://www.ncbi.nlm.nih.gov/nuccore/NZ_CP185953.1,NZ_CP185953.1,host genome (fallback),,no,,,none,,PhReD,PhReD: The Phage Receptor Database (Bio-conversion Databank Foundation). https://phred.biodf.org,2026-07-10,no,,,host genome fallback: no gene symbol in receptor,phage not found in UniProt,taxonomic synonym applied: Lactobacillus plantarum -> Lactiplantibacillus plantarum,Lactiplantibacillus plantarum,"Lactiplantibacillus plantarum strain BLP3 chromosome, complete genome",,,,,,high,medium,none
B8,yes,short,Podoviridae,Acinetobacter baumannii,470,Acinetobacter baumannii,Gram negative,cell wall,capsular polysaccharides,Capsular Polysaccharide,Glycan,Narrow,predicted-from-receptor,medium,capsule/K-antigen is strain/serotype specific -> narrow predicted,Oliveira et al. 2017,10.1111/1462-2920.13970, ,Yes,yes,https://www.ncbi.nlm.nih.gov/nuccore/NZ_CP156044.1,NZ_CP156044.1,host genome (fallback),,no,,,none,,PhReD,PhReD: The Phage Receptor Database (Bio-conversion Databank Foundation). https://phred.biodf.org,2026-07-10,no,,,host genome fallback: no gene symbol in receptor,phage present in UniProt but no tail/RBP protein annotated,,Acinetobacter baumannii,"Acinetobacter baumannii strain D13 chromosome, complete genome",,,,,,high,medium,none
φ241,yes,contractile,Myoviridae,Escherichia coli,562,Escherichia coli,Gram negative,cell wall,O-antigen of LPS,LPS,Glycan,Narrow,predicted-from-receptor,medium,specific O-antigen/serotype -> narrow predicted,Lu and Breidt 2015,10.3389/fmicb.2015.00067, ,Yes,yes,https://www.ncbi.nlm.nih.gov/nuccore/NZ_CP187781.1,NZ_CP187781.1,host genome (fallback),,no,,,none,,PhReD,PhReD: The Phage Receptor Database (Bio-conversion Databank Foundation). https://phred.biodf.org,2026-07-10,no,,,host genome fallback: no gene symbol in receptor,phage present in UniProt but no tail/RBP protein annotated,,Escherichia coli,"Escherichia coli strain 097H6 chromosome, complete genome",,,,,,high,medium,none
M5939,yes,long non-contractile,Siphoviridae,Lactococcus lactis,1358,Lactococcus lactis,Gram positive,cell wall,Pip,Membrane Proteins,Protein,Broad,predicted-from-receptor,medium,conserved outer membrane protein receptor -> broad predicted,Millen et al. 2017,10.1099/jgv.0.000499, ,Yes,yes,https://www.ncbi.nlm.nih.gov/nuccore/NZ_CP184687.1,NZ_CP184687.1,host genome (fallback),,no,,,none,,PhReD,PhReD: The Phage Receptor Database (Bio-conversion Databank Foundation). https://phred.biodf.org,2026-07-10,yes,receptor text does not support domain 'Membrane Proteins',,host genome fallback: no gene symbol in receptor,phage not found in UniProt,,Lactococcus lactis,Lactococcus lactis strain L81 chromosome,,resolved,Genetic determinants of lactococcal C2viruses for host infection and their role in phage evolution,uncorroborated,"M5939 appears in 1 record(s), but none co-mention 'Membrane Proteins'",high,medium,none
SPN2T,yes,long non-contractile,Siphoviridae,Salmonella enterica serovar Typhimurium,90371,Salmonella enterica subsp. enterica serovar Typhimurium,Gram negative,flagella,FliC,Flagella,Protein,Undetermined,insufficient-data,none,Flagella host range is context-dependent; no empirical data in source,Shin et al. 2012,10.1371/journal.pone.0043392, ,Yes,yes,https://www.ncbi.nlm.nih.gov/nuccore/JN587177.1,JN587177.1,specific gene,FliC,no,,,none,,PhReD,PhReD: The Phage Receptor Database (Bio-conversion Databank Foundation). https://phred.biodf.org,2026-07-10,no,,,specific receptor gene FliC,phage not found in UniProt,,Salmonella enterica subsp. enterica serovar Typhimurium,"Salmonella enterica subsp. enterica serovar Typhimurium strain SJW23 flagellin type 1 (fliC) gene, complete cds",,,,,,high,high,none
phi-Axp-1,yes,long non-contractile,Siphoviridae,Achromobacter xylosoxidans,85698,Achromobacter xylosoxidans,Gram negative,cell wall,LPS,LPS,Glycan,Narrow,predicted-from-receptor,low,O-antigen LPS generally serotype-specific -> narrow predicted (weak),Li et al. 2016 A,10.1038/srep21943, ,Yes,yes,https://www.ncbi.nlm.nih.gov/nuccore/NZ_AP028040.1,NZ_AP028040.1,host genome (fallback),,no,,,none,,PhReD,PhReD: The Phage Receptor Database (Bio-conversion Databank Foundation). https://phred.biodf.org,2026-07-10,no,,,host genome fallback: no gene symbol in receptor,phage not found in UniProt,,Achromobacter xylosoxidans,"Achromobacter xylosoxidans strain H1_3_1 chromosome, complete genome",,,,,,high,medium,none
Sano,yes,long non-contractile,Siphoviridae,Xylella fastidiosa,2371,Xylella fastidiosa,Gram negative,pili,PilA,Pili,Protein,Undetermined,insufficient-data,none,Pili host range is context-dependent; no empirical data in source,Ahern et al. 2014,10.1128/JB.01080-13, ,Yes,yes,https://www.ncbi.nlm.nih.gov/nuccore/MN590488.1,MN590488.1,specific gene,PilA,yes,https://www.uniprot.org/uniprotkb/V5Q7G5,V5Q7G5,specific RBP,Tail fiber protein,PhReD,PhReD: The Phage Receptor Database (Bio-conversion Databank Foundation). https://phred.biodf.org,2026-07-10,no,,,specific receptor gene PilA,,,Xylella fastidiosa,"Xylella fastidiosa strain PierceMed1 pilin (pilA) gene, partial cds",Xylella phage Sano,,,,,high,high,high
IME340,yes,contractile,Myoviridae,Escherichia coli,562,Escherichia coli,Gram negative,cell wall,OmpA,Membrane Proteins,Protein,Broad,predicted-from-receptor,medium,conserved outer membrane protein receptor -> broad predicted,Li et al. 2019,10.3389/fmicb.2019.00850, ,Yes,yes,https://www.ncbi.nlm.nih.gov/nuccore/EU183344.1,EU183344.1,specific gene,OmpA,no,,,none,,PhReD,PhReD: The Phage Receptor Database (Bio-conversion Databank Foundation). https://phred.biodf.org,2026-07-10,no,,,specific receptor gene OmpA,phage present in UniProt but no tail/RBP protein annotated,,Escherichia coli,"Escherichia coli strain SYW048 outer membrane protein A (ompA) gene, ompA-2 allele, partial cds",,resolved,Screening of Polyvalent Phage-Resistant Escherichia coli Strains Based on Phage Receptor Analysis,corroborated,1 independent record(s) link IME340 to OmpA,high,high,none
IME18,yes,long non-contractile,Siphoviridae,Escherichia coli,562,Escherichia coli,Gram negative,cell wall,FhuA,Membrane Proteins,Protein,Broad,predicted-from-receptor,medium,conserved outer membrane protein receptor -> broad predicted,Li et al. 2019,10.3389/fmicb.2019.00850, ,Yes,yes,https://www.ncbi.nlm.nih.gov/nuccore/M12486.1,M12486.1,specific gene,FhuA,no,,,none,,PhReD,PhReD: The Phage Receptor Database (Bio-conversion Databank Foundation). https://phred.biodf.org,2026-07-10,no,,,specific receptor gene FhuA,phage present in UniProt but no tail/RBP protein annotated,,Escherichia coli,"E.coli fhuA, fhuC and fhuD genes encoding the ferrichrome-iron receptor and two ferric aerobactin and ferric coprogen transport proteins, complete cds",,,,,,high,high,none
G7C,yes,short,Podoviridae,Escherichia coli,562,Escherichia coli,Gram negative,cell wall,LPS O antigen,LPS,Glycan,Narrow,predicted-from-receptor,medium,specific O-antigen/serotype -> narrow predicted,Prokhorov et al. 2017,doi:10.1111/mmi.13710, ,Yes,yes,https://www.ncbi.nlm.nih.gov/nuccore/NZ_CP187781.1,NZ_CP187781.1,host genome (fallback),,no,,,none,,PhReD,PhReD: The Phage Receptor Database (Bio-conversion Databank Foundation). https://phred.biodf.org,2026-07-10,no,,,host genome fallback: no gene symbol in receptor,phage present in UniProt but no tail/RBP protein annotated,,Escherichia coli,"Escherichia coli strain 097H6 chromosome, complete genome",,,,,,high,medium,none
TuIa,yes,contractile,Myoviridae,Escherichia coli,562,Escherichia coli,Gram negative,cell wall,Protein Ia (OmpF) with LPS,Membrane Proteins,Protein,Broad,predicted-from-receptor,medium,conserved outer membrane protein receptor -> broad predicted,Datta et al. 1977,10.1128/jb.131.3.821-829.1977, ,Yes,yes,https://www.ncbi.nlm.nih.gov/nuccore/GQ465827.1,GQ465827.1,specific gene,OmpF,no,,,none,,PhReD,PhReD: The Phage Receptor Database (Bio-conversion Databank Foundation). https://phred.biodf.org,2026-07-10,yes,low-confidence domain assignment,"multi-domain unresolved, took first-mentioned; all: LPS, Membrane Proteins",specific receptor gene OmpF,phage present in UniProt but no tail/RBP protein annotated,,Escherichia coli,"Escherichia coli strain EC-454/03 outer membrane protein F (ompF) gene, complete cds",,resolved,Major proteins of the Escherichia coli outer cell envelope membrane as bacteriophage receptors,corroborated,40 independent record(s) link TuIa to OmpF,low,high,none
F362,yes,contractile,Myoviridae,Campylobacter jejuni,197,Campylobacter jejuni,Gram negative,cell wall,capsular polysaccharides,Capsular Polysaccharide,Glycan,Narrow,predicted-from-receptor,medium,capsule/K-antigen is strain/serotype specific -> narrow predicted,Sørensen et al. 2015,10.1371/journal.pone.0116287, ,Yes,yes,https://www.ncbi.nlm.nih.gov/nuccore/NZ_CP172364.1,NZ_CP172364.1,host genome (fallback),,no,,,none,,PhReD,PhReD: The Phage Receptor Database (Bio-conversion Databank Foundation). https://phred.biodf.org,2026-07-10,no,,,host genome fallback: no gene symbol in receptor,phage not found in UniProt,,Campylobacter jejuni,"Campylobacter jejuni strain YH021 chromosome, complete genome",,resolved,Primary Isolation Strain Determines Both Phage Type and Receptors Recognised by Campylobacter jejuni Bacteriophages,corroborated,4 independent record(s) link F362 to capsular polysaccharide,high,medium,none
F376,yes,contractile,Myoviridae,Campylobacter jejuni,197,Campylobacter jejuni,Gram negative,flagella,rotating flagella,Flagella,Protein,Undetermined,insufficient-data,none,Flagella host range is context-dependent; no empirical data in source,Sørensen et al. 2015,10.1371/journal.pone.0116287, ,Yes,yes,https://www.ncbi.nlm.nih.gov/nuccore/NZ_CP172364.1,NZ_CP172364.1,host genome (fallback),,no,,,none,,PhReD,PhReD: The Phage Receptor Database (Bio-conversion Databank Foundation). https://phred.biodf.org,2026-07-10,no,,,host genome fallback: no gene symbol in receptor,phage not found in UniProt,,Campylobacter jejuni,"Campylobacter jejuni strain YH021 chromosome, complete genome",,,,,,high,medium,none
c2,yes,long non-contractile,Siphoviridae,Lactococcus lactis,1358,Lactococcus lactis,Gram positive,cell wall,"rhamnose in carbohydrates in cell wall for reversible binding, Pip (phage infection protein)  for irreversible binding",Membrane Proteins,Protein,Broad,predicted-from-receptor,medium,conserved outer membrane protein receptor -> broad predicted,"Geller et al. 1993, Monteville et al. 1994","10.1128/jb.175.17.5510-5519.1993 (Geller et al), 10.1128/aem.60.9.3204-3211.1994 (Monteville et al)", ,Yes,yes,https://www.ncbi.nlm.nih.gov/nuccore/NZ_CP184687.1,NZ_CP184687.1,host genome (fallback),,yes,https://www.uniprot.org/uniprotkb/A0A649WKG1,A0A649WKG1,specific RBP,Tail fiber protein,PhReD,PhReD: The Phage Receptor Database (Bio-conversion Databank Foundation). https://phred.biodf.org,2026-07-10,yes,receptor text does not support domain 'Membrane Proteins',,host genome fallback: no gene symbol in receptor,,,Lactococcus lactis,Lactococcus lactis strain L81 chromosome,Salmonella phage C2,resolved,Cloning of a chromosomal gene required for phage infection of Lactococcus lactis subsp. lactis C2,corroborated,2631 independent record(s) link c2 to Membrane Proteins,high,medium,high
CHPC926,yes,long non-contractile,Siphoviridae,Streptococcus thermophilus,1308,Streptococcus thermophilus,Gram negative,cell wall,exocellular polysaccharides associated with the cell surface,Capsular Polysaccharide,Glycan,Narrow,predicted-from-receptor,medium,capsule/K-antigen is strain/serotype specific -> narrow predicted,Szymczak et al. 2018,10.1128/AEM.01847-18, ,Yes,yes,https://www.ncbi.nlm.nih.gov/nuccore/NZ_CP065485.1,NZ_CP065485.1,host genome (fallback),,yes,https://www.uniprot.org/uniprotkb/A0A1L2JXQ1,A0A1L2JXQ1,other tail protein,Tail protein,PhReD,PhReD: The Phage Receptor Database (Bio-conversion Databank Foundation). https://phred.biodf.org,2026-07-10,no,,,host genome fallback: no gene symbol in receptor,no specific RBP annotated; using another tail protein (Patrick's fallback),,Streptococcus thermophilus,"Streptococcus thermophilus strain MM20 chromosome, complete genome",Streptococcus phage CHPC926,,,,,high,medium,medium
I3,yes,contractile,Myoviridae,Mycobacterium smegmatis,1772,Mycolicibacterium smegmatis,Acid fast,cell wall,fatty acyl tetrapeptide cores containing di- or tri-O-methylated rhamnose,N/A,,Undetermined,insufficient-data,none,receptor does not support a host-range prediction,Chen et al. 2009,10.1099/mic.0.033209-0, ,Yes,yes,https://www.ncbi.nlm.nih.gov/nuccore/NZ_CP027541.1,NZ_CP027541.1,host genome (fallback),,yes,https://www.uniprot.org/uniprotkb/A0A8F2IWU4,A0A8F2IWU4,specific RBP,Tail fiber protein,PhReD,PhReD: The Phage Receptor Database (Bio-conversion Databank Foundation). https://phred.biodf.org,2026-07-10,no,,receptor does not fit any defined domain,host genome fallback: no gene symbol in receptor,,taxonomic synonym applied: Mycobacterium smegmatis -> Mycolicibacterium smegmatis,Mycolicibacterium smegmatis MKD8,"Mycolicibacterium smegmatis MKD8 chromosome, complete genome",Mycobacterium phage I3,,,,,none,medium,high
F382,yes,contractile,Myoviridae,Campylobacter jejuni,197,Campylobacter jejuni,Gram negative,flagella,rotating flagella,Flagella,Protein,Undetermined,insufficient-data,none,Flagella host range is context-dependent; no empirical data in source,Sørensen et al. 2015,10.1371/journal.pone.0116287, ,Yes,yes,https://www.ncbi.nlm.nih.gov/nuccore/NZ_CP172364.1,NZ_CP172364.1,host genome (fallback),,no,,,none,,PhReD,PhReD: The Phage Receptor Database (Bio-conversion Databank Foundation). https://phred.biodf.org,2026-07-10,no,,,host genome fallback: no gene symbol in receptor,phage not found in UniProt,,Campylobacter jejuni,"Campylobacter jejuni strain YH021 chromosome, complete genome",,,,,,high,medium,none
φRSM3,no,none (filamentous),Inoviridae,Ralstonia solanacearum,305,Ralstonia solanacearum,Gram negative,pili,type IV pili,Pili,Protein,Undetermined,insufficient-data,none,Pili host range is context-dependent; no empirical data in source,Askora et al. 2009,10.1016/j.virol.2008.11.007, ,Yes,yes,https://www.ncbi.nlm.nih.gov/nuccore/NZ_CP139480.1,NZ_CP139480.1,host genome (fallback),,no,,,none,,PhReD,PhReD: The Phage Receptor Database (Bio-conversion Databank Foundation). https://phred.biodf.org,2026-07-10,no,,,host genome fallback: no gene symbol in receptor,phage present in UniProt but no tail/RBP protein annotated,,Ralstonia solanacearum,"Ralstonia solanacearum strain AHR56 chromosome, complete genome",,resolved,"Host recognition and integration of filamentous phage ϕRSM in the phytopathogen, Ralstonia solanacearum",corroborated,5 independent record(s) link φRSM3 to pili,high,medium,none
φSM,yes,long non-contractile,Siphoviridae,Citrobacter rodentium,67825,Citrobacter rodentium,Gram negative,cell wall,LPS GlcIII residue,LPS,Glycan,Narrow,predicted-from-receptor,low,O-antigen LPS generally serotype-specific -> narrow predicted (weak),Magaziner et al. 2019,10.1128/JB.00638-18, ,Yes,yes,https://www.ncbi.nlm.nih.gov/nuccore/NZ_CP038008.1,NZ_CP038008.1,host genome (fallback),,no,,,none,,PhReD,PhReD: The Phage Receptor Database (Bio-conversion Databank Foundation). https://phred.biodf.org,2026-07-10,no,,,host genome fallback: no gene symbol in receptor,phage present in UniProt but no tail/RBP protein annotated,,Citrobacter rodentium,"Citrobacter rodentium strain DBS100 chromosome, complete genome",,,,,,high,medium,none
TP901-1erm,yes,long non-contractile,Siphoviridae,Lactococcus lactis,1358,Lactococcus lactis,Gram positive,cell wall,cell wall polysaccharides subtype C2,N/A,,Undetermined,insufficient-data,none,receptor does not support a host-range prediction,Ainsworth et al. 2014,10.1128/mBio.00880-14, ,Yes,yes,https://www.ncbi.nlm.nih.gov/nuccore/NZ_CP184687.1,NZ_CP184687.1,host genome (fallback),,no,,,none,,PhReD,PhReD: The Phage Receptor Database (Bio-conversion Databank Foundation). https://phred.biodf.org,2026-07-10,no,,receptor does not fit any defined domain,host genome fallback: no gene symbol in receptor,phage not found in UniProt,,Lactococcus lactis,Lactococcus lactis strain L81 chromosome,,,,,,none,medium,none
SPN14,yes,long non-contractile,Siphoviridae,Salmonella enterica serovar Typhimurium,90371,Salmonella enterica subsp. enterica serovar Typhimurium,Gram negative,cell wall,"BtuB, vitamin B12 membrane transporter",Membrane Proteins,Protein,Broad,predicted-from-receptor,medium,conserved outer membrane protein receptor -> broad predicted,Shin et al. 2012,10.1371/journal.pone.0043392, ,Yes,yes,https://www.ncbi.nlm.nih.gov/nuccore/M89481.1,M89481.1,specific gene,BtuB,no,,,none,,PhReD,PhReD: The Phage Receptor Database (Bio-conversion Databank Foundation). https://phred.biodf.org,2026-07-10,no,,,specific receptor gene BtuB,phage not found in UniProt,,Salmonella enterica subsp. enterica serovar Typhimurium,"Salmonella typhimurium vitamin B12 transport protein (btuB) gene, complete cds",,,,,,high,high,none
KVP40,yes,contractile,Myoviridae,Vibrio sp.,678,Vibrio sp.,Gram negative,cell wall,Protein OmpK,Membrane Proteins,Protein,Broad,predicted-from-receptor,medium,conserved outer membrane protein receptor -> broad predicted,Inuoe et al. 1995,10.1111/j.1574-6968.1995.tb07342.x, ,Yes,no,,,none,,yes,https://www.uniprot.org/uniprotkb/Q6WHK5,Q6WHK5,specific RBP,Long tail fiber protein Gp37,PhReD,PhReD: The Phage Receptor Database (Bio-conversion Databank Foundation). https://phred.biodf.org,2026-07-10,no,,,no GenBank record found for receptor or host genome,,,,,Vibrio phage KVP40 (isolate Vibrio parahaemolyticus/Japan/Matsuzaki/1991),,,,,high,none,high
fPS-50,yes,short,Podoviridae,Yersinia enterocolitica,630,Yersinia enterocolitica,Gram negative,cell wall,LPS O antigen,LPS,Glycan,Narrow,predicted-from-receptor,medium,specific O-antigen/serotype -> narrow predicted,Salem et al. 2018,10.3390/v10040174, ,Yes,yes,https://www.ncbi.nlm.nih.gov/nuccore/NZ_CP139458.1,NZ_CP139458.1,host genome (fallback),,no,,,none,,PhReD,PhReD: The Phage Receptor Database (Bio-conversion Databank Foundation). https://phred.biodf.org,2026-07-10,no,,,host genome fallback: no gene symbol in receptor,phage not found in UniProt,,Yersinia enterocolitica,"Yersinia enterocolitica strain Y40 chromosome, complete genome",,,,,,high,medium,none
T2,yes,contractile,Myoviridae,Escherichia coli,562,Escherichia coli,Gram negative,cell wall,Protein Ia (OmpF) with LPS and the outer membrane protein FadL (involved in the uptake of long-chain fatty acids),Membrane Proteins,Protein,Broad,predicted-from-receptor,medium,conserved outer membrane protein receptor -> broad predicted,Hantke 1978; Morona and Henning 1986; Black 1988 ,"10.1128/jb.135.1.190-197.1978 (Hantke and Braun 1978), 10.1128/jb.159.2.579-582.1984 (Morona and Henning), 10.1128/jb.170.6.2850-2854.1988 (Black)", ,Yes,yes,https://www.ncbi.nlm.nih.gov/nuccore/GQ465827.1,GQ465827.1,specific gene,OmpF,yes,https://www.uniprot.org/uniprotkb/P07067,P07067,specific RBP,Long tail fiber protein Gp37,PhReD,PhReD: The Phage Receptor Database (Bio-conversion Databank Foundation). https://phred.biodf.org,2026-07-10,yes,low-confidence domain assignment,"multi-domain unresolved, took first-mentioned; all: LPS, Membrane Proteins",specific receptor gene OmpF,name collision resolved by host; other candidates: Tequatrovirus T2,,Escherichia coli,"Escherichia coli strain EC-454/03 outer membrane protein F (ompF) gene, complete cds",Enterobacteria phage T2,resolved,Functional Interaction of the tonA/tonB Receptor System in Escherichia coli,corroborated,194 independent record(s) link T2 to OmpF,low,high,high
936,yes,long non-contractile,Siphoviridae,Lactococcus lactis,1358,Lactococcus lactis,Gram positive,cell wall,cell wall polysaccharides,N/A,,Undetermined,insufficient-data,none,receptor does not support a host-range prediction,Mahony et al. 2013,10.1128/AEM.00653-13, ,Yes,yes,https://www.ncbi.nlm.nih.gov/nuccore/NZ_CP184687.1,NZ_CP184687.1,host genome (fallback),,yes,https://www.uniprot.org/uniprotkb/Q71AV7,Q71AV7,specific RBP,Putative receptor binding protein,PhReD,PhReD: The Phage Receptor Database (Bio-conversion Databank Foundation). https://phred.biodf.org,2026-07-10,no,,receptor does not fit any defined domain,host genome fallback: no gene symbol in receptor,"name collision resolved by host; other candidates: Lactococcus phage 936 group phage Phi109, Lactococcus phage 936 group phage Phi155, Lactococcus phage 936 group phage Phi19.3, Lactococcus phage 936 group phage Phi4.2, Lactococcus phage 936 group phage Phi44, Lactococcus phage 936 group phage Phi5.12, Lactococcus phage 936 group phage Phi91127, Lactococcus phage 936 group phage PhiA.16, Lactococcus phage 936 group phage PhiB1127, Lactococcus phage 936 group phage PhiE1127, Lactococcus phage 936 group phage PhiF0139, Lactococcus phage 936 group phage PhiJF1, Lactococcus phage 936 group phage PhiL.18, Lactococcus phage 936 group phage PhiL.6, Lactococcus phage 936 group phage PhiLj, Lactococcus phage 936 group phage PhiM1127, Lactococcus phage 936 group phage PhiS0139",,Lactococcus lactis,Lactococcus lactis strain L81 chromosome,Lactococcus phage 936,,,,,none,medium,high
F370,yes,contractile,Myoviridae,Campylobacter jejuni,197,Campylobacter jejuni,Gram negative,cell wall,MeOPN modification of GalfNAc of capsular polysaccharides,Capsular Polysaccharide,Glycan,Narrow,predicted-from-receptor,medium,capsule/K-antigen is strain/serotype specific -> narrow predicted,Sørensen et al. 2015,10.1371/journal.pone.0116287, ,Yes,yes,https://www.ncbi.nlm.nih.gov/nuccore/NZ_CP172364.1,NZ_CP172364.1,host genome (fallback),,no,,,none,,PhReD,PhReD: The Phage Receptor Database (Bio-conversion Databank Foundation). https://phred.biodf.org,2026-07-10,no,,,host genome fallback: no gene symbol in receptor,phage not found in UniProt,,Campylobacter jejuni,"Campylobacter jejuni strain YH021 chromosome, complete genome",,,,,,high,medium,none
Vi Phage VI,yes,short,Podoviridae,Salmonella enterica serovar Typhi,90370,Salmonella enterica subsp. enterica serovar Typhi,Gram negative,cell wall,Vi exopolysaccharide,Capsular Polysaccharide,Glycan,Narrow,predicted-from-receptor,medium,capsule/K-antigen is strain/serotype specific -> narrow predicted,Pickard et al. 2010,10.1128/JB.00659-10, ,Yes,yes,https://www.ncbi.nlm.nih.gov/nuccore/NZ_LR590081.1,NZ_LR590081.1,host genome (fallback),,no,,,none,,PhReD,PhReD: The Phage Receptor Database (Bio-conversion Databank Foundation). https://phred.biodf.org,2026-07-10,no,,,host genome fallback: no gene symbol in receptor,phage not found in UniProt,,Salmonella enterica subsp. enterica serovar Typhi str. Ty2,Salmonella enterica subsp. enterica serovar Typhi str. Ty2 strain 4316STDY6559669 chromosome 1,,,,,,high,medium,none
Thanatos-1,yes,contractile,Myoviridae,Shewanella oneidensis,70863,Shewanella oneidensis,Gram negative,cell wall,LPS,LPS,Glycan,Narrow,predicted-from-receptor,low,O-antigen LPS generally serotype-specific -> narrow predicted (weak),Kreienbaum et al. 2020,10.3389/fmicb.2020.573260, ,Yes,yes,https://www.ncbi.nlm.nih.gov/nuccore/NZ_CP053946.1,NZ_CP053946.1,host genome (fallback),,no,,,none,,PhReD,PhReD: The Phage Receptor Database (Bio-conversion Databank Foundation). https://phred.biodf.org,2026-07-10,no,,,host genome fallback: no gene symbol in receptor,phage not found in UniProt,,Shewanella oneidensis MR-1,Shewanella oneidensis MR-1 chromosome,,,,,,high,medium,none
φAcM4,yes,long non-contractile,Siphoviridae,Asticcacaulis biprosthecium,76891,Asticcacaulis biprosthecium,Gram negative,flagella,flagella,Flagella,Protein,Undetermined,insufficient-data,none,Flagella host range is context-dependent; no empirical data in source,Pate et al. 1979,10.1016/0042-6822(79)90435-5, ,Yes,no,,,none,,no,,,none,,PhReD,PhReD: The Phage Receptor Database (Bio-conversion Databank Foundation). https://phred.biodf.org,2026-07-10,no,,,no GenBank record found for receptor or host genome,phage not found in UniProt,,,,,,,,,high,none,none
SP10,yes,contractile,Herelleviridae,Bacillus subtilis,1423,Bacillus subtilis,Gram positive,cell wall,glucosylation of polyglycerol  teichoic acid,Teichoic Acids,Glycan,Undetermined,insufficient-data,none,Teichoic Acids host range is context-dependent; no empirical data in source,Young 1967,10.1073/pnas.58.6.2377, ,Yes,yes,https://www.ncbi.nlm.nih.gov/nuccore/NZ_CP160208.1,NZ_CP160208.1,host genome (fallback),,no,,,none,,PhReD,PhReD: The Phage Receptor Database (Bio-conversion Databank Foundation). https://phred.biodf.org,2026-07-10,no,,,host genome fallback: no gene symbol in receptor,phage present in UniProt but no tail/RBP protein annotated,,Bacillus subtilis,"Bacillus subtilis strain LTH 7164 chromosome, complete genome",,,,,,high,medium,none
SPN12C,yes,long non-contractile,Siphoviridae,Salmonella enterica serovar Typhimurium,90371,Salmonella enterica subsp. enterica serovar Typhimurium,Gram negative,cell wall,"BtuB, vitamin B12 membrane transporter",Membrane Proteins,Protein,Broad,predicted-from-receptor,medium,conserved outer membrane protein receptor -> broad predicted,Shin et al. 2012,10.1371/journal.pone.0043392, ,Yes,yes,https://www.ncbi.nlm.nih.gov/nuccore/M89481.1,M89481.1,specific gene,BtuB,no,,,none,,PhReD,PhReD: The Phage Receptor Database (Bio-conversion Databank Foundation). https://phred.biodf.org,2026-07-10,no,,,specific receptor gene BtuB,phage not found in UniProt,,Salmonella enterica subsp. enterica serovar Typhimurium,"Salmonella typhimurium vitamin B12 transport protein (btuB) gene, complete cds",,,,,,high,high,none
φeiAU,yes,long non-contractile,Siphoviridae,Edwardsiella ictaluri,67780,Edwardsiella ictaluri,Gram negative,cell wall,OmpLC,Membrane Proteins,Protein,Broad,predicted-from-receptor,medium,conserved outer membrane protein receptor -> broad predicted,Hossain et al. 2012,10.1099/mic.0.054866-0, ,Yes,yes,https://www.ncbi.nlm.nih.gov/nuccore/NZ_CP180729.1,NZ_CP180729.1,host genome (fallback),,yes,https://www.uniprot.org/uniprotkb/W0LM01,W0LM01,specific RBP,Host specificity protein,PhReD,PhReD: The Phage Receptor Database (Bio-conversion Databank Foundation). https://phred.biodf.org,2026-07-10,no,,,host genome fallback: no gene symbol in receptor,,,Edwardsiella ictaluri,"Edwardsiella ictaluri strain HCF-1 chromosome, complete genome",Edwardsiella phage eiAU,,,,,high,medium,high
fd,no,none (filamentous),Inoviridae,Escherichia coli,562,Escherichia coli,Gram negative,"pilus, periplasm","F pilus as primary receptor, TolA (C-terminal domain) coreceptor for infection",Pili,Protein,Undetermined,insufficient-data,none,Pili host range is context-dependent; no empirical data in source,Riechmann and Holliger 1997,10.1016/s0092-8674(00)80342-6, ,Yes,yes,https://www.ncbi.nlm.nih.gov/nuccore/M28232.1,M28232.1,specific gene,TolA,yes,https://www.uniprot.org/uniprotkb/P03661,P03661,specific RBP,Attachment protein G3P,PhReD,PhReD: The Phage Receptor Database (Bio-conversion Databank Foundation). https://phred.biodf.org,2026-07-10,no,,"multi-domain resolved by cue; also present: Membrane Proteins, Pili",specific receptor gene TolA,,,Escherichia coli,"E.coli tolerance to colicins (tolA and tolB) genes, complete cds",Enterobacteria phage fd,,,,,medium,high,high
VP3,yes,short,Podoviridae,Vibrio cholerae,666,Vibrio cholerae,Gram negative,cell wall,"core oligosaccharides of LPS, outer membrane protein TolC",LPS,Glycan,Broad,predicted-from-receptor,low,conserved LPS core -> broad predicted,"Zhang et al. 2009, Fan et al. 2018","10.1128/JB.01370-08 (Zhang et al 2009), 10.1074/jbc.M117.805689 (Fan et al 2018)", ,Yes,yes,https://www.ncbi.nlm.nih.gov/nuccore/AF282892.1,AF282892.1,specific gene,TolC,yes,https://www.uniprot.org/uniprotkb/B8XCQ2,B8XCQ2,specific RBP,Tail fiber protein,PhReD,PhReD: The Phage Receptor Database (Bio-conversion Databank Foundation). https://phred.biodf.org,2026-07-10,yes,low-confidence domain assignment,"multi-domain unresolved, took first-mentioned; all: LPS, Membrane Proteins",specific receptor gene TolC,,,Vibrio cholerae,"Vibrio cholerae outer membrane protein TolC gene, complete cds",Vibrio phage VP3,resolved,"The Core Oligosaccharide and Thioredoxin of
            <i>Vibrio cholerae</i>
            Are Necessary for Binding and Propagation of Its Typing Phage VP3",corroborated,15 independent record(s) link VP3 to TolC,low,high,high
SPN8T,yes,long non-contractile,Siphoviridae,Salmonella enterica serovar Typhimurium,90371,Salmonella enterica subsp. enterica serovar Typhimurium,Gram negative,flagella,FliC,Flagella,Protein,Undetermined,insufficient-data,none,Flagella host range is context-dependent; no empirical data in source,Shin et al. 2012,10.1371/journal.pone.0043392, ,Yes,yes,https://www.ncbi.nlm.nih.gov/nuccore/JN587177.1,JN587177.1,specific gene,FliC,no,,,none,,PhReD,PhReD: The Phage Receptor Database (Bio-conversion Databank Foundation). https://phred.biodf.org,2026-07-10,no,,,specific receptor gene FliC,phage not found in UniProt,,Salmonella enterica subsp. enterica serovar Typhimurium,"Salmonella enterica subsp. enterica serovar Typhimurium strain SJW23 flagellin type 1 (fliC) gene, complete cds",,,,,,high,high,none
APK48,yes,short,Autographiviridae,Acinetobacter baumannii,470,Acinetobacter baumannii,Gram negative,cell wall,capsular polysaccharides,Capsular Polysaccharide,Glycan,Narrow,predicted-from-receptor,medium,capsule/K-antigen is strain/serotype specific -> narrow predicted,Popova et al. 2021,10.1128/JVI.01714-20, ,Yes,yes,https://www.ncbi.nlm.nih.gov/nuccore/NZ_CP156044.1,NZ_CP156044.1,host genome (fallback),,no,,,none,,PhReD,PhReD: The Phage Receptor Database (Bio-conversion Databank Foundation). https://phred.biodf.org,2026-07-10,no,,,host genome fallback: no gene symbol in receptor,phage present in UniProt but no tail/RBP protein annotated,,Acinetobacter baumannii,"Acinetobacter baumannii strain D13 chromosome, complete genome",,,,,,high,medium,none
T7 Yp,yes,short,Podoviridae,Yersinia pestis,632,Yersinia pestis,Gram negative,cell wall,HepI/Glc residues of LPS,LPS,Glycan,Narrow,predicted-from-receptor,low,O-antigen LPS generally serotype-specific -> narrow predicted (weak),Filippov et al. 2011,10.1371/journal.pone.0025486, ,Yes,yes,https://www.ncbi.nlm.nih.gov/nuccore/NZ_CP033699.1,NZ_CP033699.1,host genome (fallback),,no,,,none,,PhReD,PhReD: The Phage Receptor Database (Bio-conversion Databank Foundation). https://phred.biodf.org,2026-07-10,no,,,host genome fallback: gene(s) HepI not found,phage not found in UniProt,,Yersinia pestis,"Yersinia pestis strain FDAARGOS_601 chromosome, complete genome",,,,,,high,medium,none
F358,yes,contractile,Myoviridae,Campylobacter jejuni,197,Campylobacter jejuni,Gram negative,cell wall,capsular polysaccharides,Capsular Polysaccharide,Glycan,Narrow,predicted-from-receptor,medium,capsule/K-antigen is strain/serotype specific -> narrow predicted,Sørensen et al. 2015,10.1371/journal.pone.0116287, ,Yes,yes,https://www.ncbi.nlm.nih.gov/nuccore/NZ_CP172364.1,NZ_CP172364.1,host genome (fallback),,no,,,none,,PhReD,PhReD: The Phage Receptor Database (Bio-conversion Databank Foundation). https://phred.biodf.org,2026-07-10,no,,,host genome fallback: no gene symbol in receptor,phage not found in UniProt,,Campylobacter jejuni,"Campylobacter jejuni strain YH021 chromosome, complete genome",,,,,,high,medium,none
φeiDWF,yes,long non-contractile,Siphoviridae,Edwardsiella ictaluri,67780,Edwardsiella ictaluri,Gram negative,cell wall,OmpLC,Membrane Proteins,Protein,Broad,predicted-from-receptor,medium,conserved outer membrane protein receptor -> broad predicted,Hossain et al. 2012,10.1099/mic.0.054866-0, ,Yes,yes,https://www.ncbi.nlm.nih.gov/nuccore/NZ_CP180729.1,NZ_CP180729.1,host genome (fallback),,no,,,none,,PhReD,PhReD: The Phage Receptor Database (Bio-conversion Databank Foundation). https://phred.biodf.org,2026-07-10,no,,,host genome fallback: no gene symbol in receptor,phage not found in UniProt,,Edwardsiella ictaluri,"Edwardsiella ictaluri strain HCF-1 chromosome, complete genome",,,,,,high,medium,none
F389,yes,contractile,Myoviridae,Campylobacter jejuni,197,Campylobacter jejuni,Gram negative,flagella,rotating flagella,Flagella,Protein,Undetermined,insufficient-data,none,Flagella host range is context-dependent; no empirical data in source,Sørensen et al. 2015,10.1371/journal.pone.0116287, ,Yes,yes,https://www.ncbi.nlm.nih.gov/nuccore/NZ_CP172364.1,NZ_CP172364.1,host genome (fallback),,no,,,none,,PhReD,PhReD: The Phage Receptor Database (Bio-conversion Databank Foundation). https://phred.biodf.org,2026-07-10,no,,,host genome fallback: no gene symbol in receptor,phage not found in UniProt,,Campylobacter jejuni,"Campylobacter jejuni strain YH021 chromosome, complete genome",,,,,,high,medium,none
Prado,yes,short,Podoviridae,Xylella fastidiosa,2371,Xylella fastidiosa,Gram negative,pili,PilA,Pili,Protein,Undetermined,insufficient-data,none,Pili host range is context-dependent; no empirical data in source,Ahern et al. 2014,10.1128/JB.01080-13, ,Yes,yes,https://www.ncbi.nlm.nih.gov/nuccore/MN590488.1,MN590488.1,specific gene,PilA,yes,https://www.uniprot.org/uniprotkb/V5Q7S0,V5Q7S0,specific RBP,Tail fiber protein,PhReD,PhReD: The Phage Receptor Database (Bio-conversion Databank Foundation). https://phred.biodf.org,2026-07-10,no,,,specific receptor gene PilA,,,Xylella fastidiosa,"Xylella fastidiosa strain PierceMed1 pilin (pilA) gene, partial cds",Xylella phage Prado,,,,,high,high,high
φR1-37,yes,contractile,Myoviridae,Yersinia enterocolitica,630,Yersinia enterocolitica,Gram negative,cell wall,outer core hexasaccharide of LPS,LPS,Glycan,Broad,predicted-from-receptor,low,conserved LPS core -> broad predicted,Kiljunen et al. 2005,10.1099/mic.0.28265-0, ,Yes,yes,https://www.ncbi.nlm.nih.gov/nuccore/NZ_CP139458.1,NZ_CP139458.1,host genome (fallback),,no,,,none,,PhReD,PhReD: The Phage Receptor Database (Bio-conversion Databank Foundation). https://phred.biodf.org,2026-07-10,no,,,host genome fallback: no gene symbol in receptor,phage not found in UniProt,,Yersinia enterocolitica,"Yersinia enterocolitica strain Y40 chromosome, complete genome",,,,,,high,medium,none
φNJS1,yes,long non-contractile,Siphoviridae,Klebsiella pneumoniae,573,Klebsiella pneumoniae,Gram negative,cell wall,"O antigen of LPS (reversible binding), FepA (irreversible binding)",Membrane Proteins,Protein,Broad,predicted-from-receptor,medium,conserved outer membrane protein receptor -> broad predicted,Hao et al. 2021,10.1016/j.micpath.2021.104897, ,Yes,yes,https://www.ncbi.nlm.nih.gov/nuccore/AJ292298.1,AJ292298.1,specific gene,FepA,yes,https://www.uniprot.org/uniprotkb/A0A345ARD4,A0A345ARD4,specific RBP,Tail fiber protein,PhReD,PhReD: The Phage Receptor Database (Bio-conversion Databank Foundation). https://phred.biodf.org,2026-07-10,no,,"multi-domain resolved by cue; also present: LPS, Membrane Proteins",specific receptor gene FepA,,,Klebsiella pneumoniae CG43,Klebsiella pneumoniae partial fepA gene for ferrienterobactin receptor,Klebsiella phage NJS1,,,,,medium,high,high
S108,yes,long non-contractile,Siphoviridae,Salmonella enterica serovar Typhimurium,90371,Salmonella enterica subsp. enterica serovar Typhimurium,Gram negative,cell wall,O-antigen,LPS,Glycan,Narrow,predicted-from-receptor,medium,specific O-antigen/serotype -> narrow predicted,Gencay et al. 2019,10.1111/1462-2920.14597, ,Yes,yes,https://www.ncbi.nlm.nih.gov/nuccore/NZ_CP104816.1,NZ_CP104816.1,host genome (fallback),,no,,,none,,PhReD,PhReD: The Phage Receptor Database (Bio-conversion Databank Foundation). https://phred.biodf.org,2026-07-10,no,,,host genome fallback: no gene symbol in receptor,phage not found in UniProt,,Salmonella enterica subsp. enterica serovar Typhimurium,"Salmonella enterica subsp. enterica serovar Typhimurium strain STMC125 chromosome, complete genome",,,,,,high,medium,none
SA97,yes,long non-contractile,Siphoviridae,Staphylococcus aureus,1280,Staphylococcus aureus,Gram positive,cell wall,wall teichoic acid,Teichoic Acids,Glycan,Undetermined,insufficient-data,none,Teichoic Acids host range is context-dependent; no empirical data in source,Chang et al. 2015,10.3390/v7102870, ,Yes,yes,https://www.ncbi.nlm.nih.gov/nuccore/NZ_CP195878.1,NZ_CP195878.1,host genome (fallback),,yes,https://www.uniprot.org/uniprotkb/A0A0F6N3G7,A0A0F6N3G7,specific RBP,Tail fiber protein,PhReD,PhReD: The Phage Receptor Database (Bio-conversion Databank Foundation). https://phred.biodf.org,2026-07-10,no,,,host genome fallback: no gene symbol in receptor,,,Staphylococcus aureus,"Staphylococcus aureus strain A_1d chromosome, complete genome",Staphylococcus phage SA97,,,,,high,medium,high
Gifsy-1,yes,long non-contractile,Siphoviridae,Salmonella enterica serovar Typhimurium,90371,Salmonella enterica subsp. enterica serovar Typhimurium,Gram negative,cell wall,OmpC,Membrane Proteins,Protein,Broad,predicted-from-receptor,medium,conserved outer membrane protein receptor -> broad predicted,Ho and Slauch 2001,10.1128/JB.183.4.1495–1498.2001, ,Yes,yes,https://www.ncbi.nlm.nih.gov/nuccore/KY421795.1,KY421795.1,specific gene,OmpC,no,,,none,,PhReD,PhReD: The Phage Receptor Database (Bio-conversion Databank Foundation). https://phred.biodf.org,2026-07-10,no,,,specific receptor gene OmpC,phage present in UniProt but no tail/RBP protein annotated,,Salmonella enterica subsp. enterica serovar Typhimurium,"Salmonella enterica subsp. enterica serovar Typhimurium strain E-2375 outer membrane protein C (ompC) gene, complete cds",,,,,,high,high,none
SSU5,yes,long non-contractile,Siphoviridae,Salmonella enterica serovar Typhimurium,90371,Salmonella enterica subsp. enterica serovar Typhimurium,Gram negative,cell wall,outer core oligosaccharides of LPS,LPS,Glycan,Broad,predicted-from-receptor,low,conserved LPS core -> broad predicted,Kim et al. 2014,10.1128/AEM.03494-13, ,Yes,yes,https://www.ncbi.nlm.nih.gov/nuccore/NZ_CP104816.1,NZ_CP104816.1,host genome (fallback),,no,,,none,,PhReD,PhReD: The Phage Receptor Database (Bio-conversion Databank Foundation). https://phred.biodf.org,2026-07-10,no,,,host genome fallback: no gene symbol in receptor,phage not found in UniProt,,Salmonella enterica subsp. enterica serovar Typhimurium,"Salmonella enterica subsp. enterica serovar Typhimurium strain STMC125 chromosome, complete genome",,,,,,high,medium,none
DLP2,yes,long non-contractile,Siphoviridae,Stenotrophomonas maltophilia,40324,Stenotrophomonas maltophilia,Gram negative,pilus,type IV pili,Pili,Protein,Undetermined,insufficient-data,none,Pili host range is context-dependent; no empirical data in source,McCutcheon et al. 2018,10.3390/v10060338, ,Yes,yes,https://www.ncbi.nlm.nih.gov/nuccore/NZ_CP031058.1,NZ_CP031058.1,host genome (fallback),,no,,,none,,PhReD,PhReD: The Phage Receptor Database (Bio-conversion Databank Foundation). https://phred.biodf.org,2026-07-10,no,,,host genome fallback: no gene symbol in receptor,phage present in UniProt but no tail/RBP protein annotated,,Stenotrophomonas maltophilia,"Stenotrophomonas maltophilia strain SM 866 chromosome, complete genome",,,,,,high,medium,none
TuII*,yes,contractile,Myoviridae,Escherichia coli,562,Escherichia coli,Gram negative,cell wall,Protein II* (OmpA) with LPS,Membrane Proteins,Protein,Broad,predicted-from-receptor,medium,conserved outer membrane protein receptor -> broad predicted,Datta et al. 1977,10.1128/jb.131.3.821-829.1977, ,Yes,yes,https://www.ncbi.nlm.nih.gov/nuccore/EU183344.1,EU183344.1,specific gene,OmpA,no,,,none,,PhReD,PhReD: The Phage Receptor Database (Bio-conversion Databank Foundation). https://phred.biodf.org,2026-07-10,yes,low-confidence domain assignment,"multi-domain unresolved, took first-mentioned; all: LPS, Membrane Proteins",specific receptor gene OmpA,phage not found in UniProt,,Escherichia coli,"Escherichia coli strain SYW048 outer membrane protein A (ompA) gene, ompA-2 allele, partial cds",,resolved,Major proteins of the Escherichia coli outer cell envelope membrane as bacteriophage receptors,corroborated,40 independent record(s) link TuII* to OmpA,low,high,none
U3,no,"none (icosahedral, ssDNA)",Microviridae,Escherichia coli,562,Escherichia coli,Gram negative,cell wall,Terminal galactose residue in LPS,LPS,Glycan,Narrow,predicted-from-receptor,low,O-antigen LPS generally serotype-specific -> narrow predicted (weak),Picken and Beacham 1977,10.1099/00221287-102-2-305, ,Yes,yes,https://www.ncbi.nlm.nih.gov/nuccore/NZ_CP187781.1,NZ_CP187781.1,host genome (fallback),,no,,,none,,PhReD,PhReD: The Phage Receptor Database (Bio-conversion Databank Foundation). https://phred.biodf.org,2026-07-10,no,,,host genome fallback: no gene symbol in receptor,phage present in UniProt but no tail/RBP protein annotated,,Escherichia coli,"Escherichia coli strain 097H6 chromosome, complete genome",,,,,,high,medium,none
F386,yes,contractile,Myoviridae,Campylobacter jejuni,197,Campylobacter jejuni,Gram negative,flagella,rotating flagella,Flagella,Protein,Undetermined,insufficient-data,none,Flagella host range is context-dependent; no empirical data in source,Sørensen et al. 2015,10.1371/journal.pone.0116287, ,Yes,yes,https://www.ncbi.nlm.nih.gov/nuccore/NZ_CP172364.1,NZ_CP172364.1,host genome (fallback),,no,,,none,,PhReD,PhReD: The Phage Receptor Database (Bio-conversion Databank Foundation). https://phred.biodf.org,2026-07-10,no,,,host genome fallback: no gene symbol in receptor,phage not found in UniProt,,Campylobacter jejuni,"Campylobacter jejuni strain YH021 chromosome, complete genome",,,,,,high,medium,none
P113g,yes,long non-contractile,Siphoviridae,Lactococcus lactis,1358,Lactococcus lactis,Gram positive,cell wall,cell wall polysaccharides,N/A,,Undetermined,insufficient-data,none,receptor does not support a host-range prediction,Mahony et al. 2013,10.1128/AEM.00653-13, ,Yes,yes,https://www.ncbi.nlm.nih.gov/nuccore/NZ_CP184687.1,NZ_CP184687.1,host genome (fallback),,yes,https://www.uniprot.org/uniprotkb/Q71AV2,Q71AV2,specific RBP,Putative receptor binding protein,PhReD,PhReD: The Phage Receptor Database (Bio-conversion Databank Foundation). https://phred.biodf.org,2026-07-10,no,,receptor does not fit any defined domain,host genome fallback: no gene symbol in receptor,,,Lactococcus lactis,Lactococcus lactis strain L81 chromosome,Lactococcus lactis phage P113G,,,,,none,medium,high
ϕLC3,yes,long non-contractile,Siphoviridae,Lactococcus lactis,1358,Lactococcus lactis,Gram positive,cell wall,cell wall polysaccharides subtype C2,N/A,,Undetermined,insufficient-data,none,receptor does not support a host-range prediction,Ainsworth et al. 2014,10.1128/mBio.00880-14, ,Yes,yes,https://www.ncbi.nlm.nih.gov/nuccore/NZ_CP184687.1,NZ_CP184687.1,host genome (fallback),,no,,,none,,PhReD,PhReD: The Phage Receptor Database (Bio-conversion Databank Foundation). https://phred.biodf.org,2026-07-10,no,,receptor does not fit any defined domain,host genome fallback: no gene symbol in receptor,phage present in UniProt but no tail/RBP protein annotated,,Lactococcus lactis,Lactococcus lactis strain L81 chromosome,,,,,,none,medium,none
N3,yes,contractile,Myoviridae,Sinorhizobium meliloti,382,Sinorhizobium meliloti,Gram negative,cell wall,outer membrane porin RopA1,Membrane Proteins,Protein,Broad,predicted-from-receptor,medium,conserved outer membrane protein receptor -> broad predicted,Crook et al. 2013,10.1128/JB.00480-13, ,Yes,yes,https://www.ncbi.nlm.nih.gov/nuccore/NZ_CP021219.1,NZ_CP021219.1,host genome (fallback),,no,,,none,,PhReD,PhReD: The Phage Receptor Database (Bio-conversion Databank Foundation). https://phred.biodf.org,2026-07-10,no,,,host genome fallback: gene(s) RopA1 not found,phage present in UniProt but no tail/RBP protein annotated,,Sinorhizobium meliloti RU11/001,"Sinorhizobium meliloti RU11/001 chromosome, complete genome",,,,,,high,medium,none
φAcM2,yes,long non-contractile,Siphoviridae,Asticcacaulis biprosthecium,76891,Asticcacaulis biprosthecium,Gram negative,pili,pili,Pili,Protein,Undetermined,insufficient-data,none,Pili host range is context-dependent; no empirical data in source,Pate et al. 1979,10.1016/0042-6822(79)90435-5, ,Yes,no,,,none,,no,,,none,,PhReD,PhReD: The Phage Receptor Database (Bio-conversion Databank Foundation). https://phred.biodf.org,2026-07-10,no,,,no GenBank record found for receptor or host genome,phage not found in UniProt,,,,,,,,,high,none,none
T6,yes,contractile,Myoviridae,Escherichia coli,562,Escherichia coli,Gram negative,cell wall,Outer membrane protein Tsx (involved in nucleoside uptake),Membrane Proteins,Protein,Broad,predicted-from-receptor,medium,conserved outer membrane protein receptor -> broad predicted,Manning and Reeves 1976; Manning and Reeves 1978,"10.1128/jb.127.3.1070-1079.1976 (Manning and Reeves 1976), 10.1007/bf00267199 (Maning and Reeves 1978)", ,Yes,yes,https://www.ncbi.nlm.nih.gov/nuccore/NZ_CP187781.1,NZ_CP187781.1,host genome (fallback),,yes,https://www.uniprot.org/uniprotkb/A0A346FJX9,A0A346FJX9,specific RBP,Long tail fiber protein Gp37,PhReD,PhReD: The Phage Receptor Database (Bio-conversion Databank Foundation). https://phred.biodf.org,2026-07-10,no,,,host genome fallback: no gene symbol in receptor,,,Escherichia coli,"Escherichia coli strain 097H6 chromosome, complete genome",Enterobacteria phage T6,,,,,high,medium,high
SPN8TCW,yes,short,Podoviridae,Salmonella enterica serovar Typhimurium,90371,Salmonella enterica subsp. enterica serovar Typhimurium,Gram negative,cell wall,LPS O antigen,LPS,Glycan,Narrow,predicted-from-receptor,medium,specific O-antigen/serotype -> narrow predicted,Shin et al. 2012,10.1371/journal.pone.0043392, ,Yes,yes,https://www.ncbi.nlm.nih.gov/nuccore/NZ_CP104816.1,NZ_CP104816.1,host genome (fallback),,no,,,none,,PhReD,PhReD: The Phage Receptor Database (Bio-conversion Databank Foundation). https://phred.biodf.org,2026-07-10,no,,,host genome fallback: no gene symbol in receptor,phage not found in UniProt,,Salmonella enterica subsp. enterica serovar Typhimurium,"Salmonella enterica subsp. enterica serovar Typhimurium strain STMC125 chromosome, complete genome",,,,,,high,medium,none
Weirdo19ES,yes,long non-contractile,Siphoviridae,Mycobacterium smegmatis,1772,Mycolicibacterium smegmatis,Acid fast,cell wall,glycopeptidolipids,N/A,,Undetermined,insufficient-data,none,receptor does not support a host-range prediction,Suarez et al. 2020,10.1371/journal.pone.0231881, ,Yes,yes,https://www.ncbi.nlm.nih.gov/nuccore/NZ_CP027541.1,NZ_CP027541.1,host genome (fallback),,no,,,none,,PhReD,PhReD: The Phage Receptor Database (Bio-conversion Databank Foundation). https://phred.biodf.org,2026-07-10,no,,receptor does not fit any defined domain,host genome fallback: no gene symbol in receptor,phage not found in UniProt,taxonomic synonym applied: Mycobacterium smegmatis -> Mycolicibacterium smegmatis,Mycolicibacterium smegmatis MKD8,"Mycolicibacterium smegmatis MKD8 chromosome, complete genome",,resolved,Weirdo19ES is a novel singleton mycobacteriophage that selects for glycolipid deficient phage-resistant M. smegmatis mutants,corroborated,2 independent record(s) link Weirdo19ES to N/A,none,medium,none
PRR1,no,"none (icosahedral, ssRNA)",Leviviridae,"Escherichia coli, Pseudomonas aeruginosa",562,Escherichia coli,Gram negative,pili,R pili,Pili,Protein,Undetermined,insufficient-data,none,Pili host range is context-dependent; no empirical data in source,Bradley 1974,10.1016/0006-291x(74)90630-5, ,Yes,yes,https://www.ncbi.nlm.nih.gov/nuccore/NZ_CP187781.1,NZ_CP187781.1,host genome (fallback),,no,,,none,,PhReD,PhReD: The Phage Receptor Database (Bio-conversion Databank Foundation). https://phred.biodf.org,2026-07-10,no,,,host genome fallback: no gene symbol in receptor,phage present in UniProt but no tail/RBP protein annotated,,Escherichia coli,"Escherichia coli strain 097H6 chromosome, complete genome",,,,,,high,medium,none
φNP,yes,contractile,Myoviridae,Citrobacter rodentium,67825,Citrobacter rodentium,Gram negative,cell wall,LPS GlcII residue,LPS,Glycan,Narrow,predicted-from-receptor,low,O-antigen LPS generally serotype-specific -> narrow predicted (weak),Magaziner et al. 2019,10.1128/JB.00638-18, ,Yes,yes,https://www.ncbi.nlm.nih.gov/nuccore/NZ_CP038008.1,NZ_CP038008.1,host genome (fallback),,no,,,none,,PhReD,PhReD: The Phage Receptor Database (Bio-conversion Databank Foundation). https://phred.biodf.org,2026-07-10,no,,,host genome fallback: no gene symbol in receptor,phage present in UniProt but no tail/RBP protein annotated,,Citrobacter rodentium,"Citrobacter rodentium strain DBS100 chromosome, complete genome",,,,,,high,medium,none
B1 (alternate family),yes,long non-contractile,Siphoviridae,Lactobacillus plantarum,1590,Lactiplantibacillus plantarum,Gram positive,cell wall,Galactose component of the wall polysaccharide,N/A,,Undetermined,insufficient-data,none,receptor does not support a host-range prediction,Douglas and Wolin 1971,10.1021/bi00785a007, ,Yes,yes,https://www.ncbi.nlm.nih.gov/nuccore/NZ_CP185953.1,NZ_CP185953.1,host genome (fallback),,no,,,none,,PhReD,PhReD: The Phage Receptor Database (Bio-conversion Databank Foundation). https://phred.biodf.org,2026-07-10,no,,receptor does not fit any defined domain,host genome fallback: no gene symbol in receptor,phage not found in UniProt,taxonomic synonym applied: Lactobacillus plantarum -> Lactiplantibacillus plantarum,Lactiplantibacillus plantarum,"Lactiplantibacillus plantarum strain BLP3 chromosome, complete genome",,,,,,none,medium,none
φMAM1,yes,contractile,Myoviridae,Serratia plymuthica,82996,Serratia plymuthica,Gram negative,cell wall,capsular polysaccharides,Capsular Polysaccharide,Glycan,Narrow,predicted-from-receptor,medium,capsule/K-antigen is strain/serotype specific -> narrow predicted,Matilla and Salmond 2014,10.1128/AEM.01546-14, ,Yes,yes,https://www.ncbi.nlm.nih.gov/nuccore/NZ_OZ405148.1,NZ_OZ405148.1,host genome (fallback),,yes,https://www.uniprot.org/uniprotkb/K7YGQ9,K7YGQ9,specific RBP,Putative tail spike protein,PhReD,PhReD: The Phage Receptor Database (Bio-conversion Databank Foundation). https://phred.biodf.org,2026-07-10,no,,,host genome fallback: no gene symbol in receptor,,,Serratia plymuthica,"Serratia plymuthica isolate PAMC22778 chromosome 1, complete sequence",Serratia phage phiMAM1,,,,,high,medium,high
PO4,yes,long non-contractile,Siphoviridae,Pseudomonas aeruginosa,287,Pseudomonas aeruginosa,Gram negative,pili,pilus,Pili,Protein,Undetermined,insufficient-data,none,Pili host range is context-dependent; no empirical data in source,Bradley 1973,10.1016/0042-6822(73)90448-0, ,Yes,yes,https://www.ncbi.nlm.nih.gov/nuccore/NZ_OZ484744.1,NZ_OZ484744.1,host genome (fallback),,no,,,none,,PhReD,PhReD: The Phage Receptor Database (Bio-conversion Databank Foundation). https://phred.biodf.org,2026-07-10,no,,,host genome fallback: no gene symbol in receptor,phage not found in UniProt,,Pseudomonas aeruginosa,"Pseudomonas aeruginosa strain PA3 isolate PA3 chromosome 1, complete sequence",,,,,,high,medium,none
IME281,yes,contractile,Myoviridae,Escherichia coli,562,Escherichia coli,Gram negative,cell wall,OmpF,Membrane Proteins,Protein,Broad,predicted-from-receptor,medium,conserved outer membrane protein receptor -> broad predicted,Li et al. 2019,10.3389/fmicb.2019.00850, ,Yes,yes,https://www.ncbi.nlm.nih.gov/nuccore/GQ465827.1,GQ465827.1,specific gene,OmpF,no,,,none,,PhReD,PhReD: The Phage Receptor Database (Bio-conversion Databank Foundation). https://phred.biodf.org,2026-07-10,no,,,specific receptor gene OmpF,phage present in UniProt but no tail/RBP protein annotated,,Escherichia coli,"Escherichia coli strain EC-454/03 outer membrane protein F (ompF) gene, complete cds",,,,,,high,high,none
FC3-1,yes,contractile,Myoviridae,Klebsiella pneumoniae,573,Klebsiella pneumoniae,Gram negative,cell wall,lipopolysaccharide,LPS,Glycan,Narrow,predicted-from-receptor,low,O-antigen LPS generally serotype-specific -> narrow predicted (weak),Tomas and Jofre 1985,10.1128/jb.162.3.1276-1279.1985, ,Yes,yes,https://www.ncbi.nlm.nih.gov/nuccore/NZ_OZ477362.1,NZ_OZ477362.1,host genome (fallback),,no,,,none,,PhReD,PhReD: The Phage Receptor Database (Bio-conversion Databank Foundation). https://phred.biodf.org,2026-07-10,no,,,host genome fallback: no gene symbol in receptor,phage not found in UniProt,,Klebsiella pneumoniae,Klebsiella pneumoniae strain 49856 isolate 49856 chromosome 1,,,,,,high,medium,none
SPN6TCW,yes,short,Podoviridae,Salmonella enterica serovar Typhimurium,90371,Salmonella enterica subsp. enterica serovar Typhimurium,Gram negative,cell wall,LPS O antigen,LPS,Glycan,Narrow,predicted-from-receptor,medium,specific O-antigen/serotype -> narrow predicted,Shin et al. 2012,10.1371/journal.pone.0043392, ,Yes,yes,https://www.ncbi.nlm.nih.gov/nuccore/NZ_CP104816.1,NZ_CP104816.1,host genome (fallback),,no,,,none,,PhReD,PhReD: The Phage Receptor Database (Bio-conversion Databank Foundation). https://phred.biodf.org,2026-07-10,no,,,host genome fallback: no gene symbol in receptor,phage not found in UniProt,,Salmonella enterica subsp. enterica serovar Typhimurium,"Salmonella enterica subsp. enterica serovar Typhimurium strain STMC125 chromosome, complete genome",,,,,,high,medium,none
M,no,"none (icosahedral, ssRNA)",Leviviridae,Escherichia coli,562,Escherichia coli,Gram negative,pili,M pili,Pili,Protein,Undetermined,insufficient-data,none,Pili host range is context-dependent; no empirical data in source,Coetzee et al. 1983,10.1099/00221287-129-7-2271, ,Yes,yes,https://www.ncbi.nlm.nih.gov/nuccore/NZ_CP187781.1,NZ_CP187781.1,host genome (fallback),,yes,https://www.uniprot.org/uniprotkb/A0A6S6ML91,A0A6S6ML91,specific RBP,Tail fiber protein,PhReD,PhReD: The Phage Receptor Database (Bio-conversion Databank Foundation). https://phred.biodf.org,2026-07-10,yes,low-confidence UniProt assignment | ambiguous phage name across organisms,,host genome fallback: no gene symbol in receptor,"AMBIGUOUS phage name across organisms, none match host 'Escherichia coli': Pseudomonas phage vB_PaeS-Yazdi-M, bat alphacoronavirus BtCoV/020_16/M.dau/FIN/2016",,Escherichia coli,"Escherichia coli strain 097H6 chromosome, complete genome",Pseudomonas phage vB_PaeS-Yazdi-M,resolved,Bacteriophage M: an Incompatibility Group M Plasmid-specific Phage,corroborated,8790 independent record(s) link M to pili,high,medium,low
5,yes,long non-contractile,Siphoviridae,Lactococcus lactis,1358,Lactococcus lactis,Gram positive,cell wall,"rhamnose in carbohydrates in cell wall for reversible binding, Pip (phage infection protein)  for irreversible binding",Membrane Proteins,Protein,Broad,predicted-from-receptor,medium,conserved outer membrane protein receptor -> broad predicted,Monteville et al. 1994,10.1128/aem.60.9.3204-3211.1994, ,Yes,yes,https://www.ncbi.nlm.nih.gov/nuccore/NZ_CP184687.1,NZ_CP184687.1,host genome (fallback),,no,,,none,,PhReD,PhReD: The Phage Receptor Database (Bio-conversion Databank Foundation). https://phred.biodf.org,2026-07-10,yes,receptor text does not support domain 'Membrane Proteins',,host genome fallback: no gene symbol in receptor,phage present in UniProt but no tail/RBP protein annotated,,Lactococcus lactis,Lactococcus lactis strain L81 chromosome,,resolved,Lactococcal Bacteriophages Require a Host Cell Wall Carbohydrate and a Plasma Membrane Protein for Adsorption and Ejection of DNA,corroborated,32306 independent record(s) link 5 to Membrane Proteins,high,medium,none
φ812,yes,contractile,Myoviridae,Staphylococcus aureus,1280,Staphylococcus aureus,Gram positive,cell wall,anionic backbone of wall teichoic acid,Teichoic Acids,Glycan,Undetermined,insufficient-data,none,Teichoic Acids host range is context-dependent; no empirical data in source,Xia et al. 2011,10.1128/JB.01412-10, ,Yes,yes,https://www.ncbi.nlm.nih.gov/nuccore/NZ_CP195878.1,NZ_CP195878.1,host genome (fallback),,yes,https://www.uniprot.org/uniprotkb/A0A0U1WIJ9,A0A0U1WIJ9,specific RBP,Receptor binding protein,PhReD,PhReD: The Phage Receptor Database (Bio-conversion Databank Foundation). https://phred.biodf.org,2026-07-10,no,,,host genome fallback: no gene symbol in receptor,,,Staphylococcus aureus,"Staphylococcus aureus strain A_1d chromosome, complete genome",Staphylococcus phage 812,,,,,high,medium,high
TLS,yes,long non-contractile,Drexlerviridae,Escherichia coli,562,Escherichia coli,Gram negative,cell wall,TolC and LPS,Membrane Proteins,Protein,Broad,predicted-from-receptor,medium,conserved outer membrane protein receptor -> broad predicted,German et al. 2001,10.1006/jmbi.2001.4578, ,Yes,yes,https://www.ncbi.nlm.nih.gov/nuccore/FJ768952.1,FJ768952.1,specific gene,TolC,yes,https://www.uniprot.org/uniprotkb/A5PJ08,A5PJ08,specific RBP,Tail fiber,PhReD,PhReD: The Phage Receptor Database (Bio-conversion Databank Foundation). https://phred.biodf.org,2026-07-10,yes,low-confidence domain assignment,"multi-domain unresolved, took first-mentioned; all: LPS, Membrane Proteins",specific receptor gene TolC,,,Escherichia coli,"Escherichia coli strain 0919S911 TolC (tolC) gene, complete cds",Escherichia phage Tls,resolved,The TolC protein of Escherichia coli serves as a cell-surface receptor for the newly characterized TLS bacteriophage 1 1Edited by B. Holland,corroborated,61 independent record(s) link TLS to TolC,low,high,high
PVP-SE1,yes,contractile,Myoviridae,Salmonella enterica,28901,Salmonella enterica,Gram negative,cell wall,LPS inner core,LPS,Glycan,Broad,predicted-from-receptor,low,conserved LPS core -> broad predicted,Santos et al. 2011,10.1128/JVI.01769-10, ,Yes,yes,https://www.ncbi.nlm.nih.gov/nuccore/NZ_CP186307.1,NZ_CP186307.1,host genome (fallback),,no,,,none,,PhReD,PhReD: The Phage Receptor Database (Bio-conversion Databank Foundation). https://phred.biodf.org,2026-07-10,no,,,host genome fallback: no gene symbol in receptor,phage not found in UniProt,,Salmonella enterica,"Salmonella enterica strain CUVET24-78 chromosome, complete genome",,,,,,high,medium,none
mEp543,yes,long non-contractile,Siphoviridae,Escherichia coli,562,Escherichia coli,Gram negative,cell wall,FhuA,Membrane Proteins,Protein,Broad,predicted-from-receptor,medium,conserved outer membrane protein receptor -> broad predicted,Hernandez-Sanchez et al. 2008,10.1007/s00705-008-0111-0, ,Yes,yes,https://www.ncbi.nlm.nih.gov/nuccore/M12486.1,M12486.1,specific gene,FhuA,no,,,none,,PhReD,PhReD: The Phage Receptor Database (Bio-conversion Databank Foundation). https://phred.biodf.org,2026-07-10,no,,,specific receptor gene FhuA,phage not found in UniProt,,Escherichia coli,"E.coli fhuA, fhuC and fhuD genes encoding the ferrichrome-iron receptor and two ferric aerobactin and ferric coprogen transport proteins, complete cds",,,,,,high,high,none
IF2,no,none (filamentous),Inoviridae,Escherichia coli,562,Escherichia coli,Gram negative,pili,I pili,Pili,Protein,Undetermined,insufficient-data,none,Pili host range is context-dependent; no empirical data in source,Meynell and Lawn  1968,10.1038/2171184a0, ,Yes,yes,https://www.ncbi.nlm.nih.gov/nuccore/NZ_CP187781.1,NZ_CP187781.1,host genome (fallback),,no,,,none,,PhReD,PhReD: The Phage Receptor Database (Bio-conversion Databank Foundation). https://phred.biodf.org,2026-07-10,no,,,host genome fallback: no gene symbol in receptor,phage not found in UniProt,,Escherichia coli,"Escherichia coli strain 097H6 chromosome, complete genome",,,,,,high,medium,none
B3 (alternate family),yes,contractile,Myoviridae,Pseudomonas aeruginosa,287,Pseudomonas aeruginosa,Gram negative,pili,pilus,Pili,Protein,Undetermined,insufficient-data,none,Pili host range is context-dependent; no empirical data in source,Roncero et al. 1990,10.1128/jb.172.4.1899-1904.1990, ,Yes,yes,https://www.ncbi.nlm.nih.gov/nuccore/NZ_OZ484744.1,NZ_OZ484744.1,host genome (fallback),,no,,,none,,PhReD,PhReD: The Phage Receptor Database (Bio-conversion Databank Foundation). https://phred.biodf.org,2026-07-10,no,,,host genome fallback: no gene symbol in receptor,phage not found in UniProt,,Pseudomonas aeruginosa,"Pseudomonas aeruginosa strain PA3 isolate PA3 chromosome 1, complete sequence",,,,,,high,medium,none
mEp123,yes,long non-contractile,Siphoviridae,Escherichia coli,562,Escherichia coli,Gram negative,cell wall,FhuA,Membrane Proteins,Protein,Broad,predicted-from-receptor,medium,conserved outer membrane protein receptor -> broad predicted,Hernandez-Sanchez et al. 2008,10.1007/s00705-008-0111-0, ,Yes,yes,https://www.ncbi.nlm.nih.gov/nuccore/M12486.1,M12486.1,specific gene,FhuA,no,,,none,,PhReD,PhReD: The Phage Receptor Database (Bio-conversion Databank Foundation). https://phred.biodf.org,2026-07-10,no,,,specific receptor gene FhuA,phage not found in UniProt,,Escherichia coli,"E.coli fhuA, fhuC and fhuD genes encoding the ferrichrome-iron receptor and two ferric aerobactin and ferric coprogen transport proteins, complete cds",,,,,,high,high,none
ϕX216,yes,contractile,Myoviridae,Burkholderia mallei,13373,Burkholderia mallei,Gram negative,cell wall,O-antigen of LPS,LPS,Glycan,Narrow,predicted-from-receptor,medium,specific O-antigen/serotype -> narrow predicted,Kvitko et al. 2012,10.1186/1471-2180-12-289, ,Yes,yes,https://www.ncbi.nlm.nih.gov/nuccore/NZ_CP009731.1,NZ_CP009731.1,host genome (fallback),,yes,https://www.uniprot.org/uniprotkb/K4NZW8,K4NZW8,specific RBP,Putative phage tail fiber protein,PhReD,PhReD: The Phage Receptor Database (Bio-conversion Databank Foundation). https://phred.biodf.org,2026-07-10,yes,UniProt organism 'Burkholderia phage phiX216' does not name phage 'ϕX216',,host genome fallback: no gene symbol in receptor,,,Burkholderia mallei,"Burkholderia mallei strain Turkey4 chromosome 1, complete sequence",Burkholderia phage phiX216,resolved,"φX216, a P2-like bacteriophage with broad Burkholderia pseudomallei and B. malleistrain infectivity",corroborated,1 independent record(s) link ϕX216 to O-antigen,high,medium,high
φOT8,yes,long non-contractile,Siphoviridae,Serratia marcescens,615,Serratia marcescens,Gram negative,flagella,rotating flagella,Flagella,Protein,Undetermined,insufficient-data,none,Flagella host range is context-dependent; no empirical data in source,Evans et al. 2010,10.1099/mic.0.032797-0, ,Yes,yes,https://www.ncbi.nlm.nih.gov/nuccore/NZ_CP192733.1,NZ_CP192733.1,host genome (fallback),,no,,,none,,PhReD,PhReD: The Phage Receptor Database (Bio-conversion Databank Foundation). https://phred.biodf.org,2026-07-10,no,,,host genome fallback: no gene symbol in receptor,phage not found in UniProt,,Serratia marcescens,"Serratia marcescens strain CH31 chromosome, complete genome",,resolved,"Characterization of a broad-host-range flagellum-dependent phage that mediates high-efficiency generalized transduction in, and between, Serratia and Pantoea",uncorroborated,"φOT8 appears in 10 record(s), but none co-mention 'flagell'",high,medium,none
LP-125,yes,contractile,Myoviridae,Listeria monocytogenes,1639,Listeria monocytogenes,Gram positive,cell wall,N-acetylglucosamine in the wall teichoic acid,Teichoic Acids,Glycan,Undetermined,insufficient-data,none,Teichoic Acids host range is context-dependent; no empirical data in source,Denes et al. 2015,10.1128/AEM.00087-15, ,Yes,yes,https://www.ncbi.nlm.nih.gov/nuccore/NZ_CP190322.1,NZ_CP190322.1,host genome (fallback),,yes,https://www.uniprot.org/uniprotkb/S4U6W5,S4U6W5,specific RBP,Receptor binding protein,PhReD,PhReD: The Phage Receptor Database (Bio-conversion Databank Foundation). https://phred.biodf.org,2026-07-10,no,,,host genome fallback: no gene symbol in receptor,,,Listeria monocytogenes,"Listeria monocytogenes strain 22L1805 chromosome, complete genome",Listeria phage LP-125,,,,,high,medium,high
Pf,no,none (filamentous),Inoviridae,Pseudomonas aeruginosa,287,Pseudomonas aeruginosa,Gram negative,pili,pilus,Pili,Protein,Undetermined,insufficient-data,none,Pili host range is context-dependent; no empirical data in source,Bradley 1973b,10.1139/m73-103, ,Yes,yes,https://www.ncbi.nlm.nih.gov/nuccore/NZ_OZ484744.1,NZ_OZ484744.1,host genome (fallback),,yes,https://www.uniprot.org/uniprotkb/A0A0A0YX94,A0A0A0YX94,specific RBP,Tail fiber protein,PhReD,PhReD: The Phage Receptor Database (Bio-conversion Databank Foundation). https://phred.biodf.org,2026-07-10,no,,,host genome fallback: no gene symbol in receptor,name collision resolved by host; other candidates: Phormidium phage Pf-WMP3,,Pseudomonas aeruginosa,"Pseudomonas aeruginosa strain PA3 isolate PA3 chromosome 1, complete sequence",Pseudomonas phage Pf-10,,,,,high,medium,high
KSF-1φ,no,none (filamentous),Inoviridae,Vibrio cholerae,666,Vibrio cholerae,Gram negative,pili,MSHA pilus,Pili,Protein,Undetermined,insufficient-data,none,Pili host range is context-dependent; no empirical data in source,Faruque et al. 2005,10.1128/JB.187.12.4095–4103.2005, ,Yes,yes,https://www.ncbi.nlm.nih.gov/nuccore/NZ_CP191367.1,NZ_CP191367.1,host genome (fallback),,no,,,none,,PhReD,PhReD: The Phage Receptor Database (Bio-conversion Databank Foundation). https://phred.biodf.org,2026-07-10,no,,,host genome fallback: no gene symbol in receptor,phage not found in UniProt,,Vibrio cholerae,"Vibrio cholerae strain GD25VC001 chromosome 1, complete sequence",,,,,,high,medium,none
S125,yes,long non-contractile,Siphoviridae,Salmonella enterica serovar Typhimurium,90371,Salmonella enterica subsp. enterica serovar Typhimurium,Gram negative,cell wall,"BtuB, vitamin B12 membrane transporter",Membrane Proteins,Protein,Broad,predicted-from-receptor,medium,conserved outer membrane protein receptor -> broad predicted,Gencay et al. 2019,10.1111/1462-2920.14597, ,Yes,yes,https://www.ncbi.nlm.nih.gov/nuccore/M89481.1,M89481.1,specific gene,BtuB,no,,,none,,PhReD,PhReD: The Phage Receptor Database (Bio-conversion Databank Foundation). https://phred.biodf.org,2026-07-10,no,,,specific receptor gene BtuB,phage present in UniProt but no tail/RBP protein annotated,,Salmonella enterica subsp. enterica serovar Typhimurium,"Salmonella typhimurium vitamin B12 transport protein (btuB) gene, complete cds",,,,,,high,high,none
OMKO1,yes,contractile,Myoviridae,Pseudomonas aeruginosa,287,Pseudomonas aeruginosa,Gram negative,outer membrane,OprM,Membrane Proteins,Protein,Broad,predicted-from-receptor,medium,conserved outer membrane protein receptor -> broad predicted,Chan et al. 2016,10.1038/srep26717, ,Yes,yes,https://www.ncbi.nlm.nih.gov/nuccore/L11616.1,L11616.1,specific gene,OprM,no,,,none,,PhReD,PhReD: The Phage Receptor Database (Bio-conversion Databank Foundation). https://phred.biodf.org,2026-07-10,no,,,specific receptor gene OprM,phage not found in UniProt,,Pseudomonas aeruginosa,"Pseudomonas aeruginosa mexA and mexB genes, complete cds and outer membrane protein (oprM) gene, partial cds",,,,,,high,high,none
APK32,yes,short,Autographiviridae,Acinetobacter baumannii,470,Acinetobacter baumannii,Gram negative,cell wall,capsular polysaccharides,Capsular Polysaccharide,Glycan,Narrow,predicted-from-receptor,medium,capsule/K-antigen is strain/serotype specific -> narrow predicted,Popova et al. 2021,10.1128/JVI.01714-20, ,Yes,yes,https://www.ncbi.nlm.nih.gov/nuccore/NZ_CP156044.1,NZ_CP156044.1,host genome (fallback),,no,,,none,,PhReD,PhReD: The Phage Receptor Database (Bio-conversion Databank Foundation). https://phred.biodf.org,2026-07-10,no,,,host genome fallback: no gene symbol in receptor,phage present in UniProt but no tail/RBP protein annotated,,Acinetobacter baumannii,"Acinetobacter baumannii strain D13 chromosome, complete genome",,,,,,high,medium,none
HK620,yes,short,Podoviridae,Escherichia coli,562,Escherichia coli,Gram negative,cell wall,LPS,LPS,Glycan,Narrow,predicted-from-receptor,low,O-antigen LPS generally serotype-specific -> narrow predicted (weak),Broeker et al. 2018,10.3390/v10060289, ,Yes,yes,https://www.ncbi.nlm.nih.gov/nuccore/NZ_CP187781.1,NZ_CP187781.1,host genome (fallback),,yes,https://www.uniprot.org/uniprotkb/Q9AYY6,Q9AYY6,specific RBP,Tail spike protein,PhReD,PhReD: The Phage Receptor Database (Bio-conversion Databank Foundation). https://phred.biodf.org,2026-07-10,no,,,host genome fallback: no gene symbol in receptor,,,Escherichia coli,"Escherichia coli strain 097H6 chromosome, complete genome",Enterobacteria phage HK620,,,,,high,medium,high
ES18,yes,long non-contractile,Siphoviridae,Samonella enterica,28901,Salmonella enterica,Gram negative,cell wall,FhuA,Membrane Proteins,Protein,Broad,predicted-from-receptor,medium,conserved outer membrane protein receptor -> broad predicted,Casjens et al. 2005,10.1128/JB.187.3.1091–1104.2005, ,Yes,yes,https://www.ncbi.nlm.nih.gov/nuccore/Y14067.1,Y14067.1,specific gene,FhuA,no,,,none,,PhReD,PhReD: The Phage Receptor Database (Bio-conversion Databank Foundation). https://phred.biodf.org,2026-07-10,no,,,specific receptor gene FhuA,phage not found in UniProt,PhReD spelling corrected for lookup: Samonella enterica,Salmonella enterica subsp. enterica serovar Paratyphi A,Salmonella paratyphi fhuA gene and partial fhuC gene,,resolved,The Generalized Transducing<i>Salmonella</i>Bacteriophage ES18: Complete Genome Sequence and DNA Packaging Strategy,corroborated,24 independent record(s) link ES18 to FhuA,high,high,none
PP01,yes,contractile,Myoviridae,Escherichia coli,562,Escherichia coli,Gram negative,cell wall,OmpC and R core and lipid A components of LPS,Membrane Proteins,Protein,Broad,predicted-from-receptor,medium,conserved outer membrane protein receptor -> broad predicted,"Morita et al. 2002, Mizoguchi et al. 2003","10.1111/j.1574-6968.2002.tb11206.x (Morita et al), 10.1128/AEM.69.1.170–176.2003 (Mizoguchi et al)", ,Yes,yes,https://www.ncbi.nlm.nih.gov/nuccore/GQ167032.1,GQ167032.1,specific gene,OmpC,yes,https://www.uniprot.org/uniprotkb/A0A2Z5WLD4,A0A2Z5WLD4,specific RBP,Long tail fiber protein Gp37,PhReD,PhReD: The Phage Receptor Database (Bio-conversion Databank Foundation). https://phred.biodf.org,2026-07-10,yes,low-confidence domain assignment,"multi-domain unresolved, took first-mentioned; all: LPS, Membrane Proteins",specific receptor gene OmpC,name collision resolved by host; other candidates: Enterobacteria phage PP01,,Escherichia coli,"Escherichia coli strain EC-937-2/07 outer membrane protein C (ompC) gene, complete cds",Escherichia phage PP01,resolved,Characterization of a virulent bacteriophage specific for<i>Escherichia coli</i>O157:H7 and analysis of its cellular receptor and two tail fiber genes,corroborated,32 independent record(s) link PP01 to OmpC,low,high,high
S139,yes,long non-contractile,Siphoviridae,Salmonella enterica serovar Typhimurium,90371,Salmonella enterica subsp. enterica serovar Typhimurium,Gram negative,cell wall,"BtuB, vitamin B12 membrane transporter",Membrane Proteins,Protein,Broad,predicted-from-receptor,medium,conserved outer membrane protein receptor -> broad predicted,Gencay et al. 2019,10.1111/1462-2920.14597, ,Yes,yes,https://www.ncbi.nlm.nih.gov/nuccore/M89481.1,M89481.1,specific gene,BtuB,no,,,none,,PhReD,PhReD: The Phage Receptor Database (Bio-conversion Databank Foundation). https://phred.biodf.org,2026-07-10,no,,,specific receptor gene BtuB,phage not found in UniProt,,Salmonella enterica subsp. enterica serovar Typhimurium,"Salmonella typhimurium vitamin B12 transport protein (btuB) gene, complete cds",,,,,,high,high,none
F364,yes,contractile,Myoviridae,Campylobacter jejuni,197,Campylobacter jejuni,Gram negative,cell wall,capsular polysaccharides,Capsular Polysaccharide,Glycan,Narrow,predicted-from-receptor,medium,capsule/K-antigen is strain/serotype specific -> narrow predicted,Sørensen et al. 2015,10.1371/journal.pone.0116287, ,Yes,yes,https://www.ncbi.nlm.nih.gov/nuccore/NZ_CP172364.1,NZ_CP172364.1,host genome (fallback),,no,,,none,,PhReD,PhReD: The Phage Receptor Database (Bio-conversion Databank Foundation). https://phred.biodf.org,2026-07-10,no,,,host genome fallback: no gene symbol in receptor,phage not found in UniProt,,Campylobacter jejuni,"Campylobacter jejuni strain YH021 chromosome, complete genome",,,,,,high,medium,none
PM1,yes,contractile,Myoviridae,Aeromonas hydrophila,644,Aeromonas hydrophila,Gram negative,cell wall,O antigen of LPS,LPS,Glycan,Narrow,predicted-from-receptor,medium,specific O-antigen/serotype -> narrow predicted,Merino et al. 1991,10.1139/m92-040, ,Yes,yes,https://www.ncbi.nlm.nih.gov/nuccore/NZ_CP118942.1,NZ_CP118942.1,host genome (fallback),,yes,https://www.uniprot.org/uniprotkb/A0A088DPD4,A0A088DPD4,specific RBP,Putative tail fiber,PhReD,PhReD: The Phage Receptor Database (Bio-conversion Databank Foundation). https://phred.biodf.org,2026-07-10,yes,low-confidence UniProt assignment | ambiguous phage name across organisms,,host genome fallback: no gene symbol in receptor,"AMBIGUOUS phage name across organisms, none match host 'Aeromonas hydrophila': Campylobacter phage PM1, Pectobacterium phage PM1",,Aeromonas hydrophila,"Aeromonas hydrophila strain K533 chromosome, complete genome",Campylobacter phage PM1,resolved,Characterization of an O-antigen bacteriophage from <i>Aeromonas hydrophila</i>,corroborated,76 independent record(s) link PM1 to LPS,high,medium,low
fPS-26,yes,short,Podoviridae,Yersinia enterocolitica,630,Yersinia enterocolitica,Gram negative,cell wall,LPS O antigen,LPS,Glycan,Narrow,predicted-from-receptor,medium,specific O-antigen/serotype -> narrow predicted,Salem et al. 2018,10.3390/v10040174, ,Yes,yes,https://www.ncbi.nlm.nih.gov/nuccore/NZ_CP139458.1,NZ_CP139458.1,host genome (fallback),,no,,,none,,PhReD,PhReD: The Phage Receptor Database (Bio-conversion Databank Foundation). https://phred.biodf.org,2026-07-10,no,,,host genome fallback: no gene symbol in receptor,phage not found in UniProt,,Yersinia enterocolitica,"Yersinia enterocolitica strain Y40 chromosome, complete genome",,resolved,Genomic Characterization of Sixteen Yersinia enterocolitica-Infecting Podoviruses of Pig Origin,corroborated,1 independent record(s) link fPS-26 to LPS,high,medium,none
E79,yes,contractile,Myoviridae,Pseudomonas aeruginosa,287,Pseudomonas aeruginosa,Gram negative,cell wall,LPS,LPS,Glycan,Narrow,predicted-from-receptor,low,O-antigen LPS generally serotype-specific -> narrow predicted (weak),Jarrell and Kropinski 1977,10.1128/jvi.23.3.461-466.1977, ,Yes,yes,https://www.ncbi.nlm.nih.gov/nuccore/NZ_OZ484744.1,NZ_OZ484744.1,host genome (fallback),,no,,,none,,PhReD,PhReD: The Phage Receptor Database (Bio-conversion Databank Foundation). https://phred.biodf.org,2026-07-10,no,,,host genome fallback: no gene symbol in receptor,phage present in UniProt but no tail/RBP protein annotated,,Pseudomonas aeruginosa,"Pseudomonas aeruginosa strain PA3 isolate PA3 chromosome 1, complete sequence",,,,,,high,medium,none
φ47,yes,long non-contractile,Siphoviridae,Staphylococcus aureus,1280,Staphylococcus aureus,Gram positive,cell wall,α-GlcNAc residues of wall teichoic acid,Teichoic Acids,Glycan,Undetermined,insufficient-data,none,Teichoic Acids host range is context-dependent; no empirical data in source,Xia et al. 2011,10.1128/JB.01412-10, ,Yes,yes,https://www.ncbi.nlm.nih.gov/nuccore/NZ_CP195878.1,NZ_CP195878.1,host genome (fallback),,no,,,none,,PhReD,PhReD: The Phage Receptor Database (Bio-conversion Databank Foundation). https://phred.biodf.org,2026-07-10,no,,,host genome fallback: no gene symbol in receptor,phage present in UniProt but no tail/RBP protein annotated,,Staphylococcus aureus,"Staphylococcus aureus strain A_1d chromosome, complete genome",,,,,,high,medium,none
BPP-1,yes,short,Podoviridae,Bordetella pertussis,520,Bordetella pertussis,Gram negative,outer membrane,pertactin,N/A,,Undetermined,insufficient-data,none,receptor does not support a host-range prediction,Liu et al. 2002,10.1126/science.1067467, ,Yes,yes,https://www.ncbi.nlm.nih.gov/nuccore/NZ_CP054096.1,NZ_CP054096.1,host genome (fallback),,yes,https://www.uniprot.org/uniprotkb/Q775D6,Q775D6,specific RBP,Tail fiber receptor-binding protein,PhReD,PhReD: The Phage Receptor Database (Bio-conversion Databank Foundation). https://phred.biodf.org,2026-07-10,no,,receptor does not fit any defined domain,host genome fallback: no gene symbol in receptor,,,Bordetella pertussis,"Bordetella pertussis strain NZ35 chromosome, complete genome",Bordetella phage BPP-1,,,,,none,medium,high
GH-K3,yes,long non-contractile,Siphoviridae,Klebsiella pneumoniae,573,Klebsiella pneumoniae,Gram negative,cell wall,OmpC,Membrane Proteins,Protein,Broad,predicted-from-receptor,medium,conserved outer membrane protein receptor -> broad predicted,Cat et al. 2018,10.1128/AEM.01585-18, ,Yes,yes,https://www.ncbi.nlm.nih.gov/nuccore/KJ481789.1,KJ481789.1,specific gene,OmpC,yes,https://www.uniprot.org/uniprotkb/A0A3S7W7I0,A0A3S7W7I0,specific RBP,Putative tail fiber protein,PhReD,PhReD: The Phage Receptor Database (Bio-conversion Databank Foundation). https://phred.biodf.org,2026-07-10,no,,,specific receptor gene OmpC,,,Klebsiella pneumoniae,"Klebsiella pneumoniae strain M-10 outer membrane protein C (ompC) gene, partial cds",Klebsiella phage GH-K3,resolved,"A Smooth-Type, Phage-Resistant Klebsiella pneumoniae Mutant Strain Reveals that OmpC Is Indispensable for Infection by Phage GH-K3",corroborated,16 independent record(s) link GH-K3 to OmpC,high,high,high
F379,yes,contractile,Myoviridae,Campylobacter jejuni,197,Campylobacter jejuni,Gram negative,flagella,rotating flagella,Flagella,Protein,Undetermined,insufficient-data,none,Flagella host range is context-dependent; no empirical data in source,Sørensen et al. 2015,10.1371/journal.pone.0116287, ,Yes,yes,https://www.ncbi.nlm.nih.gov/nuccore/NZ_CP172364.1,NZ_CP172364.1,host genome (fallback),,yes,https://www.uniprot.org/uniprotkb/A0A7L8ZK14,A0A7L8ZK14,other tail protein,Putative baseplate hub subunit and tail lysozyme,PhReD,PhReD: The Phage Receptor Database (Bio-conversion Databank Foundation). https://phred.biodf.org,2026-07-10,no,,,host genome fallback: no gene symbol in receptor,no specific RBP annotated; using another tail protein (Patrick's fallback),,Campylobacter jejuni,"Campylobacter jejuni strain YH021 chromosome, complete genome",Campylobacter phage F379,,,,,high,medium,medium
mEp506,yes,long non-contractile,Siphoviridae,Escherichia coli,562,Escherichia coli,Gram negative,cell wall,FhuA,Membrane Proteins,Protein,Broad,predicted-from-receptor,medium,conserved outer membrane protein receptor -> broad predicted,"Uc-Mass et al. 2004, Hernandez-Sanchez et al. 2008","10.1016/j.virol.2004.09.005 (Uc-Mass et al), 10.1007/s00705-008-0111-0 (Hernandez-Sanchez et al)", ,Yes,yes,https://www.ncbi.nlm.nih.gov/nuccore/M12486.1,M12486.1,specific gene,FhuA,no,,,none,,PhReD,PhReD: The Phage Receptor Database (Bio-conversion Databank Foundation). https://phred.biodf.org,2026-07-10,no,,,specific receptor gene FhuA,phage not found in UniProt,,Escherichia coli,"E.coli fhuA, fhuC and fhuD genes encoding the ferrichrome-iron receptor and two ferric aerobactin and ferric coprogen transport proteins, complete cds",,,,,,high,high,none
fd13,yes,long non-contractile,Siphoviridae,Lactococcus lactis,1358,Lactococcus lactis,Gram positive,cell wall,cell wall polysaccharides,N/A,,Undetermined,insufficient-data,none,receptor does not support a host-range prediction,Mahony et al. 2013,10.1128/AEM.00653-13, ,Yes,yes,https://www.ncbi.nlm.nih.gov/nuccore/NZ_CP184687.1,NZ_CP184687.1,host genome (fallback),,yes,https://www.uniprot.org/uniprotkb/Q71AV9,Q71AV9,specific RBP,Putative receptor binding protein,PhReD,PhReD: The Phage Receptor Database (Bio-conversion Databank Foundation). https://phred.biodf.org,2026-07-10,no,,receptor does not fit any defined domain,host genome fallback: no gene symbol in receptor,,,Lactococcus lactis,Lactococcus lactis strain L81 chromosome,Lactococcus phage fd13,,,,,none,medium,high
S138,yes,long non-contractile,Siphoviridae,Salmonella enterica serovar Typhimurium,90371,Salmonella enterica subsp. enterica serovar Typhimurium,Gram negative,cell wall,O-antigen,LPS,Glycan,Narrow,predicted-from-receptor,medium,specific O-antigen/serotype -> narrow predicted,Gencay et al. 2019,10.1111/1462-2920.14597, ,Yes,yes,https://www.ncbi.nlm.nih.gov/nuccore/NZ_CP104816.1,NZ_CP104816.1,host genome (fallback),,no,,,none,,PhReD,PhReD: The Phage Receptor Database (Bio-conversion Databank Foundation). https://phred.biodf.org,2026-07-10,no,,,host genome fallback: no gene symbol in receptor,phage present in UniProt but no tail/RBP protein annotated,,Salmonella enterica subsp. enterica serovar Typhimurium,"Salmonella enterica subsp. enterica serovar Typhimurium strain STMC125 chromosome, complete genome",,,,,,high,medium,none
fPS-2,yes,contractile,Myoviridae,Yersinia pesudotuberculosis,633,Yersinia pseudotuberculosis,Gram negative,cell wall,OmpF and LPS outer core oligosaccharides,Membrane Proteins,Protein,Broad,predicted-from-receptor,medium,conserved outer membrane protein receptor -> broad predicted,Salem et al. 2021,10.3390/v13020296, ,Yes,yes,https://www.ncbi.nlm.nih.gov/nuccore/AY855840.1,AY855840.1,specific gene,OmpF,yes,https://www.uniprot.org/uniprotkb/A0A449C6I1,A0A449C6I1,specific RBP,Long tail fiber protein Gp37,PhReD,PhReD: The Phage Receptor Database (Bio-conversion Databank Foundation). https://phred.biodf.org,2026-07-10,yes,low-confidence domain assignment,"multi-domain unresolved, took first-mentioned; all: LPS, Membrane Proteins",specific receptor gene OmpF,,PhReD spelling corrected for lookup: Yersinia pesudotuberculosis,Yersinia pseudotuberculosis,"Yersinia pseudotuberculosis OmpF precursor, gene, partial cds",Yersinia phage fPS-2,resolved,T4-like Bacteriophages Isolated from Pig Stools Infect Yersinia pseudotuberculosis and Yersinia pestis Using LPS and OmpF as Receptors,corroborated,5 independent record(s) link fPS-2 to OmpF,low,high,high
A511,yes,contractile,Myoviridae,Listeria monocytogenes,1639,Listeria monocytogenes,Gram positive,cell wall,"peptidoglycan as primary receptor, N-acetylglucosamine and rhamnose in the wall teichoic acid",Teichoic Acids,Glycan,Undetermined,insufficient-data,none,Teichoic Acids host range is context-dependent; no empirical data in source,"Wendlinger et al. 1996, Habann et al. 2014","10.1099/00221287-142-4-985 (Wendlinger et al), 10.1111/mmi.12539 (Habann et al)", ,Yes,yes,https://www.ncbi.nlm.nih.gov/nuccore/NZ_CP190322.1,NZ_CP190322.1,host genome (fallback),,yes,https://www.uniprot.org/uniprotkb/Q37916,Q37916,"tail protein (internal, low value)",Major tail sheath protein,PhReD,PhReD: The Phage Receptor Database (Bio-conversion Databank Foundation). https://phred.biodf.org,2026-07-10,yes,low-confidence UniProt assignment,,host genome fallback: no gene symbol in receptor,"only internal tail machinery annotated; not host-binding, needs review",,Listeria monocytogenes,"Listeria monocytogenes strain 22L1805 chromosome, complete genome",Listeria phage A511,resolved,Bacteriophage receptors on Listeria monocytogenes cells are the N-acetylglucosamine and rhamnose substituents of teichoic acids or the peptidoglycan itself,corroborated,43 independent record(s) link A511 to teichoic acid,high,medium,low
H8,yes,long non-contractile,Siphoviridae,Salmonella enterica,28901,Salmonella enterica,Gram negative,outer membrane,"outer membrane protein FepA as surface receptor, requires TonB for infectivity",Membrane Proteins,Protein,Broad,predicted-from-receptor,medium,conserved outer membrane protein receptor -> broad predicted,Rabsch et al. 2007,10.1128/JB.00437-07, ,Yes,yes,https://www.ncbi.nlm.nih.gov/nuccore/AY029471.1,AY029471.1,specific gene,TonB,no,,,none,,PhReD,PhReD: The Phage Receptor Database (Bio-conversion Databank Foundation). https://phred.biodf.org,2026-07-10,no,,,specific receptor gene TonB,phage present in UniProt but no tail/RBP protein annotated,,Salmonella enterica,"Salmonella choleraesuis glucosyl-transferase-like protein (iroB), ATP binding cassette transporter-like protein (iroC), ferric enterochelin esterase-like protein (iroD), IroE (iroE), and TonB dependent outer membrane siderophore receptor (iroN) genes, complete cds",,,,,,high,high,none
SPN11T,yes,long non-contractile,Siphoviridae,Salmonella enterica serovar Typhimurium,90371,Salmonella enterica subsp. enterica serovar Typhimurium,Gram negative,flagella,FliC,Flagella,Protein,Undetermined,insufficient-data,none,Flagella host range is context-dependent; no empirical data in source,Shin et al. 2012,10.1371/journal.pone.0043392, ,Yes,yes,https://www.ncbi.nlm.nih.gov/nuccore/JN587177.1,JN587177.1,specific gene,FliC,no,,,none,,PhReD,PhReD: The Phage Receptor Database (Bio-conversion Databank Foundation). https://phred.biodf.org,2026-07-10,no,,,specific receptor gene FliC,phage not found in UniProt,,Salmonella enterica subsp. enterica serovar Typhimurium,"Salmonella enterica subsp. enterica serovar Typhimurium strain SJW23 flagellin type 1 (fliC) gene, complete cds",,resolved,Receptor Diversity and Host Interaction of Bacteriophages Infecting Salmonella enterica Serovar Typhimurium,corroborated,1 independent record(s) link SPN11T to FliC,high,high,none
Mu G(-),yes,contractile,Myoviridae,Erwinia sp.,558,Erwinia sp.,Gram negative,cell wall,"Terminal glucose linked in βl,6 configuration",N/A,,Undetermined,insufficient-data,none,receptor does not support a host-range prediction,Sandulache et al. 1984,10.1128/jb.160.1.299-303.1984, ,Yes,no,,,none,,no,,,none,,PhReD,PhReD: The Phage Receptor Database (Bio-conversion Databank Foundation). https://phred.biodf.org,2026-07-10,no,,receptor does not fit any defined domain,no GenBank record found for receptor or host genome,phage not found in UniProt,,,,,,,,,none,none,none
LP-048,yes,contractile,Myoviridae,Listeria monocytogenes,1639,Listeria monocytogenes,Gram positive,cell wall,N-acetylglucosamine in the wall teichoic acid,Teichoic Acids,Glycan,Undetermined,insufficient-data,none,Teichoic Acids host range is context-dependent; no empirical data in source,Denes et al. 2015,10.1128/AEM.00087-15, ,Yes,yes,https://www.ncbi.nlm.nih.gov/nuccore/NZ_CP190322.1,NZ_CP190322.1,host genome (fallback),,yes,https://www.uniprot.org/uniprotkb/A0A059T910,A0A059T910,specific RBP,Receptor binding protein,PhReD,PhReD: The Phage Receptor Database (Bio-conversion Databank Foundation). https://phred.biodf.org,2026-07-10,no,,,host genome fallback: no gene symbol in receptor,,,Listeria monocytogenes,"Listeria monocytogenes strain 22L1805 chromosome, complete genome",Listeria phage LP-048,,,,,high,medium,high
F388,yes,contractile,Myoviridae,Campylobacter jejuni,197,Campylobacter jejuni,Gram negative,flagella,rotating flagella,Flagella,Protein,Undetermined,insufficient-data,none,Flagella host range is context-dependent; no empirical data in source,Sørensen et al. 2015,10.1371/journal.pone.0116287, ,Yes,yes,https://www.ncbi.nlm.nih.gov/nuccore/NZ_CP172364.1,NZ_CP172364.1,host genome (fallback),,no,,,none,,PhReD,PhReD: The Phage Receptor Database (Bio-conversion Databank Foundation). https://phred.biodf.org,2026-07-10,no,,,host genome fallback: no gene symbol in receptor,phage not found in UniProt,,Campylobacter jejuni,"Campylobacter jejuni strain YH021 chromosome, complete genome",,resolved,Primary Isolation Strain Determines Both Phage Type and Receptors Recognised by Campylobacter jejuni Bacteriophages,uncorroborated,"F388 appears in 24 record(s), but none co-mention 'flagell'",high,medium,none
Ba1,yes,contractile,Myoviridae,Bordetella avium,521,Bordetella avium,Gram negative,cell wall,LPS,LPS,Glycan,Narrow,predicted-from-receptor,low,O-antigen LPS generally serotype-specific -> narrow predicted (weak),Shelton et al. 2002,10.1128/IAI.70.3.1219–1224.2002, ,Yes,yes,https://www.ncbi.nlm.nih.gov/nuccore/NZ_CP025522.1,NZ_CP025522.1,host genome (fallback),,no,,,none,,PhReD,PhReD: The Phage Receptor Database (Bio-conversion Databank Foundation). https://phred.biodf.org,2026-07-10,no,,,host genome fallback: no gene symbol in receptor,phage present in UniProt but no tail/RBP protein annotated,,Bordetella avium,"Bordetella avium strain JBBA chromosome, complete genome",,resolved,Use of Bacteriophage Ba1 To Identify Properties Associated with<i>Bordetella avium</i>Virulence,corroborated,112 independent record(s) link Ba1 to LPS,high,medium,none
Mlo30,yes,short,Podoviridae,Mesorhizobium loti,381,Mesorhizobium loti,Gram negative,cell wall,smooth LPS O antigens,LPS,Glycan,Narrow,predicted-from-receptor,medium,specific O-antigen/serotype -> narrow predicted,Turska-Szewczuk et al. 2010,10.1007/s00284-010-9613-6, ,Yes,yes,https://www.ncbi.nlm.nih.gov/nuccore/NZ_CP033367.1,NZ_CP033367.1,host genome (fallback),,no,,,none,,PhReD,PhReD: The Phage Receptor Database (Bio-conversion Databank Foundation). https://phred.biodf.org,2026-07-10,no,,,host genome fallback: no gene symbol in receptor,phage not found in UniProt,,Mesorhizobium loti R88b,"Mesorhizobium loti R88b chromosome, complete genome",,,,,,high,medium,none
φM1,yes,contractile,Myoviridae,Sinorhizobium meliloti,382,Sinorhizobium meliloti,Gram negative,cell wall,lipopolysaccharide core residues and outer membrane porin RopA1,LPS,Glycan,Broad,predicted-from-receptor,low,conserved LPS core -> broad predicted,Crook et al. 2013,10.1128/JB.00480-13, ,Yes,yes,https://www.ncbi.nlm.nih.gov/nuccore/NZ_CP021219.1,NZ_CP021219.1,host genome (fallback),,yes,https://www.uniprot.org/uniprotkb/A0A1P7WFW6,A0A1P7WFW6,specific RBP,Phage tailspike protein,PhReD,PhReD: The Phage Receptor Database (Bio-conversion Databank Foundation). https://phred.biodf.org,2026-07-10,yes,low-confidence domain assignment,"multi-domain unresolved, took first-mentioned; all: LPS, Membrane Proteins",host genome fallback: gene(s) RopA1 not found,,,Sinorhizobium meliloti RU11/001,"Sinorhizobium meliloti RU11/001 chromosome, complete genome",Pectobacterium phage PhiM1,resolved,The Sinorhizobium meliloti Essential Porin RopA1 Is a Target for Numerous Bacteriophages,corroborated,1 independent record(s) link φM1 to RopA1,low,medium,high
phi-Axp-3,yes,short,Podoviridae,Achromobacter xylosoxidans,85698,Achromobacter xylosoxidans,Gram negative,cell wall,LPS,LPS,Glycan,Narrow,predicted-from-receptor,low,O-antigen LPS generally serotype-specific -> narrow predicted (weak),Ma et al. 2016,10.1038/srep24776, ,Yes,yes,https://www.ncbi.nlm.nih.gov/nuccore/NZ_AP028040.1,NZ_AP028040.1,host genome (fallback),,no,,,none,,PhReD,PhReD: The Phage Receptor Database (Bio-conversion Databank Foundation). https://phred.biodf.org,2026-07-10,no,,,host genome fallback: no gene symbol in receptor,phage not found in UniProt,,Achromobacter xylosoxidans,"Achromobacter xylosoxidans strain H1_3_1 chromosome, complete genome",,,,,,high,medium,none
PM2,yes,contractile,Myoviridae,Aeromonas hydrophila,644,Aeromonas hydrophila,Gram negative,cell wall,LPS core oligosaccharides,LPS,Glycan,Broad,predicted-from-receptor,low,conserved LPS core -> broad predicted,Merino et al. 1990 A,10.1111/j.1574-6968.1990.tb13944.x, ,Yes,yes,https://www.ncbi.nlm.nih.gov/nuccore/NZ_CP118942.1,NZ_CP118942.1,host genome (fallback),,yes,https://www.uniprot.org/uniprotkb/A0A0A0Q2H3,A0A0A0Q2H3,specific RBP,Tail fiber protein,PhReD,PhReD: The Phage Receptor Database (Bio-conversion Databank Foundation). https://phred.biodf.org,2026-07-10,yes,low-confidence UniProt assignment | ambiguous phage name across organisms,,host genome fallback: no gene symbol in receptor,"AMBIGUOUS phage name across organisms, none match host 'Aeromonas hydrophila': Pectobacterium bacteriophage PM2, Proteus phage PM2, Pseudoalteromonas phage PM2, Synechococcus phage S-PM2",,Aeromonas hydrophila,"Aeromonas hydrophila strain K533 chromosome, complete genome",Pectobacterium bacteriophage PM2,resolved,Isolation and characterization of bacteriophage PM2 from<i>Aeromonas hydrophila</i>,corroborated,86 independent record(s) link PM2 to LPS,high,medium,low
F380,yes,contractile,Myoviridae,Campylobacter jejuni,197,Campylobacter jejuni,Gram negative,flagella,rotating flagella,Flagella,Protein,Undetermined,insufficient-data,none,Flagella host range is context-dependent; no empirical data in source,Sørensen et al. 2015,10.1371/journal.pone.0116287, ,Yes,yes,https://www.ncbi.nlm.nih.gov/nuccore/NZ_CP172364.1,NZ_CP172364.1,host genome (fallback),,no,,,none,,PhReD,PhReD: The Phage Receptor Database (Bio-conversion Databank Foundation). https://phred.biodf.org,2026-07-10,no,,,host genome fallback: no gene symbol in receptor,phage not found in UniProt,,Campylobacter jejuni,"Campylobacter jejuni strain YH021 chromosome, complete genome",,,,,,high,medium,none
CBA120,yes,contractile,Myoviridae,Escherichia coli,562,Escherichia coli,Gram negative,cell wall,O-antigen of LPS,LPS,Glycan,Narrow,predicted-from-receptor,medium,specific O-antigen/serotype -> narrow predicted,Plattner et al. 2019,10.1016/j.jmb.2019.07.022, ,Yes,yes,https://www.ncbi.nlm.nih.gov/nuccore/NZ_CP187781.1,NZ_CP187781.1,host genome (fallback),,yes,https://www.uniprot.org/uniprotkb/G3M191,G3M191,specific RBP,Tailspike protein,PhReD,PhReD: The Phage Receptor Database (Bio-conversion Databank Foundation). https://phred.biodf.org,2026-07-10,no,,,host genome fallback: no gene symbol in receptor,,,Escherichia coli,"Escherichia coli strain 097H6 chromosome, complete genome",Escherichia phage Cba120,,,,,high,medium,high
S106,yes,long non-contractile,Siphoviridae,Salmonella enterica serovar Typhimurium,90371,Salmonella enterica subsp. enterica serovar Typhimurium,Gram negative,cell wall,O-antigen,LPS,Glycan,Narrow,predicted-from-receptor,medium,specific O-antigen/serotype -> narrow predicted,Gencay et al. 2019,10.1111/1462-2920.14597, ,Yes,yes,https://www.ncbi.nlm.nih.gov/nuccore/NZ_CP104816.1,NZ_CP104816.1,host genome (fallback),,no,,,none,,PhReD,PhReD: The Phage Receptor Database (Bio-conversion Databank Foundation). https://phred.biodf.org,2026-07-10,no,,,host genome fallback: no gene symbol in receptor,phage not found in UniProt,,Salmonella enterica subsp. enterica serovar Typhimurium,"Salmonella enterica subsp. enterica serovar Typhimurium strain STMC125 chromosome, complete genome",,,,,,high,medium,none
SPN3UB,yes,long non-contractile,Siphoviridae,Salmonella enterica serovar Typhimurium,90371,Salmonella enterica subsp. enterica serovar Typhimurium,Gram negative,cell wall,O-antigen of LPS,LPS,Glycan,Narrow,predicted-from-receptor,medium,specific O-antigen/serotype -> narrow predicted,Lee et al. 2012,10.1371/journal.pone.0043392, ,Yes,yes,https://www.ncbi.nlm.nih.gov/nuccore/NZ_CP104816.1,NZ_CP104816.1,host genome (fallback),,no,,,none,,PhReD,PhReD: The Phage Receptor Database (Bio-conversion Databank Foundation). https://phred.biodf.org,2026-07-10,no,,,host genome fallback: no gene symbol in receptor,phage not found in UniProt,,Salmonella enterica subsp. enterica serovar Typhimurium,"Salmonella enterica subsp. enterica serovar Typhimurium strain STMC125 chromosome, complete genome",,,,,,high,medium,none
φPA01,yes,contractile,Myoviridae,Pseudomonas aeruginosa,287,Pseudomonas aeruginosa,Gram negative,cell wall,LPS,LPS,Glycan,Narrow,predicted-from-receptor,low,O-antigen LPS generally serotype-specific -> narrow predicted (weak),Ong et al. 2020,10.1016/j.jbiosc.2020.02.001, ,Yes,yes,https://www.ncbi.nlm.nih.gov/nuccore/NZ_OZ484744.1,NZ_OZ484744.1,host genome (fallback),,yes,https://www.uniprot.org/uniprotkb/A0A455VY02,A0A455VY02,specific RBP,Phage tail fiber protein,PhReD,PhReD: The Phage Receptor Database (Bio-conversion Databank Foundation). https://phred.biodf.org,2026-07-10,no,,,host genome fallback: no gene symbol in receptor,,,Pseudomonas aeruginosa,"Pseudomonas aeruginosa strain PA3 isolate PA3 chromosome 1, complete sequence",Pseudomonas phage PA01,,,,,high,medium,high
F353,yes,contractile,Myoviridae,Campylobacter jejuni,197,Campylobacter jejuni,Gram negative,cell wall,capsular polysaccharides,Capsular Polysaccharide,Glycan,Narrow,predicted-from-receptor,medium,capsule/K-antigen is strain/serotype specific -> narrow predicted,Sørensen et al. 2015,10.1371/journal.pone.0116287, ,Yes,yes,https://www.ncbi.nlm.nih.gov/nuccore/NZ_CP172364.1,NZ_CP172364.1,host genome (fallback),,no,,,none,,PhReD,PhReD: The Phage Receptor Database (Bio-conversion Databank Foundation). https://phred.biodf.org,2026-07-10,no,,,host genome fallback: no gene symbol in receptor,phage not found in UniProt,,Campylobacter jejuni,"Campylobacter jejuni strain YH021 chromosome, complete genome",,,,,,high,medium,none
fPS-21,yes,short,Podoviridae,Yersinia enterocolitica,630,Yersinia enterocolitica,Gram negative,cell wall,LPS O antigen,LPS,Glycan,Narrow,predicted-from-receptor,medium,specific O-antigen/serotype -> narrow predicted,Salem et al. 2018,10.3390/v10040174, ,Yes,yes,https://www.ncbi.nlm.nih.gov/nuccore/NZ_CP139458.1,NZ_CP139458.1,host genome (fallback),,no,,,none,,PhReD,PhReD: The Phage Receptor Database (Bio-conversion Databank Foundation). https://phred.biodf.org,2026-07-10,no,,,host genome fallback: no gene symbol in receptor,phage not found in UniProt,,Yersinia enterocolitica,"Yersinia enterocolitica strain Y40 chromosome, complete genome",,,,,,high,medium,none
S118,yes,contractile,Myoviridae,Salmonella enterica serovar Typhimurium,90371,Salmonella enterica subsp. enterica serovar Typhimurium,Gram negative,cell wall,O-antigen,LPS,Glycan,Narrow,predicted-from-receptor,medium,specific O-antigen/serotype -> narrow predicted,Gencay et al. 2019,10.1111/1462-2920.14597, ,Yes,yes,https://www.ncbi.nlm.nih.gov/nuccore/NZ_CP104816.1,NZ_CP104816.1,host genome (fallback),,yes,https://www.uniprot.org/uniprotkb/A0A2Z5HLW4,A0A2Z5HLW4,specific RBP,Tail fiber protein,PhReD,PhReD: The Phage Receptor Database (Bio-conversion Databank Foundation). https://phred.biodf.org,2026-07-10,no,,,host genome fallback: no gene symbol in receptor,,,Salmonella enterica subsp. enterica serovar Typhimurium,"Salmonella enterica subsp. enterica serovar Typhimurium strain STMC125 chromosome, complete genome",Salmonella phage S118,,,,,high,medium,high
φSa039,yes,contractile,Myoviridae,Staphylococcus aureus,1280,Staphylococcus aureus,Gram positive,cell wall,β-GlcNAc residue and backbone of wall teichoic acids,Teichoic Acids,Glycan,Undetermined,insufficient-data,none,Teichoic Acids host range is context-dependent; no empirical data in source,Azam et al. 2018,10.1007/s00253-018-9269-x, ,Yes,yes,https://www.ncbi.nlm.nih.gov/nuccore/NZ_CP195878.1,NZ_CP195878.1,host genome (fallback),,no,,,none,,PhReD,PhReD: The Phage Receptor Database (Bio-conversion Databank Foundation). https://phred.biodf.org,2026-07-10,no,,,host genome fallback: no gene symbol in receptor,phage not found in UniProt,,Staphylococcus aureus,"Staphylococcus aureus strain A_1d chromosome, complete genome",,,,,,high,medium,none
B7,yes,short,Podoviridae,Acinetobacter baumannii,470,Acinetobacter baumannii,Gram negative,cell wall,capsular polysaccharides,Capsular Polysaccharide,Glycan,Narrow,predicted-from-receptor,medium,capsule/K-antigen is strain/serotype specific -> narrow predicted,Oliveira et al. 2017,10.1111/1462-2920.13970, ,Yes,yes,https://www.ncbi.nlm.nih.gov/nuccore/NZ_CP156044.1,NZ_CP156044.1,host genome (fallback),,no,,,none,,PhReD,PhReD: The Phage Receptor Database (Bio-conversion Databank Foundation). https://phred.biodf.org,2026-07-10,no,,,host genome fallback: no gene symbol in receptor,phage present in UniProt but no tail/RBP protein annotated,,Acinetobacter baumannii,"Acinetobacter baumannii strain D13 chromosome, complete genome",,,,,,high,medium,none
S144,yes,contractile,Myoviridae,Salmonella enterica serovar Infantis,28901,Salmonella enterica,Gram negative,cell wall,O-antigen,LPS,Glycan,Narrow,predicted-from-receptor,medium,specific O-antigen/serotype -> narrow predicted,Gambino et al. 2020,10.3390/ijms21155196, ,Yes,yes,https://www.ncbi.nlm.nih.gov/nuccore/NZ_CP186307.1,NZ_CP186307.1,host genome (fallback),,yes,https://www.uniprot.org/uniprotkb/A0A7G5CF21,A0A7G5CF21,specific RBP,Putative tail fiber protein,PhReD,PhReD: The Phage Receptor Database (Bio-conversion Databank Foundation). https://phred.biodf.org,2026-07-10,no,,,host genome fallback: no gene symbol in receptor,,resolved only at broader rank (species); species-level match unavailable,Salmonella enterica,"Salmonella enterica strain CUVET24-78 chromosome, complete genome",Salmonella phage S144,,,,,high,medium,high
F363,yes,contractile,Myoviridae,Campylobacter jejuni,197,Campylobacter jejuni,Gram negative,cell wall,capsular polysaccharides,Capsular Polysaccharide,Glycan,Narrow,predicted-from-receptor,medium,capsule/K-antigen is strain/serotype specific -> narrow predicted,Sørensen et al. 2015,10.1371/journal.pone.0116287, ,Yes,yes,https://www.ncbi.nlm.nih.gov/nuccore/NZ_CP172364.1,NZ_CP172364.1,host genome (fallback),,no,,,none,,PhReD,PhReD: The Phage Receptor Database (Bio-conversion Databank Foundation). https://phred.biodf.org,2026-07-10,no,,,host genome fallback: no gene symbol in receptor,phage not found in UniProt,,Campylobacter jejuni,"Campylobacter jejuni strain YH021 chromosome, complete genome",,,,,,high,medium,none
IME253,yes,long non-contractile,Siphoviridae,Escherichia coli,562,Escherichia coli,Gram negative,cell wall,FepA,Membrane Proteins,Protein,Broad,predicted-from-receptor,medium,conserved outer membrane protein receptor -> broad predicted,Li et al. 2019,10.3389/fmicb.2019.00850, ,Yes,yes,https://www.ncbi.nlm.nih.gov/nuccore/M13748.1,M13748.1,specific gene,FepA,yes,https://www.uniprot.org/uniprotkb/A0A1P8DUS2,A0A1P8DUS2,specific RBP,Tail fiber protein,PhReD,PhReD: The Phage Receptor Database (Bio-conversion Databank Foundation). https://phred.biodf.org,2026-07-10,no,,,specific receptor gene FepA,,,Escherichia coli,"Escherichia coli ferrienterochelin receptor (fepA) gene, complete cds",Escherichia phage vB_EcoS-IME253,,,,,high,high,high
Vi Phage II,yes,long non-contractile,Siphoviridae,Salmonella enterica serovar Typhi,90370,Salmonella enterica subsp. enterica serovar Typhi,Gram negative,cell wall,Vi exopolysaccharide,Capsular Polysaccharide,Glycan,Narrow,predicted-from-receptor,medium,capsule/K-antigen is strain/serotype specific -> narrow predicted,Pickard et al. 2010,10.1128/JB.00659-10, ,Yes,yes,https://www.ncbi.nlm.nih.gov/nuccore/NZ_LR590081.1,NZ_LR590081.1,host genome (fallback),,no,,,none,,PhReD,PhReD: The Phage Receptor Database (Bio-conversion Databank Foundation). https://phred.biodf.org,2026-07-10,no,,,host genome fallback: no gene symbol in receptor,phage not found in UniProt,,Salmonella enterica subsp. enterica serovar Typhi str. Ty2,Salmonella enterica subsp. enterica serovar Typhi str. Ty2 strain 4316STDY6559669 chromosome 1,,,,,,high,medium,none
SPO2,yes,long non-contractile,Siphoviridae,Bacillus subtilis,1423,Bacillus subtilis,Gram positive,cell wall,glucosylation of polyglycerol  teichoic acid,Teichoic Acids,Glycan,Undetermined,insufficient-data,none,Teichoic Acids host range is context-dependent; no empirical data in source,Young 1967,10.1073/pnas.58.6.2377, ,Yes,yes,https://www.ncbi.nlm.nih.gov/nuccore/NZ_CP160208.1,NZ_CP160208.1,host genome (fallback),,no,,,none,,PhReD,PhReD: The Phage Receptor Database (Bio-conversion Databank Foundation). https://phred.biodf.org,2026-07-10,no,,,host genome fallback: no gene symbol in receptor,phage not found in UniProt,,Bacillus subtilis,"Bacillus subtilis strain LTH 7164 chromosome, complete genome",,,,,,high,medium,none
S145,yes,long non-contractile,Siphoviridae,Salmonella enterica serovar Typhimurium,90371,Salmonella enterica subsp. enterica serovar Typhimurium,Gram negative,cell wall,"BtuB, vitamin B12 membrane transporter",Membrane Proteins,Protein,Broad,predicted-from-receptor,medium,conserved outer membrane protein receptor -> broad predicted,Gencay et al. 2019,10.1111/1462-2920.14597, ,Yes,yes,https://www.ncbi.nlm.nih.gov/nuccore/M89481.1,M89481.1,specific gene,BtuB,no,,,none,,PhReD,PhReD: The Phage Receptor Database (Bio-conversion Databank Foundation). https://phred.biodf.org,2026-07-10,no,,,specific receptor gene BtuB,phage not found in UniProt,,Salmonella enterica subsp. enterica serovar Typhimurium,"Salmonella typhimurium vitamin B12 transport protein (btuB) gene, complete cds",,,,,,high,high,none
Mu G(+),yes,contractile,Myoviridae,Escherichia coli,562,Escherichia coli,Gram negative,cell wall,Terminal Glcα-2Glcα1- or GlcNAcα1-2Glcα1- of the LPS,LPS,Glycan,Narrow,predicted-from-receptor,low,O-antigen LPS generally serotype-specific -> narrow predicted (weak),Sandulache et al. 1984,10.1128/jb.160.1.299-303.1984, ,Yes,yes,https://www.ncbi.nlm.nih.gov/nuccore/NZ_CP187781.1,NZ_CP187781.1,host genome (fallback),,no,,,none,,PhReD,PhReD: The Phage Receptor Database (Bio-conversion Databank Foundation). https://phred.biodf.org,2026-07-10,no,,,host genome fallback: no gene symbol in receptor,phage not found in UniProt,,Escherichia coli,"Escherichia coli strain 097H6 chromosome, complete genome",,,,,,high,medium,none
mEp213,yes,long non-contractile,Siphoviridae,Escherichia coli,562,Escherichia coli,Gram negative,cell wall,FhuA,Membrane Proteins,Protein,Broad,predicted-from-receptor,medium,conserved outer membrane protein receptor -> broad predicted,"Uc-Mass et al. 2004, Hernandez-Sanchez et al. 2008","10.1016/j.virol.2004.09.005 (Uc-Mass et al), 10.1007/s00705-008-0111-0 (Hernandez-Sanchez et al)", ,Yes,yes,https://www.ncbi.nlm.nih.gov/nuccore/M12486.1,M12486.1,specific gene,FhuA,yes,https://www.uniprot.org/uniprotkb/K7PH60,K7PH60,specific RBP,Tail fiber,PhReD,PhReD: The Phage Receptor Database (Bio-conversion Databank Foundation). https://phred.biodf.org,2026-07-10,no,,,specific receptor gene FhuA,,,Escherichia coli,"E.coli fhuA, fhuC and fhuD genes encoding the ferrichrome-iron receptor and two ferric aerobactin and ferric coprogen transport proteins, complete cds",Enterobacteria phage mEp213,,,,,high,high,high
φAT1,yes,contractile,Myoviridae,Erwinia carotovora,554,Pectobacterium carotovorum,Gram negative,flagella,flagellin protein,Flagella,Protein,Undetermined,insufficient-data,none,Flagella host range is context-dependent; no empirical data in source,Evans et al. 2009,10.1111/j.1365-2672.2009.04462.x, ,Yes,yes,https://www.ncbi.nlm.nih.gov/nuccore/NZ_CP032619.1,NZ_CP032619.1,host genome (fallback),,no,,,none,,PhReD,PhReD: The Phage Receptor Database (Bio-conversion Databank Foundation). https://phred.biodf.org,2026-07-10,no,,,host genome fallback: no gene symbol in receptor,phage not found in UniProt,taxonomic synonym applied: Erwinia carotovora -> Pectobacterium carotovorum,Pectobacterium carotovorum,"Pectobacterium carotovorum strain HG-49 chromosome, complete genome",,,,,,high,medium,none
mEp457,yes,long non-contractile,Siphoviridae,Escherichia coli,562,Escherichia coli,Gram negative,cell wall,FhuA,Membrane Proteins,Protein,Broad,predicted-from-receptor,medium,conserved outer membrane protein receptor -> broad predicted,Hernandez-Sanchez et al. 2008,10.1007/s00705-008-0111-0, ,Yes,yes,https://www.ncbi.nlm.nih.gov/nuccore/M12486.1,M12486.1,specific gene,FhuA,no,,,none,,PhReD,PhReD: The Phage Receptor Database (Bio-conversion Databank Foundation). https://phred.biodf.org,2026-07-10,yes,no independent literature found for this phage,,specific receptor gene FhuA,phage not found in UniProt,,Escherichia coli,"E.coli fhuA, fhuC and fhuD genes encoding the ferrichrome-iron receptor and two ferric aerobactin and ferric coprogen transport proteins, complete cds",,resolved,"Analysis of some phenotypic traits of feces-borne temperate lambdoid bacteriophages from different immunity groups: a high incidence of cor+, FhuA-dependent phages",no literature,no independent literature found for mEp457,high,high,none
l (alternate host),yes,long non-contractile,Siphoviridae,Lactococcus lactis,1358,Lactococcus lactis,Gram positive,cell wall,"rhamnose in carbohydrates in cell wall for reversible binding, Pip (phage infection protein)  for irreversible binding",Membrane Proteins,Protein,Broad,predicted-from-receptor,medium,conserved outer membrane protein receptor -> broad predicted,Monteville et al. 1994,10.1128/aem.60.9.3204-3211.1994, ,Yes,yes,https://www.ncbi.nlm.nih.gov/nuccore/NZ_CP184687.1,NZ_CP184687.1,host genome (fallback),,no,,,none,,PhReD,PhReD: The Phage Receptor Database (Bio-conversion Databank Foundation). https://phred.biodf.org,2026-07-10,yes,receptor text does not support domain 'Membrane Proteins' | no independent literature found for this phage,,host genome fallback: no gene symbol in receptor,phage not found in UniProt,,Lactococcus lactis,Lactococcus lactis strain L81 chromosome,,resolved,Lactococcal Bacteriophages Require a Host Cell Wall Carbohydrate and a Plasma Membrane Protein for Adsorption and Ejection of DNA,no literature,no independent literature found for l (alternate host),high,medium,none
S114,yes,long non-contractile,Siphoviridae,Salmonella enterica serovar Typhimurium,90371,Salmonella enterica subsp. enterica serovar Typhimurium,Gram negative,cell wall,O-antigen,LPS,Glycan,Narrow,predicted-from-receptor,medium,specific O-antigen/serotype -> narrow predicted,Gencay et al. 2019,10.1111/1462-2920.14597, ,Yes,yes,https://www.ncbi.nlm.nih.gov/nuccore/NZ_CP104816.1,NZ_CP104816.1,host genome (fallback),,yes,https://www.uniprot.org/uniprotkb/A0A2Z5HKG8,A0A2Z5HKG8,specific RBP,Receptor-binding protein,PhReD,PhReD: The Phage Receptor Database (Bio-conversion Databank Foundation). https://phred.biodf.org,2026-07-10,no,,,host genome fallback: no gene symbol in receptor,,,Salmonella enterica subsp. enterica serovar Typhimurium,"Salmonella enterica subsp. enterica serovar Typhimurium strain STMC125 chromosome, complete genome",Salmonella phage S114,resolved,The genera of bacteriophages and their receptors are the major determinants of host range,corroborated,10 independent record(s) link S114 to O-antigen,high,medium,high
SPN9T,yes,long non-contractile,Siphoviridae,Salmonella enterica serovar Typhimurium,90371,Salmonella enterica subsp. enterica serovar Typhimurium,Gram negative,flagella,FliC,Flagella,Protein,Undetermined,insufficient-data,none,Flagella host range is context-dependent; no empirical data in source,Shin et al. 2012,10.1371/journal.pone.0043392, ,Yes,yes,https://www.ncbi.nlm.nih.gov/nuccore/JN587177.1,JN587177.1,specific gene,FliC,no,,,none,,PhReD,PhReD: The Phage Receptor Database (Bio-conversion Databank Foundation). https://phred.biodf.org,2026-07-10,no,,,specific receptor gene FliC,phage not found in UniProt,,Salmonella enterica subsp. enterica serovar Typhimurium,"Salmonella enterica subsp. enterica serovar Typhimurium strain SJW23 flagellin type 1 (fliC) gene, complete cds",,,,,,high,high,none
φM9,yes,contractile,Myoviridae,Sinorhizobium meliloti,382,Sinorhizobium meliloti,Gram negative,cell wall,lipopolysaccharide core residues and outer membrane porin RopA4,LPS,Glycan,Broad,predicted-from-receptor,low,conserved LPS core -> broad predicted,Crook et al. 2013,10.1128/JB.00480-13, ,Yes,yes,https://www.ncbi.nlm.nih.gov/nuccore/NZ_CP021219.1,NZ_CP021219.1,host genome (fallback),,yes,https://www.uniprot.org/uniprotkb/A0A0F6TGR1,A0A0F6TGR1,specific RBP,Tail fiber protein,PhReD,PhReD: The Phage Receptor Database (Bio-conversion Databank Foundation). https://phred.biodf.org,2026-07-10,yes,low-confidence domain assignment,"multi-domain unresolved, took first-mentioned; all: LPS, Membrane Proteins",host genome fallback: gene(s) RopA4 not found,,,Sinorhizobium meliloti RU11/001,"Sinorhizobium meliloti RU11/001 chromosome, complete genome",Sinorhizobium phage phiM9,resolved,The Sinorhizobium meliloti Essential Porin RopA1 Is a Target for Numerous Bacteriophages,uncorroborated,"φM9 appears in 12 record(s), but none co-mention 'RopA4'",low,medium,high
F359,yes,contractile,Myoviridae,Campylobacter jejuni,197,Campylobacter jejuni,Gram negative,cell wall,capsular polysaccharides,Capsular Polysaccharide,Glycan,Narrow,predicted-from-receptor,medium,capsule/K-antigen is strain/serotype specific -> narrow predicted,Sørensen et al. 2015,10.1371/journal.pone.0116287, ,Yes,yes,https://www.ncbi.nlm.nih.gov/nuccore/NZ_CP172364.1,NZ_CP172364.1,host genome (fallback),,no,,,none,,PhReD,PhReD: The Phage Receptor Database (Bio-conversion Databank Foundation). https://phred.biodf.org,2026-07-10,no,,,host genome fallback: no gene symbol in receptor,phage not found in UniProt,,Campylobacter jejuni,"Campylobacter jejuni strain YH021 chromosome, complete genome",,,,,,high,medium,none
p2,yes,long non-contractile,Siphoviridae,Lactococcus lactis,1358,Lactococcus lactis,Gram positive,cell wall,cell wall saccharides for reversible attachment and pellicle; phosphohexasaccharide motifs for irreversible adsorption,N/A,,Undetermined,insufficient-data,none,receptor does not support a host-range prediction,Bebeacua et al. 2013,10.1128/JVI.02033-13, ,Yes,yes,https://www.ncbi.nlm.nih.gov/nuccore/NZ_CP184687.1,NZ_CP184687.1,host genome (fallback),,yes,https://www.uniprot.org/uniprotkb/Q71AW2,Q71AW2,specific RBP,Receptor binding protein,PhReD,PhReD: The Phage Receptor Database (Bio-conversion Databank Foundation). https://phred.biodf.org,2026-07-10,no,,receptor does not fit any defined domain,host genome fallback: no gene symbol in receptor,"name collision resolved by host; other candidates: Aeromonas phage P2, Enterococcus phage phiEF24C-P2, Escherichia phage P2, Pseudomonas phage UFV-P2",,Lactococcus lactis,Lactococcus lactis strain L81 chromosome,Lactococcus phage p2,,,,,none,medium,high
φCr30,yes,contractile,Myoviridae,Caulobacter crescentus,155892,Caulobacter vibrioides,Gram negative,capsule,paracrystalline surface (S) layer,N/A,,Undetermined,insufficient-data,none,receptor does not support a host-range prediction,Edwards and Smit 1991,10.1128/jb.173.17.5568-5572.1991, ,Yes,yes,https://www.ncbi.nlm.nih.gov/nuccore/NZ_CP023315.3,NZ_CP023315.3,host genome (fallback),,no,,,none,,PhReD,PhReD: The Phage Receptor Database (Bio-conversion Databank Foundation). https://phred.biodf.org,2026-07-10,no,,receptor does not fit any defined domain,host genome fallback: no gene symbol in receptor,phage present in UniProt but no tail/RBP protein annotated,taxonomic synonym applied: Caulobacter crescentus -> Caulobacter vibrioides,Caulobacter vibrioides,"Caulobacter vibrioides strain CB13b1a chromosome, complete genome",,,,,,none,medium,none
KIL5,yes,contractile,Myoviridae,Pseudomonas syringae pv. porri,83964,Pseudomonas coronafaciens pv. porri,Gram negative,cell wall,LPS,LPS,Glycan,Narrow,predicted-from-receptor,low,O-antigen LPS generally serotype-specific -> narrow predicted (weak),Holtappels et al. 2020,10.3390/ijms21082930, ,Yes,no,,,none,,no,,,none,,PhReD,PhReD: The Phage Receptor Database (Bio-conversion Databank Foundation). https://phred.biodf.org,2026-07-10,no,,,no GenBank record found for receptor or host genome,phage not found in UniProt,host renamed in NCBI: Pseudomonas syringae pv. porri -> Pseudomonas coronafaciens pv. porri,,,,,,,,high,none,none
ST-1,no,"none (icosahedral, ssDNA)",Microviridae,Escherichia coli,562,Escherichia coli,Gram negative,cell wall,Terminal Glcα-2Glcα1- or GlcNAcα1-2Glcα1- of the LPS,LPS,Glycan,Narrow,predicted-from-receptor,low,O-antigen LPS generally serotype-specific -> narrow predicted (weak),Sandulache et al. 1984,10.1128/jb.160.1.299-303.1984, ,Yes,yes,https://www.ncbi.nlm.nih.gov/nuccore/NZ_CP187781.1,NZ_CP187781.1,host genome (fallback),,yes,https://www.uniprot.org/uniprotkb/P03645,P03645,specific RBP,Major spike protein,PhReD,PhReD: The Phage Receptor Database (Bio-conversion Databank Foundation). https://phred.biodf.org,2026-07-10,no,,,host genome fallback: no gene symbol in receptor,,,Escherichia coli,"Escherichia coli strain 097H6 chromosome, complete genome",Escherichia phage St-1,,,,,high,medium,high
TP901-1,yes,long non-contractile,Siphoviridae,Lactococcus lactis,1358,Lactococcus lactis,Gram positive,cell wall,cell wall polysaccharides subtype C2,N/A,,Undetermined,insufficient-data,none,receptor does not support a host-range prediction,Ainsworth et al. 2014,10.1128/mBio.00880-14, ,Yes,yes,https://www.ncbi.nlm.nih.gov/nuccore/NZ_CP184687.1,NZ_CP184687.1,host genome (fallback),,no,,,none,,PhReD,PhReD: The Phage Receptor Database (Bio-conversion Databank Foundation). https://phred.biodf.org,2026-07-10,no,,receptor does not fit any defined domain,host genome fallback: no gene symbol in receptor,phage present in UniProt but no tail/RBP protein annotated,,Lactococcus lactis,Lactococcus lactis strain L81 chromosome,,,,,,none,medium,none
φSLT,yes,long non-contractile,Siphoviridae,Staphylococcus aureus,1280,Staphylococcus aureus,Gram positive,cell wall,Poly(glycerophosphate) moiety of lipoteichoic acid (LTA),Teichoic Acids,Glycan,Undetermined,insufficient-data,none,Teichoic Acids host range is context-dependent; no empirical data in source,Kaneko et al. 2009,10.1128/JB.01793-08, ,Yes,yes,https://www.ncbi.nlm.nih.gov/nuccore/NZ_CP195878.1,NZ_CP195878.1,host genome (fallback),,yes,https://www.uniprot.org/uniprotkb/Q783R4,Q783R4,other tail protein,Major tail protein,PhReD,PhReD: The Phage Receptor Database (Bio-conversion Databank Foundation). https://phred.biodf.org,2026-07-10,no,,,host genome fallback: no gene symbol in receptor,no specific RBP annotated; using another tail protein (Patrick's fallback),,Staphylococcus aureus,"Staphylococcus aureus strain A_1d chromosome, complete genome",Staphylococcus phage phiSLT,,,,,high,medium,medium
N1,yes,short,Podoviridae,Acinetobacter baumannii,470,Acinetobacter baumannii,Gram negative,cell wall,capsular polysaccharides,Capsular Polysaccharide,Glycan,Narrow,predicted-from-receptor,medium,capsule/K-antigen is strain/serotype specific -> narrow predicted,Oliveira et al. 2017,10.1111/1462-2920.13970, ,Yes,yes,https://www.ncbi.nlm.nih.gov/nuccore/NZ_CP156044.1,NZ_CP156044.1,host genome (fallback),,no,,,none,,PhReD,PhReD: The Phage Receptor Database (Bio-conversion Databank Foundation). https://phred.biodf.org,2026-07-10,no,,,host genome fallback: no gene symbol in receptor,phage present in UniProt but no tail/RBP protein annotated,,Acinetobacter baumannii,"Acinetobacter baumannii strain D13 chromosome, complete genome",,,,,,high,medium,none
M6202,yes,long non-contractile,Siphoviridae,Lactococcus lactis,1358,Lactococcus lactis,Gram positive,cell wall,YjaE,N/A,,Undetermined,insufficient-data,none,receptor does not support a host-range prediction,Millen et al. 2021,10.1099/jgv.0.000499, ,Yes,yes,https://www.ncbi.nlm.nih.gov/nuccore/NZ_CP184687.1,NZ_CP184687.1,host genome (fallback),,no,,,none,,PhReD,PhReD: The Phage Receptor Database (Bio-conversion Databank Foundation). https://phred.biodf.org,2026-07-10,no,,receptor does not fit any defined domain,host genome fallback: gene(s) YjaE not found,phage not found in UniProt,,Lactococcus lactis,Lactococcus lactis strain L81 chromosome,,,,,,none,medium,none
LE4,yes,contractile,Myoviridae,Leptospira biflexa,172,Leptospira biflexa,Gram negative,cell wall,LPS,LPS,Glycan,Narrow,predicted-from-receptor,low,O-antigen LPS generally serotype-specific -> narrow predicted (weak),Schiettekatte et al. 2018,10.1038/s41598-018-29983-6, ,Yes,yes,https://www.ncbi.nlm.nih.gov/nuccore/NC_010842.1,NC_010842.1,host genome (fallback),,yes,https://www.uniprot.org/uniprotkb/A0A343LEE6,A0A343LEE6,specific RBP,Tail fiber protein,PhReD,PhReD: The Phage Receptor Database (Bio-conversion Databank Foundation). https://phred.biodf.org,2026-07-10,no,,,host genome fallback: no gene symbol in receptor,,,Leptospira biflexa serovar Patoc strain 'Patoc 1 (Ames)',"Leptospira biflexa serovar Patoc strain 'Patoc 1 (Ames)' chromosome I, complete sequence",Leptospira phage LE4,resolved,"Characterization of LE3 and LE4, the only lytic phages known to infect the spirochete Leptospira",corroborated,14 independent record(s) link LE4 to LPS,high,medium,high
fs1,no,none (filamentous),Inoviridae,Vibrio cholerae,666,Vibrio cholerae,Gram negative,fimbriae,type 4 fimbriae,Pili,Protein,Undetermined,insufficient-data,none,Pili host range is context-dependent; no empirical data in source,Ehara et al. 1997,10.1016/s0378-1097(97)00345-5, ,Yes,yes,https://www.ncbi.nlm.nih.gov/nuccore/NZ_CP191367.1,NZ_CP191367.1,host genome (fallback),,no,,,none,,PhReD,PhReD: The Phage Receptor Database (Bio-conversion Databank Foundation). https://phred.biodf.org,2026-07-10,no,,,host genome fallback: no gene symbol in receptor,phage present in UniProt but no tail/RBP protein annotated,,Vibrio cholerae,"Vibrio cholerae strain GD25VC001 chromosome 1, complete sequence",,,,,,high,medium,none
φR1-37 (alternate host),yes,contractile,Myoviridae,Yersinia pseudotuberculosis,633,Yersinia pseudotuberculosis,Gram negative,cell wall,O-antigen of LPS,LPS,Glycan,Narrow,predicted-from-receptor,medium,specific O-antigen/serotype -> narrow predicted,Kiljunen et al. 2005,10.1099/mic.0.28265-0,,Yes,yes,https://www.ncbi.nlm.nih.gov/nuccore/NZ_AP031363.1,NZ_AP031363.1,host genome (fallback),,no,,,none,,PhReD,PhReD: The Phage Receptor Database (Bio-conversion Databank Foundation). https://phred.biodf.org,2026-07-10,no,,,host genome fallback: no gene symbol in receptor,phage not found in UniProt,,Yersinia pseudotuberculosis,"Yersinia pseudotuberculosis strain KD3 chromosome, complete genome",,,,,,high,medium,none
mEp498,yes,long non-contractile,Siphoviridae,Escherichia coli,562,Escherichia coli,Gram negative,cell wall,FhuA,Membrane Proteins,Protein,Broad,predicted-from-receptor,medium,conserved outer membrane protein receptor -> broad predicted,Hernandez-Sanchez et al. 2008,10.1007/s00705-008-0111-0, ,Yes,yes,https://www.ncbi.nlm.nih.gov/nuccore/M12486.1,M12486.1,specific gene,FhuA,no,,,none,,PhReD,PhReD: The Phage Receptor Database (Bio-conversion Databank Foundation). https://phred.biodf.org,2026-07-10,no,,,specific receptor gene FhuA,phage not found in UniProt,,Escherichia coli,"E.coli fhuA, fhuC and fhuD genes encoding the ferrichrome-iron receptor and two ferric aerobactin and ferric coprogen transport proteins, complete cds",,,,,,high,high,none
phi7,yes,long non-contractile,Siphoviridae,Lactococcus lactis,1358,Lactococcus lactis,Gram positive,cell wall,cell wall polysaccharides,N/A,,Undetermined,insufficient-data,none,receptor does not support a host-range prediction,Mahony et al. 2013,10.1128/AEM.00653-13, ,Yes,yes,https://www.ncbi.nlm.nih.gov/nuccore/NZ_CP184687.1,NZ_CP184687.1,host genome (fallback),,yes,https://www.uniprot.org/uniprotkb/R9R237,R9R237,specific RBP,Putative receptor binding protein,PhReD,PhReD: The Phage Receptor Database (Bio-conversion Databank Foundation). https://phred.biodf.org,2026-07-10,no,,receptor does not fit any defined domain,host genome fallback: no gene symbol in receptor,,,Lactococcus lactis,Lactococcus lactis strain L81 chromosome,Lactococcus phage phi7,,,,,none,medium,high
Vi Phage V,yes,short,Podoviridae,Salmonella enterica serovar Typhi,90370,Salmonella enterica subsp. enterica serovar Typhi,Gram negative,cell wall,Vi exopolysaccharide,Capsular Polysaccharide,Glycan,Narrow,predicted-from-receptor,medium,capsule/K-antigen is strain/serotype specific -> narrow predicted,Pickard et al. 2010,10.1128/JB.00659-10, ,Yes,yes,https://www.ncbi.nlm.nih.gov/nuccore/NZ_LR590081.1,NZ_LR590081.1,host genome (fallback),,no,,,none,,PhReD,PhReD: The Phage Receptor Database (Bio-conversion Databank Foundation). https://phred.biodf.org,2026-07-10,no,,,host genome fallback: no gene symbol in receptor,phage not found in UniProt,,Salmonella enterica subsp. enterica serovar Typhi str. Ty2,Salmonella enterica subsp. enterica serovar Typhi str. Ty2 strain 4316STDY6559669 chromosome 1,,,,,,high,medium,none
CPS1,yes,short,Podoviridae,Clostridium perfringens,1502,Clostridium perfringens,Gram positive,cell wall,capsular polysaccharides,Capsular Polysaccharide,Glycan,Narrow,predicted-from-receptor,medium,capsule/K-antigen is strain/serotype specific -> narrow predicted,Ha et al. 2019,10.3390/v11111002, ,Yes,yes,https://www.ncbi.nlm.nih.gov/nuccore/NZ_CP010994.1,NZ_CP010994.1,host genome (fallback),,yes,https://www.uniprot.org/uniprotkb/A0A2D0WXW6,A0A2D0WXW6,specific RBP,Tail fibers protein,PhReD,PhReD: The Phage Receptor Database (Bio-conversion Databank Foundation). https://phred.biodf.org,2026-07-10,no,,,host genome fallback: no gene symbol in receptor,,,Clostridium perfringens,"Clostridium perfringens strain JP838 chromosome, complete genome",Clostridium phage CPS1,,,,,high,medium,high
F372,yes,contractile,Myoviridae,Campylobacter jejuni,197,Campylobacter jejuni,Gram negative,cell wall,MeOPN modification of GalfNAc of capsular polysaccharides,Capsular Polysaccharide,Glycan,Narrow,predicted-from-receptor,medium,capsule/K-antigen is strain/serotype specific -> narrow predicted,Sørensen et al. 2015,10.1371/journal.pone.0116287, ,Yes,yes,https://www.ncbi.nlm.nih.gov/nuccore/NZ_CP172364.1,NZ_CP172364.1,host genome (fallback),,yes,https://www.uniprot.org/uniprotkb/A0A7T3KHK4,A0A7T3KHK4,specific RBP,Receptor binding protein 4,PhReD,PhReD: The Phage Receptor Database (Bio-conversion Databank Foundation). https://phred.biodf.org,2026-07-10,no,,,host genome fallback: no gene symbol in receptor,,,Campylobacter jejuni,"Campylobacter jejuni strain YH021 chromosome, complete genome",Campylobacter phage F372,,,,,high,medium,high
CP-T1,yes,contractile,Myoviridae,Vibrio cholerae,666,Vibrio cholerae,Gram negative,cell wall,O-antigen of LPS,LPS,Glycan,Narrow,predicted-from-receptor,medium,specific O-antigen/serotype -> narrow predicted,Guidolin and Manning 1985,10.1111/j.1432-1033.1985.tb09271.x, ,Yes,yes,https://www.ncbi.nlm.nih.gov/nuccore/NZ_CP191367.1,NZ_CP191367.1,host genome (fallback),,no,,,none,,PhReD,PhReD: The Phage Receptor Database (Bio-conversion Databank Foundation). https://phred.biodf.org,2026-07-10,no,,,host genome fallback: no gene symbol in receptor,phage present in UniProt but no tail/RBP protein annotated,,Vibrio cholerae,"Vibrio cholerae strain GD25VC001 chromosome 1, complete sequence",,,,,,high,medium,none
F383,yes,contractile,Myoviridae,Campylobacter jejuni,197,Campylobacter jejuni,Gram negative,flagella,rotating flagella,Flagella,Protein,Undetermined,insufficient-data,none,Flagella host range is context-dependent; no empirical data in source,Sørensen et al. 2015,10.1371/journal.pone.0116287, ,Yes,yes,https://www.ncbi.nlm.nih.gov/nuccore/NZ_CP172364.1,NZ_CP172364.1,host genome (fallback),,no,,,none,,PhReD,PhReD: The Phage Receptor Database (Bio-conversion Databank Foundation). https://phred.biodf.org,2026-07-10,no,,,host genome fallback: no gene symbol in receptor,phage not found in UniProt,,Campylobacter jejuni,"Campylobacter jejuni strain YH021 chromosome, complete genome",,,,,,high,medium,none
F369,yes,contractile,Myoviridae,Campylobacter jejuni,197,Campylobacter jejuni,Gram negative,cell wall,capsular polysaccharides,Capsular Polysaccharide,Glycan,Narrow,predicted-from-receptor,medium,capsule/K-antigen is strain/serotype specific -> narrow predicted,Sørensen et al. 2015,10.1371/journal.pone.0116287, ,Yes,yes,https://www.ncbi.nlm.nih.gov/nuccore/NZ_CP172364.1,NZ_CP172364.1,host genome (fallback),,no,,,none,,PhReD,PhReD: The Phage Receptor Database (Bio-conversion Databank Foundation). https://phred.biodf.org,2026-07-10,no,,,host genome fallback: no gene symbol in receptor,phage not found in UniProt,,Campylobacter jejuni,"Campylobacter jejuni strain YH021 chromosome, complete genome",,,,,,high,medium,none
S132,yes,long non-contractile,Siphoviridae,Salmonella enterica serovar Typhimurium,90371,Salmonella enterica subsp. enterica serovar Typhimurium,Gram negative,cell wall,"BtuB, vitamin B12 membrane transporter",Membrane Proteins,Protein,Broad,predicted-from-receptor,medium,conserved outer membrane protein receptor -> broad predicted,Gencay et al. 2019,10.1111/1462-2920.14597, ,Yes,yes,https://www.ncbi.nlm.nih.gov/nuccore/M89481.1,M89481.1,specific gene,BtuB,yes,https://www.uniprot.org/uniprotkb/A0A2Z5HNL1,A0A2Z5HNL1,specific RBP,Receptor binding protein,PhReD,PhReD: The Phage Receptor Database (Bio-conversion Databank Foundation). https://phred.biodf.org,2026-07-10,no,,,specific receptor gene BtuB,,,Salmonella enterica subsp. enterica serovar Typhimurium,"Salmonella typhimurium vitamin B12 transport protein (btuB) gene, complete cds",Salmonella phage S132,,,,,high,high,high
S16,yes,contractile,Myoviridae,Salmonella sp.,599,Salmonella sp.,Gram negative,cell wall,"OmpC primary, LPS secondary receptor",Membrane Proteins,Protein,Broad,predicted-from-receptor,medium,conserved outer membrane protein receptor -> broad predicted,Marti et al. 2013,10.1111/mmi.12134, ,Yes,no,,,none,,yes,https://www.uniprot.org/uniprotkb/M1EAS5,M1EAS5,specific RBP,Long tail fiber protein Gp37,PhReD,PhReD: The Phage Receptor Database (Bio-conversion Databank Foundation). https://phred.biodf.org,2026-07-10,no,,"multi-domain resolved by cue; also present: LPS, Membrane Proteins",no GenBank record found for receptor or host genome,,,,,Salmonella phage S16,,,,,medium,none,high
φ13,no,"none (enveloped, dsRNA)",Cystoviridae,Pseudomonas syringae,317,Pseudomonas syringae,Gram negative,cell wall,Truncated O-chain of LPS,LPS,Glycan,Narrow,predicted-from-receptor,low,O-antigen LPS generally serotype-specific -> narrow predicted (weak),Daugelavicius et al. 2005; Mindich et al. 1999,"10.1128/jb.179.16.5195-5202.1997 (Daugelavicius et al), 10.1128/jb.181.15.4505-4508.1999 (Mindich et al)", ,Yes,yes,https://www.ncbi.nlm.nih.gov/nuccore/NZ_CP032631.1,NZ_CP032631.1,host genome (fallback),,yes,https://www.uniprot.org/uniprotkb/Q8SDK4,Q8SDK4,"tail protein (internal, low value)",Tail length tape measure protein,PhReD,PhReD: The Phage Receptor Database (Bio-conversion Databank Foundation). https://phred.biodf.org,2026-07-10,yes,low-confidence UniProt assignment,,host genome fallback: no gene symbol in receptor,"only internal tail machinery annotated; not host-binding, needs review",,Pseudomonas syringae pv. actinidiae str. Shaanxi_M228,"Pseudomonas syringae pv. actinidiae str. Shaanxi_M228 chromosome, complete genome",Staphylococcus phage phi13,resolved,The IncP plasmid-encoded cell envelope-associated DNA transfer complex increases cell permeability,corroborated,13 independent record(s) link φ13 to LPS,high,medium,low
L-413C,yes,contractile,Myoviridae,Yersinia pestis,632,Yersinia pestis,Gram negative,cell wall,terminal GlcNAc residues of LPS,LPS,Glycan,Narrow,predicted-from-receptor,low,O-antigen LPS generally serotype-specific -> narrow predicted (weak),Filippov et al. 2011,10.1371/journal.pone.0025486, ,Yes,yes,https://www.ncbi.nlm.nih.gov/nuccore/NZ_CP033699.1,NZ_CP033699.1,host genome (fallback),,no,,,none,,PhReD,PhReD: The Phage Receptor Database (Bio-conversion Databank Foundation). https://phred.biodf.org,2026-07-10,no,,,host genome fallback: no gene symbol in receptor,phage present in UniProt but no tail/RBP protein annotated,,Yersinia pestis,"Yersinia pestis strain FDAARGOS_601 chromosome, complete genome",,,,,,high,medium,none
S124,yes,long non-contractile,Siphoviridae,Salmonella enterica serovar Typhimurium,90371,Salmonella enterica subsp. enterica serovar Typhimurium,Gram negative,cell wall,O-antigen,LPS,Glycan,Narrow,predicted-from-receptor,medium,specific O-antigen/serotype -> narrow predicted,Gencay et al. 2019,10.1111/1462-2920.14597, ,Yes,yes,https://www.ncbi.nlm.nih.gov/nuccore/NZ_CP104816.1,NZ_CP104816.1,host genome (fallback),,yes,https://www.uniprot.org/uniprotkb/A0A2Z5HST2,A0A2Z5HST2,specific RBP,Receptor-binding protein,PhReD,PhReD: The Phage Receptor Database (Bio-conversion Databank Foundation). https://phred.biodf.org,2026-07-10,no,,,host genome fallback: no gene symbol in receptor,,,Salmonella enterica subsp. enterica serovar Typhimurium,"Salmonella enterica subsp. enterica serovar Typhimurium strain STMC125 chromosome, complete genome",Salmonella phage S124,,,,,high,medium,high
S111,yes,long non-contractile,Siphoviridae,Salmonella enterica serovar Typhimurium,90371,Salmonella enterica subsp. enterica serovar Typhimurium,Gram negative,cell wall,O-antigen,LPS,Glycan,Narrow,predicted-from-receptor,medium,specific O-antigen/serotype -> narrow predicted,Gencay et al. 2019,10.1111/1462-2920.14597, ,Yes,yes,https://www.ncbi.nlm.nih.gov/nuccore/NZ_CP104816.1,NZ_CP104816.1,host genome (fallback),,no,,,none,,PhReD,PhReD: The Phage Receptor Database (Bio-conversion Databank Foundation). https://phred.biodf.org,2026-07-10,no,,,host genome fallback: no gene symbol in receptor,phage not found in UniProt,,Salmonella enterica subsp. enterica serovar Typhimurium,"Salmonella enterica subsp. enterica serovar Typhimurium strain STMC125 chromosome, complete genome",,,,,,high,medium,none
S127,yes,long non-contractile,Siphoviridae,Salmonella enterica serovar Typhimurium,90371,Salmonella enterica subsp. enterica serovar Typhimurium,Gram negative,cell wall,"BtuB, vitamin B12 membrane transporter",Membrane Proteins,Protein,Broad,predicted-from-receptor,medium,conserved outer membrane protein receptor -> broad predicted,Gencay et al. 2019,10.1111/1462-2920.14597, ,Yes,yes,https://www.ncbi.nlm.nih.gov/nuccore/M89481.1,M89481.1,specific gene,BtuB,no,,,none,,PhReD,PhReD: The Phage Receptor Database (Bio-conversion Databank Foundation). https://phred.biodf.org,2026-07-10,no,,,specific receptor gene BtuB,phage not found in UniProt,,Salmonella enterica subsp. enterica serovar Typhimurium,"Salmonella typhimurium vitamin B12 transport protein (btuB) gene, complete cds",,,,,,high,high,none
S137,yes,long non-contractile,Siphoviridae,Salmonella enterica serovar Typhimurium,90371,Salmonella enterica subsp. enterica serovar Typhimurium,Gram negative,cell wall,O-antigen,LPS,Glycan,Narrow,predicted-from-receptor,medium,specific O-antigen/serotype -> narrow predicted,Gencay et al. 2019,10.1111/1462-2920.14597, ,Yes,yes,https://www.ncbi.nlm.nih.gov/nuccore/NZ_CP104816.1,NZ_CP104816.1,host genome (fallback),,no,,,none,,PhReD,PhReD: The Phage Receptor Database (Bio-conversion Databank Foundation). https://phred.biodf.org,2026-07-10,no,,,host genome fallback: no gene symbol in receptor,phage not found in UniProt,,Salmonella enterica subsp. enterica serovar Typhimurium,"Salmonella enterica subsp. enterica serovar Typhimurium strain STMC125 chromosome, complete genome",,,,,,high,medium,none
KT28,yes,contractile,Myoviridae,Pseudomonas aeruginosa,287,Pseudomonas aeruginosa,Gram negative,cell wall,A- and B-band O antigen,LPS,Glycan,Narrow,predicted-from-receptor,medium,specific O-antigen/serotype -> narrow predicted,Danis-Wlodarczyk et al. 2015,10.1371/journal.pone.0127603, ,Yes,yes,https://www.ncbi.nlm.nih.gov/nuccore/NZ_OZ484744.1,NZ_OZ484744.1,host genome (fallback),,no,,,none,,PhReD,PhReD: The Phage Receptor Database (Bio-conversion Databank Foundation). https://phred.biodf.org,2026-07-10,no,,,host genome fallback: no gene symbol in receptor,phage not found in UniProt,,Pseudomonas aeruginosa,"Pseudomonas aeruginosa strain PA3 isolate PA3 chromosome 1, complete sequence",,,,,,high,medium,none
t,no,"none (icosahedral, ssRNA)",Leviviridae,Escherichia coli,562,Escherichia coli,Gram negative,pili,T pili,Pili,Protein,Undetermined,insufficient-data,none,Pili host range is context-dependent; no empirical data in source,Bradley et al. 1981 B,10.1099/00221287-126-2-397, ,Yes,yes,https://www.ncbi.nlm.nih.gov/nuccore/NZ_CP187781.1,NZ_CP187781.1,host genome (fallback),,yes,https://www.uniprot.org/uniprotkb/A0A0A0PUR1,A0A0A0PUR1,specific RBP,Putative tail fiber protein,PhReD,PhReD: The Phage Receptor Database (Bio-conversion Databank Foundation). https://phred.biodf.org,2026-07-10,yes,low-confidence UniProt assignment | ambiguous phage name across organisms,,host genome fallback: no gene symbol in receptor,"AMBIGUOUS phage name across organisms, none match host 'Escherichia coli': Bacillus phage Bp8p-T, Bacillus phage Hoody T, Lactococcus phage BK5-T",,Escherichia coli,"Escherichia coli strain 097H6 chromosome, complete genome",Bacillus phage Bp8p-T,resolved,Phage t: A Group T Plasmid-dependent Bacteriophage,corroborated,7439 independent record(s) link t to pili,high,medium,low
TG1,yes,contractile,Myoviridae,Yersinia enterocolitica,630,Yersinia enterocolitica,Gram negative,cell wall,Protein OmpF and LPS inner core heptose residues,Membrane Proteins,Protein,Broad,predicted-from-receptor,medium,conserved outer membrane protein receptor -> broad predicted,Leon-Velarde et al. 2016,10.1128/AEM.01594-16, ,Yes,yes,https://www.ncbi.nlm.nih.gov/nuccore/NZ_CP139458.1,NZ_CP139458.1,host genome (fallback),,yes,https://www.uniprot.org/uniprotkb/K4HYI9,K4HYI9,other tail protein,Minor tail protein,PhReD,PhReD: The Phage Receptor Database (Bio-conversion Databank Foundation). https://phred.biodf.org,2026-07-10,yes,low-confidence domain assignment,"multi-domain unresolved, took first-mentioned; all: LPS, Membrane Proteins",host genome fallback: gene(s) OmpF not found,no specific RBP annotated; using another tail protein (Patrick's fallback),,Yersinia enterocolitica,"Yersinia enterocolitica strain Y40 chromosome, complete genome",Streptomyces phage TG1,resolved,Yersinia enterocolitica-Specific Infection by Bacteriophages TG1 and ϕR1-RT Is Dependent on Temperature-Regulated Expression of the Phage Host Receptor OmpF,corroborated,46 independent record(s) link TG1 to OmpF,low,medium,medium
VGJφ,no,none (filamentous),Inoviridae,Vibrio cholerae,666,Vibrio cholerae,Gram negative,pili,mannose sensitive hemagglutinin (MSHA) type IV pilus,Pili,Protein,Undetermined,insufficient-data,none,Pili host range is context-dependent; no empirical data in source,Campos et al. 2003,10.1128/JB.185.19.5685–5696.2003, ,Yes,yes,https://www.ncbi.nlm.nih.gov/nuccore/NZ_CP191367.1,NZ_CP191367.1,host genome (fallback),,no,,,none,,PhReD,PhReD: The Phage Receptor Database (Bio-conversion Databank Foundation). https://phred.biodf.org,2026-07-10,no,,,host genome fallback: no gene symbol in receptor,phage present in UniProt but no tail/RBP protein annotated,,Vibrio cholerae,"Vibrio cholerae strain GD25VC001 chromosome 1, complete sequence",,,,,,high,medium,none
bIL170,yes,long non-contractile,Siphoviridae,Lactococcus lactis,1358,Lactococcus lactis,Gram positive,cell wall,cell wall polysaccharides,N/A,,Undetermined,insufficient-data,none,receptor does not support a host-range prediction,Dupont et al. 2004,10.1128/AEM.70.10.5825–5832.2004, ,Yes,yes,https://www.ncbi.nlm.nih.gov/nuccore/NZ_CP184687.1,NZ_CP184687.1,host genome (fallback),,yes,https://www.uniprot.org/uniprotkb/O80116,O80116,"tail protein (internal, low value)",Putative tail tape measure protein,PhReD,PhReD: The Phage Receptor Database (Bio-conversion Databank Foundation). https://phred.biodf.org,2026-07-10,yes,low-confidence UniProt assignment,receptor does not fit any defined domain,host genome fallback: no gene symbol in receptor,"only internal tail machinery annotated; not host-binding, needs review",,Lactococcus lactis,Lactococcus lactis strain L81 chromosome,Lactococcus phage bIL170,resolved,"Identification of
                    <i>Lactococcus lactis</i>
                    Genes Required for Bacteriophage Adsorption",corroborated,104 independent record(s) link bIL170 to N/A,none,medium,low
F350,yes,contractile,Myoviridae,Campylobacter jejuni,197,Campylobacter jejuni,Gram negative,cell wall,capsular polysaccharides,Capsular Polysaccharide,Glycan,Narrow,predicted-from-receptor,medium,capsule/K-antigen is strain/serotype specific -> narrow predicted,Sørensen et al. 2015,10.1371/journal.pone.0116287, ,Yes,yes,https://www.ncbi.nlm.nih.gov/nuccore/NZ_CP172364.1,NZ_CP172364.1,host genome (fallback),,no,,,none,,PhReD,PhReD: The Phage Receptor Database (Bio-conversion Databank Foundation). https://phred.biodf.org,2026-07-10,no,,,host genome fallback: no gene symbol in receptor,phage not found in UniProt,,Campylobacter jejuni,"Campylobacter jejuni strain YH021 chromosome, complete genome",,,,,,high,medium,none
fPS-53,yes,short,Podoviridae,Yersinia enterocolitica,630,Yersinia enterocolitica,Gram negative,cell wall,LPS outer core,LPS,Glycan,Broad,predicted-from-receptor,low,conserved LPS core -> broad predicted,Salem et al. 2018,10.3390/v10040174, ,Yes,yes,https://www.ncbi.nlm.nih.gov/nuccore/NZ_CP139458.1,NZ_CP139458.1,host genome (fallback),,no,,,none,,PhReD,PhReD: The Phage Receptor Database (Bio-conversion Databank Foundation). https://phred.biodf.org,2026-07-10,no,,,host genome fallback: no gene symbol in receptor,phage not found in UniProt,,Yersinia enterocolitica,"Yersinia enterocolitica strain Y40 chromosome, complete genome",,,,,,high,medium,none
S101,yes,long non-contractile,Siphoviridae,Salmonella enterica serovar Typhimurium,90371,Salmonella enterica subsp. enterica serovar Typhimurium,Gram negative,cell wall,O-antigen,LPS,Glycan,Narrow,predicted-from-receptor,medium,specific O-antigen/serotype -> narrow predicted,Gencay et al. 2019,10.1111/1462-2920.14597, ,Yes,yes,https://www.ncbi.nlm.nih.gov/nuccore/NZ_CP104816.1,NZ_CP104816.1,host genome (fallback),,no,,,none,,PhReD,PhReD: The Phage Receptor Database (Bio-conversion Databank Foundation). https://phred.biodf.org,2026-07-10,no,,,host genome fallback: no gene symbol in receptor,phage not found in UniProt,,Salmonella enterica subsp. enterica serovar Typhimurium,"Salmonella enterica subsp. enterica serovar Typhimurium strain STMC125 chromosome, complete genome",,,,,,high,medium,none
SP3,yes,contractile,Myoviridae,Bacillus subtilis,1423,Bacillus subtilis,Gram positive,cell wall,glucosylation of polyglycerol  teichoic acid,Teichoic Acids,Glycan,Undetermined,insufficient-data,none,Teichoic Acids host range is context-dependent; no empirical data in source,Young 1967,10.1073/pnas.58.6.2377, ,Yes,yes,https://www.ncbi.nlm.nih.gov/nuccore/NZ_CP160208.1,NZ_CP160208.1,host genome (fallback),,no,,,none,,PhReD,PhReD: The Phage Receptor Database (Bio-conversion Databank Foundation). https://phred.biodf.org,2026-07-10,no,,,host genome fallback: no gene symbol in receptor,phage present in UniProt but no tail/RBP protein annotated,,Bacillus subtilis,"Bacillus subtilis strain LTH 7164 chromosome, complete genome",,,,,,high,medium,none
φRSM1,no,none (filamentous),Inoviridae,Ralstonia solanacearum,305,Ralstonia solanacearum,Gram negative,pili,type IV pili,Pili,Protein,Undetermined,insufficient-data,none,Pili host range is context-dependent; no empirical data in source,Askora et al. 2009,10.1016/j.virol.2008.11.007, ,Yes,yes,https://www.ncbi.nlm.nih.gov/nuccore/NZ_CP139480.1,NZ_CP139480.1,host genome (fallback),,yes,https://www.uniprot.org/uniprotkb/M4QGA0,M4QGA0,other tail protein,Baseplate hub + tail lysozyme,PhReD,PhReD: The Phage Receptor Database (Bio-conversion Databank Foundation). https://phred.biodf.org,2026-07-10,no,,,host genome fallback: no gene symbol in receptor,no specific RBP annotated; using another tail protein (Patrick's fallback),,Ralstonia solanacearum,"Ralstonia solanacearum strain AHR56 chromosome, complete genome",Cyanophage P-RSM1,,,,,high,medium,medium
S24-1,yes,short,Podoviridae,Staphylococcus aureus,1280,Staphylococcus aureus,Gram positive,cell wall, N-acetylglucosamine of wall teichoic acids,Teichoic Acids,Glycan,Undetermined,insufficient-data,none,Teichoic Acids host range is context-dependent; no empirical data in source,"Uchiyama et al. 2014, Uchiyama et al. 2017","10.1002/mbo3.166 (Uchiyama et al 2014), 10.1099/jgv.0.000865 (Uchiyama et al 2017)", ,Yes,yes,https://www.ncbi.nlm.nih.gov/nuccore/NZ_CP195878.1,NZ_CP195878.1,host genome (fallback),,yes,https://www.uniprot.org/uniprotkb/G9M946,G9M946,other tail protein,Structure protein putative major tail protein,PhReD,PhReD: The Phage Receptor Database (Bio-conversion Databank Foundation). https://phred.biodf.org,2026-07-10,no,,,host genome fallback: no gene symbol in receptor,no specific RBP annotated; using another tail protein (Patrick's fallback),,Staphylococcus aureus,"Staphylococcus aureus strain A_1d chromosome, complete genome",Staphylococcus phage S24-1,,,,,high,medium,medium
φ11,yes,long non-contractile,Siphoviridae,Staphylococcus aureus,1280,Staphylococcus aureus,Gram positive,cell wall,α-or β-O-GlcNAc modified wall teichoic acid,Teichoic Acids,Glycan,Undetermined,insufficient-data,none,Teichoic Acids host range is context-dependent; no empirical data in source,Li et al. 2016 C,10.1038/srep26455, ,Yes,yes,https://www.ncbi.nlm.nih.gov/nuccore/NZ_CP195878.1,NZ_CP195878.1,host genome (fallback),,yes,https://www.uniprot.org/uniprotkb/Q8SDT0,Q8SDT0,specific RBP,Tail fiber,PhReD,PhReD: The Phage Receptor Database (Bio-conversion Databank Foundation). https://phred.biodf.org,2026-07-10,no,,,host genome fallback: no gene symbol in receptor,,,Staphylococcus aureus,"Staphylococcus aureus strain A_1d chromosome, complete genome",Staphylococcus phage phi11,,,,,high,medium,high
340,yes,long non-contractile,Siphoviridae,Lactococcus lactis,1358,Lactococcus lactis,Gram positive,cell wall,cell wall polysaccharides,N/A,,Undetermined,insufficient-data,none,receptor does not support a host-range prediction,Mahony et al. 2013,10.1128/AEM.00653-13, ,Yes,yes,https://www.ncbi.nlm.nih.gov/nuccore/NZ_CP184687.1,NZ_CP184687.1,host genome (fallback),,yes,https://www.uniprot.org/uniprotkb/R9R0R5,R9R0R5,specific RBP,Putative receptor binding protein,PhReD,PhReD: The Phage Receptor Database (Bio-conversion Databank Foundation). https://phred.biodf.org,2026-07-10,no,,receptor does not fit any defined domain,host genome fallback: no gene symbol in receptor,,,Lactococcus lactis,Lactococcus lactis strain L81 chromosome,Lactococcus phage 340,,,,,none,medium,high
φH111-1,yes,contractile,Myoviridae,Burkholderia cenocepacia,95486,Burkholderia cenocepacia,Gram negative,cell wall,core polysaccharides of LPS,LPS,Glycan,Broad,predicted-from-receptor,low,conserved LPS core -> broad predicted,Lynch et al. 2013,10.4161/bact.26649, ,Yes,yes,https://www.ncbi.nlm.nih.gov/nuccore/NZ_CP098497.1,NZ_CP098497.1,host genome (fallback),,no,,,none,,PhReD,PhReD: The Phage Receptor Database (Bio-conversion Databank Foundation). https://phred.biodf.org,2026-07-10,no,,,host genome fallback: no gene symbol in receptor,phage not found in UniProt,,Burkholderia cenocepacia,Burkholderia cenocepacia strain C6433 chromosome 1,,,,,,high,medium,none
vB_YenP_AP5,yes,short,Podoviridae,Yersinia enterocolitica,630,Yersinia enterocolitica,Gram negative,cell wall,6-deoxy-L-altropyranose of O-antigen in LPS,LPS,Glycan,Narrow,predicted-from-receptor,medium,specific O-antigen/serotype -> narrow predicted,Leon-Velarde et al. 2014,10.1186/1743-422X-11-188, ,Yes,yes,https://www.ncbi.nlm.nih.gov/nuccore/NZ_CP139458.1,NZ_CP139458.1,host genome (fallback),,yes,https://www.uniprot.org/uniprotkb/A0A088F649,A0A088F649,specific RBP,Tail fiber protein,PhReD,PhReD: The Phage Receptor Database (Bio-conversion Databank Foundation). https://phred.biodf.org,2026-07-10,no,,,host genome fallback: no gene symbol in receptor,,,Yersinia enterocolitica,"Yersinia enterocolitica strain Y40 chromosome, complete genome",Yersinia phage vB_YenP_AP5,,,,,high,medium,high
A118,yes,long non-contractile,Siphoviridae,Listeria monocytogenes,1639,Listeria monocytogenes,Gram positive,cell wall,rhamnose and glucosamine in wall teichoic acids,Teichoic Acids,Glycan,Undetermined,insufficient-data,none,Teichoic Acids host range is context-dependent; no empirical data in source,Wendlinger et al. 1996,10.1099/00221287-142-4-985, ,Yes,yes,https://www.ncbi.nlm.nih.gov/nuccore/NZ_CP190322.1,NZ_CP190322.1,host genome (fallback),,no,,,none,,PhReD,PhReD: The Phage Receptor Database (Bio-conversion Databank Foundation). https://phred.biodf.org,2026-07-10,no,,,host genome fallback: no gene symbol in receptor,phage present in UniProt but no tail/RBP protein annotated,,Listeria monocytogenes,"Listeria monocytogenes strain 22L1805 chromosome, complete genome",,,,,,high,medium,none
APK116,yes,short,Autographiviridae,Acinetobacter baumannii,470,Acinetobacter baumannii,Gram negative,cell wall,capsular polysaccharides,Capsular Polysaccharide,Glycan,Narrow,predicted-from-receptor,medium,capsule/K-antigen is strain/serotype specific -> narrow predicted,Popova et al. 2021,10.1128/JVI.01714-20, ,Yes,yes,https://www.ncbi.nlm.nih.gov/nuccore/NZ_CP156044.1,NZ_CP156044.1,host genome (fallback),,no,,,none,,PhReD,PhReD: The Phage Receptor Database (Bio-conversion Databank Foundation). https://phred.biodf.org,2026-07-10,no,,,host genome fallback: no gene symbol in receptor,phage present in UniProt but no tail/RBP protein annotated,,Acinetobacter baumannii,"Acinetobacter baumannii strain D13 chromosome, complete genome",,,,,,high,medium,none
φ24B,yes,short,Podoviridae,Escherichia coli,562,Escherichia coli,Gram negative,cell wall,YaeT,Membrane Proteins,Protein,Broad,predicted-from-receptor,medium,conserved outer membrane protein receptor -> broad predicted,Smith et al. 2007,10.1128/JB.00824-07, ,Yes,yes,https://www.ncbi.nlm.nih.gov/nuccore/NZ_CP187781.1,NZ_CP187781.1,host genome (fallback),,no,,,none,,PhReD,PhReD: The Phage Receptor Database (Bio-conversion Databank Foundation). https://phred.biodf.org,2026-07-10,no,,,host genome fallback: gene(s) YaeT not found,phage present in UniProt but no tail/RBP protein annotated,,Escherichia coli,"Escherichia coli strain 097H6 chromosome, complete genome",,,,,,high,medium,none
ϕPLS27,yes,short,Podoviridae,Pseudomonas aeruginosa,287,Pseudomonas aeruginosa,Gram negative,cell wall,Galactosamine-alanine region of the LPS core,LPS,Glycan,Broad,predicted-from-receptor,low,conserved LPS core -> broad predicted,Jarrell and Kropinski 1981,10.1128/jvi.40.2.411-420.1981, ,Yes,yes,https://www.ncbi.nlm.nih.gov/nuccore/NZ_OZ484744.1,NZ_OZ484744.1,host genome (fallback),,no,,,none,,PhReD,PhReD: The Phage Receptor Database (Bio-conversion Databank Foundation). https://phred.biodf.org,2026-07-10,no,,,host genome fallback: no gene symbol in receptor,phage present in UniProt but no tail/RBP protein annotated,,Pseudomonas aeruginosa,"Pseudomonas aeruginosa strain PA3 isolate PA3 chromosome 1, complete sequence",,,,,,high,medium,none
MD18,yes,long non-contractile,Siphoviridae,Phaeobacter inhibens,221822,Phaeobacter inhibens,Gram negative,pili,type IV pilus,Pili,Protein,Undetermined,insufficient-data,none,Pili host range is context-dependent; no empirical data in source,Urtecho et al. 2020,10.1128/mSphere.00898-20, ,Yes,yes,https://www.ncbi.nlm.nih.gov/nuccore/NZ_CP125870.1,NZ_CP125870.1,host genome (fallback),,no,,,none,,PhReD,PhReD: The Phage Receptor Database (Bio-conversion Databank Foundation). https://phred.biodf.org,2026-07-10,no,,,host genome fallback: no gene symbol in receptor,phage not found in UniProt,,Phaeobacter inhibens,"Phaeobacter inhibens strain S4Sm chromosome, complete genome",,,,,,high,medium,none
S123,yes,long non-contractile,Siphoviridae,Salmonella enterica serovar Typhimurium,90371,Salmonella enterica subsp. enterica serovar Typhimurium,Gram negative,cell wall,O-antigen,LPS,Glycan,Narrow,predicted-from-receptor,medium,specific O-antigen/serotype -> narrow predicted,Gencay et al. 2019,10.1111/1462-2920.14597, ,Yes,yes,https://www.ncbi.nlm.nih.gov/nuccore/NZ_CP104816.1,NZ_CP104816.1,host genome (fallback),,no,,,none,,PhReD,PhReD: The Phage Receptor Database (Bio-conversion Databank Foundation). https://phred.biodf.org,2026-07-10,no,,,host genome fallback: no gene symbol in receptor,phage not found in UniProt,,Salmonella enterica subsp. enterica serovar Typhimurium,"Salmonella enterica subsp. enterica serovar Typhimurium strain STMC125 chromosome, complete genome",,,,,,high,medium,none
mEp234,yes,long non-contractile,Siphoviridae,Escherichia coli,562,Escherichia coli,Gram negative,cell wall,FhuA,Membrane Proteins,Protein,Broad,predicted-from-receptor,medium,conserved outer membrane protein receptor -> broad predicted,Hernandez-Sanchez et al. 2008,10.1007/s00705-008-0111-0, ,Yes,yes,https://www.ncbi.nlm.nih.gov/nuccore/M12486.1,M12486.1,specific gene,FhuA,yes,https://www.uniprot.org/uniprotkb/K7PHL5,K7PHL5,specific RBP,Central tail fiber J,PhReD,PhReD: The Phage Receptor Database (Bio-conversion Databank Foundation). https://phred.biodf.org,2026-07-10,no,,,specific receptor gene FhuA,,,Escherichia coli,"E.coli fhuA, fhuC and fhuD genes encoding the ferrichrome-iron receptor and two ferric aerobactin and ferric coprogen transport proteins, complete cds",Escherichia phage mEp234,,,,,high,high,high
φCR1,yes,contractile,Myoviridae,Citrobacter rodentium,67825,Citrobacter rodentium,Gram negative,cell wall,LPS,LPS,Glycan,Narrow,predicted-from-receptor,low,O-antigen LPS generally serotype-specific -> narrow predicted (weak),Petty et al. 2007,10.1099/mic.0.2007/008888-0, ,Yes,yes,https://www.ncbi.nlm.nih.gov/nuccore/NZ_CP038008.1,NZ_CP038008.1,host genome (fallback),,no,,,none,,PhReD,PhReD: The Phage Receptor Database (Bio-conversion Databank Foundation). https://phred.biodf.org,2026-07-10,no,,,host genome fallback: no gene symbol in receptor,phage present in UniProt but no tail/RBP protein annotated,,Citrobacter rodentium,"Citrobacter rodentium strain DBS100 chromosome, complete genome",,,,,,high,medium,none
SfMu,yes,contractile,Myoviridae,Shigella flexneri,623,Shigella flexneri,Gram negative,cell wall,O-antigen of LPS,LPS,Glycan,Narrow,predicted-from-receptor,medium,specific O-antigen/serotype -> narrow predicted,Jakhetia and Verma 2015,10.1371/journal.pone.0124053, ,Yes,yes,https://www.ncbi.nlm.nih.gov/nuccore/NZ_OY725486.1,NZ_OY725486.1,host genome (fallback),,yes,https://www.uniprot.org/uniprotkb/A0A0C4UQV0,A0A0C4UQV0,specific RBP,Tail fiber protein,PhReD,PhReD: The Phage Receptor Database (Bio-conversion Databank Foundation). https://phred.biodf.org,2026-07-10,no,,,host genome fallback: no gene symbol in receptor,,,Shigella flexneri,Shigella flexneri isolate ena-SAMPLE-TAB-11-08-2023-18:23:42:417-22878 chromosome 1,Shigella phage SfMu,,,,,high,medium,high
SPO1,yes,contractile,Myoviridae,Bacillus subtilis,1423,Bacillus subtilis,Gram positive,cell wall,glucosylated wall teichoic acid,Teichoic Acids,Glycan,Undetermined,insufficient-data,none,Teichoic Acids host range is context-dependent; no empirical data in source,Yasbin et al. 1976,10.1128/jb.125.3.1120-1126.1976, ,Yes,yes,https://www.ncbi.nlm.nih.gov/nuccore/NZ_CP160208.1,NZ_CP160208.1,host genome (fallback),,no,,,none,,PhReD,PhReD: The Phage Receptor Database (Bio-conversion Databank Foundation). https://phred.biodf.org,2026-07-10,no,,,host genome fallback: no gene symbol in receptor,phage present in UniProt but no tail/RBP protein annotated,,Bacillus subtilis,"Bacillus subtilis strain LTH 7164 chromosome, complete genome",,,,,,high,medium,none
Loki,yes,long non-contractile,Siphoviridae,Acinetobacter baumannii,470,Acinetobacter baumannii,Gram negative,cell wall,LPS,LPS,Glycan,Narrow,predicted-from-receptor,low,O-antigen LPS generally serotype-specific -> narrow predicted (weak),Turner et al. 2017,10.1371/journal.pone.0172303, ,Yes,yes,https://www.ncbi.nlm.nih.gov/nuccore/NZ_CP156044.1,NZ_CP156044.1,host genome (fallback),,yes,https://www.uniprot.org/uniprotkb/A0A0P1KL86,A0A0P1KL86,specific RBP,Putative tail fibre protein,PhReD,PhReD: The Phage Receptor Database (Bio-conversion Databank Foundation). https://phred.biodf.org,2026-07-10,no,,,host genome fallback: no gene symbol in receptor,,,Acinetobacter baumannii,"Acinetobacter baumannii strain D13 chromosome, complete genome",Acinetobacter phage Loki,,,,,high,medium,high
F366,yes,contractile,Myoviridae,Campylobacter jejuni,197,Campylobacter jejuni,Gram negative,cell wall,capsular polysaccharides,Capsular Polysaccharide,Glycan,Narrow,predicted-from-receptor,medium,capsule/K-antigen is strain/serotype specific -> narrow predicted,Sørensen et al. 2015,10.1371/journal.pone.0116287, ,Yes,yes,https://www.ncbi.nlm.nih.gov/nuccore/NZ_CP172364.1,NZ_CP172364.1,host genome (fallback),,no,,,none,,PhReD,PhReD: The Phage Receptor Database (Bio-conversion Databank Foundation). https://phred.biodf.org,2026-07-10,no,,,host genome fallback: no gene symbol in receptor,phage not found in UniProt,,Campylobacter jejuni,"Campylobacter jejuni strain YH021 chromosome, complete genome",,,,,,high,medium,none
P2 vir1,yes,contractile,Myoviridae,Yersinia pestis,632,Yersinia pestis,Gram negative,cell wall,terminal GlcNAc residues of LPS,LPS,Glycan,Narrow,predicted-from-receptor,low,O-antigen LPS generally serotype-specific -> narrow predicted (weak),Filippov et al. 2011,10.1371/journal.pone.0025486, ,Yes,yes,https://www.ncbi.nlm.nih.gov/nuccore/NZ_CP033699.1,NZ_CP033699.1,host genome (fallback),,no,,,none,,PhReD,PhReD: The Phage Receptor Database (Bio-conversion Databank Foundation). https://phred.biodf.org,2026-07-10,no,,,host genome fallback: no gene symbol in receptor,phage not found in UniProt,,Yersinia pestis,"Yersinia pestis strain FDAARGOS_601 chromosome, complete genome",,,,,,high,medium,none
ϵ34,yes,short,Podoviridae,Salmonella sp.,599,Salmonella sp.,Gram negative,cell wall; O-chain structure that are enzymatically cleaved by phages,[-β-Gal-Man-Rha-] polysaccharide units of the O-antigen,LPS,Glycan,Narrow,predicted-from-receptor,medium,specific O-antigen/serotype -> narrow predicted,Takeda and Uetake 1973,10.1016/0042-6822(73)90405-4, ,Yes,no,,,none,,no,,,none,,PhReD,PhReD: The Phage Receptor Database (Bio-conversion Databank Foundation). https://phred.biodf.org,2026-07-10,no,,,no GenBank record found for receptor or host genome,phage not found in UniProt,,,,,,,,,high,none,none
Y,yes,short,Autographiviridae,Yersinia pestis,632,Yersinia pestis,Gram negative,cell wall,HepI/Glc residues of LPS,LPS,Glycan,Narrow,predicted-from-receptor,low,O-antigen LPS generally serotype-specific -> narrow predicted (weak),Filippov et al. 2011,10.1371/journal.pone.0025486, ,Yes,yes,https://www.ncbi.nlm.nih.gov/nuccore/NZ_CP033699.1,NZ_CP033699.1,host genome (fallback),,no,,,none,,PhReD,PhReD: The Phage Receptor Database (Bio-conversion Databank Foundation). https://phred.biodf.org,2026-07-10,no,,,host genome fallback: gene(s) HepI not found,phage present in UniProt but no tail/RBP protein annotated,,Yersinia pestis,"Yersinia pestis strain FDAARGOS_601 chromosome, complete genome",,,,,,high,medium,none
Vi Phage IV,yes,short,Podoviridae,Salmonella enterica serovar Typhi,90370,Salmonella enterica subsp. enterica serovar Typhi,Gram negative,cell wall,Vi exopolysaccharide,Capsular Polysaccharide,Glycan,Narrow,predicted-from-receptor,medium,capsule/K-antigen is strain/serotype specific -> narrow predicted,Pickard et al. 2010,10.1128/JB.00659-10, ,Yes,yes,https://www.ncbi.nlm.nih.gov/nuccore/NZ_LR590081.1,NZ_LR590081.1,host genome (fallback),,no,,,none,,PhReD,PhReD: The Phage Receptor Database (Bio-conversion Databank Foundation). https://phred.biodf.org,2026-07-10,no,,,host genome fallback: no gene symbol in receptor,phage not found in UniProt,,Salmonella enterica subsp. enterica serovar Typhi str. Ty2,Salmonella enterica subsp. enterica serovar Typhi str. Ty2 strain 4316STDY6559669 chromosome 1,,,,,,high,medium,none
fPS-7,yes,short,Podoviridae,Yersinia enterocolitica,630,Yersinia enterocolitica,Gram negative,cell wall,LPS O antigen,LPS,Glycan,Narrow,predicted-from-receptor,medium,specific O-antigen/serotype -> narrow predicted,Salem et al. 2018,10.3390/v10040174, ,Yes,yes,https://www.ncbi.nlm.nih.gov/nuccore/NZ_CP139458.1,NZ_CP139458.1,host genome (fallback),,no,,,none,,PhReD,PhReD: The Phage Receptor Database (Bio-conversion Databank Foundation). https://phred.biodf.org,2026-07-10,no,,,host genome fallback: no gene symbol in receptor,phage not found in UniProt,,Yersinia enterocolitica,"Yersinia enterocolitica strain Y40 chromosome, complete genome",,,,,,high,medium,none
SPN16C,yes,long non-contractile,Siphoviridae,Salmonella enterica serovar Typhimurium,90371,Salmonella enterica subsp. enterica serovar Typhimurium,Gram negative,flagella,FliC,Flagella,Protein,Undetermined,insufficient-data,none,Flagella host range is context-dependent; no empirical data in source,Shin et al. 2012,10.1371/journal.pone.0043392, ,Yes,yes,https://www.ncbi.nlm.nih.gov/nuccore/JN587177.1,JN587177.1,specific gene,FliC,no,,,none,,PhReD,PhReD: The Phage Receptor Database (Bio-conversion Databank Foundation). https://phred.biodf.org,2026-07-10,no,,,specific receptor gene FliC,phage not found in UniProt,,Salmonella enterica subsp. enterica serovar Typhimurium,"Salmonella enterica subsp. enterica serovar Typhimurium strain SJW23 flagellin type 1 (fliC) gene, complete cds",,,,,,high,high,none
φ80,yes,long non-contractile,Siphoviridae,Escherichia coli,562,Escherichia coli,Gram negative,cell wall,Proteins FhuA and TonB,Membrane Proteins,Protein,Broad,predicted-from-receptor,medium,conserved outer membrane protein receptor -> broad predicted,Hantke and Braun 1975; Wayne and Neilands 1975; Hancock and Braun 1976; Hantke and Braun 1978,"10.1016/0014-5793(75)80771-x (Hantke and Braun 1975), 10.1128/jb.121.2.497-503.1975 (Wayne and Neilands), 10.1128/jb.125.2.409-415.1976 (Hancock and Braun), 10.1128/jb.135.1.190-197.1978 (Hantke and Braun 1978)", ,Yes,yes,https://www.ncbi.nlm.nih.gov/nuccore/M12486.1,M12486.1,specific gene,FhuA,yes,https://www.uniprot.org/uniprotkb/I7K3G3,I7K3G3,specific RBP,Phage tail fiber protein,PhReD,PhReD: The Phage Receptor Database (Bio-conversion Databank Foundation). https://phred.biodf.org,2026-07-10,no,,,specific receptor gene FhuA,,,Escherichia coli,"E.coli fhuA, fhuC and fhuD genes encoding the ferrichrome-iron receptor and two ferric aerobactin and ferric coprogen transport proteins, complete cds",Yersinia phage phi80-18,,,,,high,high,high
KTN6,yes,contractile,Myoviridae,Pseudomonas aeruginosa,287,Pseudomonas aeruginosa,Gram negative,cell wall,A- and B-band O antigen,LPS,Glycan,Narrow,predicted-from-receptor,medium,specific O-antigen/serotype -> narrow predicted,Danis-Wlodarczyk et al. 2015,10.1371/journal.pone.0127603, ,Yes,yes,https://www.ncbi.nlm.nih.gov/nuccore/NZ_OZ484744.1,NZ_OZ484744.1,host genome (fallback),,no,,,none,,PhReD,PhReD: The Phage Receptor Database (Bio-conversion Databank Foundation). https://phred.biodf.org,2026-07-10,no,,,host genome fallback: no gene symbol in receptor,phage not found in UniProt,,Pseudomonas aeruginosa,"Pseudomonas aeruginosa strain PA3 isolate PA3 chromosome 1, complete sequence",,,,,,high,medium,none
φP68,yes,short,Podoviridae,Staphylococcus aureus,1280,Staphylococcus aureus,Gram positive,cell wall,β-O-GlcNAc modified wall teichoic acid,Teichoic Acids,Glycan,Undetermined,insufficient-data,none,Teichoic Acids host range is context-dependent; no empirical data in source,Li et al. 2015,10.1038/srep17219, ,Yes,yes,https://www.ncbi.nlm.nih.gov/nuccore/NZ_CP195878.1,NZ_CP195878.1,host genome (fallback),,no,,,none,,PhReD,PhReD: The Phage Receptor Database (Bio-conversion Databank Foundation). https://phred.biodf.org,2026-07-10,no,,,host genome fallback: no gene symbol in receptor,phage not found in UniProt,,Staphylococcus aureus,"Staphylococcus aureus strain A_1d chromosome, complete genome",,,,,,high,medium,none
MPK7,yes,short,Podoviridae,Pseudomonas aeruginosa,287,Pseudomonas aeruginosa,Gram negative,pili,type IV pili,Pili,Protein,Undetermined,insufficient-data,none,Pili host range is context-dependent; no empirical data in source,Bae and Cho 2013,10.1128/mBio.00061-13, ,Yes,yes,https://www.ncbi.nlm.nih.gov/nuccore/NZ_OZ484744.1,NZ_OZ484744.1,host genome (fallback),,yes,https://www.uniprot.org/uniprotkb/S4SZZ3,S4SZZ3,specific RBP,Tail fiber protein,PhReD,PhReD: The Phage Receptor Database (Bio-conversion Databank Foundation). https://phred.biodf.org,2026-07-10,no,,,host genome fallback: no gene symbol in receptor,,,Pseudomonas aeruginosa,"Pseudomonas aeruginosa strain PA3 isolate PA3 chromosome 1, complete sequence",Pseudomonas phage MPK7,,,,,high,medium,high
PM3,yes,long non-contractile,Siphoviridae,Aeromonas hydrophila,644,Aeromonas hydrophila,Gram negative,flagella,flagella,Flagella,Protein,Undetermined,insufficient-data,none,Flagella host range is context-dependent; no empirical data in source,Merino et al. 1990 B,10.1111/j.1574-6968.1990.tb04244.x, ,Yes,yes,https://www.ncbi.nlm.nih.gov/nuccore/NZ_CP118942.1,NZ_CP118942.1,host genome (fallback),,no,,,none,,PhReD,PhReD: The Phage Receptor Database (Bio-conversion Databank Foundation). https://phred.biodf.org,2026-07-10,no,,,host genome fallback: no gene symbol in receptor,phage present in UniProt but no tail/RBP protein annotated,,Aeromonas hydrophila,"Aeromonas hydrophila strain K533 chromosome, complete genome",,,,,,high,medium,none
APK44,yes,short,Autographiviridae,Acinetobacter baumannii,470,Acinetobacter baumannii,Gram negative,cell wall,capsular polysaccharides,Capsular Polysaccharide,Glycan,Narrow,predicted-from-receptor,medium,capsule/K-antigen is strain/serotype specific -> narrow predicted,Popova et al. 2021,10.1128/JVI.01714-20, ,Yes,yes,https://www.ncbi.nlm.nih.gov/nuccore/NZ_CP156044.1,NZ_CP156044.1,host genome (fallback),,no,,,none,,PhReD,PhReD: The Phage Receptor Database (Bio-conversion Databank Foundation). https://phred.biodf.org,2026-07-10,no,,,host genome fallback: no gene symbol in receptor,phage not found in UniProt,,Acinetobacter baumannii,"Acinetobacter baumannii strain D13 chromosome, complete genome",,,,,,high,medium,none
PO2,yes,long non-contractile,Siphoviridae,Pseudomonas aeruginosa,287,Pseudomonas aeruginosa,Gram negative,pili,pilus,Pili,Protein,Undetermined,insufficient-data,none,Pili host range is context-dependent; no empirical data in source,Bradley 1973,10.1016/0042-6822(73)90448-0, ,Yes,yes,https://www.ncbi.nlm.nih.gov/nuccore/NZ_OZ484744.1,NZ_OZ484744.1,host genome (fallback),,yes,https://www.uniprot.org/uniprotkb/A0AA50A7V1,A0AA50A7V1,specific RBP,Probable tail spike protein,PhReD,PhReD: The Phage Receptor Database (Bio-conversion Databank Foundation). https://phred.biodf.org,2026-07-10,no,,,host genome fallback: no gene symbol in receptor,,,Pseudomonas aeruginosa,"Pseudomonas aeruginosa strain PA3 isolate PA3 chromosome 1, complete sequence",Escherichia phage pO2,,,,,high,medium,high
X,yes,long non-contractile,Siphoviridae,"Escherichia coli, Salmonella typhimurium",562,Escherichia coli,Gram negative,pili,X pili,Pili,Protein,Undetermined,insufficient-data,none,Pili host range is context-dependent; no empirical data in source,Bradley et al. 1981 A,10.1099/00221287-126-2-389, ,Yes,yes,https://www.ncbi.nlm.nih.gov/nuccore/NZ_CP187781.1,NZ_CP187781.1,host genome (fallback),,yes,https://www.uniprot.org/uniprotkb/A0A5Q2UAI1,A0A5Q2UAI1,specific RBP,Tail fiber protein,PhReD,PhReD: The Phage Receptor Database (Bio-conversion Databank Foundation). https://phred.biodf.org,2026-07-10,no,,,host genome fallback: no gene symbol in receptor,,,Escherichia coli,"Escherichia coli strain 097H6 chromosome, complete genome",Bacteriophage Titan-X,,,,,high,medium,high
F354,yes,contractile,Myoviridae,Campylobacter jejuni,197,Campylobacter jejuni,Gram negative,cell wall,capsular polysaccharides,Capsular Polysaccharide,Glycan,Narrow,predicted-from-receptor,medium,capsule/K-antigen is strain/serotype specific -> narrow predicted,Sørensen et al. 2015,10.1371/journal.pone.0116287, ,Yes,yes,https://www.ncbi.nlm.nih.gov/nuccore/NZ_CP172364.1,NZ_CP172364.1,host genome (fallback),,no,,,none,,PhReD,PhReD: The Phage Receptor Database (Bio-conversion Databank Foundation). https://phred.biodf.org,2026-07-10,no,,,host genome fallback: no gene symbol in receptor,phage not found in UniProt,,Campylobacter jejuni,"Campylobacter jejuni strain YH021 chromosome, complete genome",,,,,,high,medium,none
F351,yes,contractile,Myoviridae,Campylobacter jejuni,197,Campylobacter jejuni,Gram negative,cell wall,capsular polysaccharides,Capsular Polysaccharide,Glycan,Narrow,predicted-from-receptor,medium,capsule/K-antigen is strain/serotype specific -> narrow predicted,Sørensen et al. 2015,10.1371/journal.pone.0116287, ,Yes,yes,https://www.ncbi.nlm.nih.gov/nuccore/NZ_CP172364.1,NZ_CP172364.1,host genome (fallback),,no,,,none,,PhReD,PhReD: The Phage Receptor Database (Bio-conversion Databank Foundation). https://phred.biodf.org,2026-07-10,no,,,host genome fallback: no gene symbol in receptor,phage not found in UniProt,,Campylobacter jejuni,"Campylobacter jejuni strain YH021 chromosome, complete genome",,,,,,high,medium,none
S100,yes,long non-contractile,Siphoviridae,Salmonella enterica serovar Typhimurium,90371,Salmonella enterica subsp. enterica serovar Typhimurium,Gram negative,cell wall,O-antigen,LPS,Glycan,Narrow,predicted-from-receptor,medium,specific O-antigen/serotype -> narrow predicted,Gencay et al. 2019,10.1111/1462-2920.14597, ,Yes,yes,https://www.ncbi.nlm.nih.gov/nuccore/NZ_CP104816.1,NZ_CP104816.1,host genome (fallback),,yes,https://www.uniprot.org/uniprotkb/A0A2Z5HHC2,A0A2Z5HHC2,specific RBP,Putative tail spike protein,PhReD,PhReD: The Phage Receptor Database (Bio-conversion Databank Foundation). https://phred.biodf.org,2026-07-10,no,,,host genome fallback: no gene symbol in receptor,,,Salmonella enterica subsp. enterica serovar Typhimurium,"Salmonella enterica subsp. enterica serovar Typhimurium strain STMC125 chromosome, complete genome",Salmonella phage S100,,,,,high,medium,high
φM7,yes,contractile,Myoviridae,Sinorhizobium meliloti,382,Sinorhizobium meliloti,Gram negative,cell wall,outer membrane porin RopA0,Membrane Proteins,Protein,Broad,predicted-from-receptor,medium,conserved outer membrane protein receptor -> broad predicted,Crook et al. 2013,10.1128/JB.00480-13, ,Yes,yes,https://www.ncbi.nlm.nih.gov/nuccore/NZ_CP021219.1,NZ_CP021219.1,host genome (fallback),,yes,https://www.uniprot.org/uniprotkb/A0A0F6YQI6,A0A0F6YQI6,specific RBP,Tail fiber protein,PhReD,PhReD: The Phage Receptor Database (Bio-conversion Databank Foundation). https://phred.biodf.org,2026-07-10,no,,,host genome fallback: gene(s) RopA0 not found,,,Sinorhizobium meliloti RU11/001,"Sinorhizobium meliloti RU11/001 chromosome, complete genome",Sinorhizobium phage phiM7,,,,,high,medium,high
φX174,no,"none (icosahedral, ssDNA)",Microviridae,Escherichia coli,562,Escherichia coli,Gram negative,cell wall,N-acetylglucosamine in LPS,LPS,Glycan,Narrow,predicted-from-receptor,low,O-antigen LPS generally serotype-specific -> narrow predicted (weak),"Jazwinski et al. 1975, Feige and Stirm 1976","10.1016/0042-6822(75)90197-x (Jazwinski et al), 10.1016/0006-291x(76)90824-x (Feige and Stirm)", ,Yes,yes,https://www.ncbi.nlm.nih.gov/nuccore/NZ_CP187781.1,NZ_CP187781.1,host genome (fallback),,yes,https://www.uniprot.org/uniprotkb/I6ZHT9,I6ZHT9,specific RBP,Major spike protein G,PhReD,PhReD: The Phage Receptor Database (Bio-conversion Databank Foundation). https://phred.biodf.org,2026-07-10,no,,,host genome fallback: no gene symbol in receptor,name collision resolved by host; other candidates: Enterobacteria phage phiX174,,Escherichia coli,"Escherichia coli strain 097H6 chromosome, complete genome",Escherichia phage phiX174,,,,,high,medium,high
SPN1S,yes,short,Podoviridae,Salmonella enterica serovar Typhimurium,90371,Salmonella enterica subsp. enterica serovar Typhimurium,Gram negative,cell wall,LPS O antigen,LPS,Glycan,Narrow,predicted-from-receptor,medium,specific O-antigen/serotype -> narrow predicted,Shin et al. 2012,10.1371/journal.pone.0043392, ,Yes,yes,https://www.ncbi.nlm.nih.gov/nuccore/NZ_CP104816.1,NZ_CP104816.1,host genome (fallback),,yes,https://www.uniprot.org/uniprotkb/H2D0F8,H2D0F8,specific RBP,Tailspike,PhReD,PhReD: The Phage Receptor Database (Bio-conversion Databank Foundation). https://phred.biodf.org,2026-07-10,no,,,host genome fallback: no gene symbol in receptor,,,Salmonella enterica subsp. enterica serovar Typhimurium,"Salmonella enterica subsp. enterica serovar Typhimurium strain STMC125 chromosome, complete genome",Salmonella phage SPN1S,,,,,high,medium,high
T7,yes,short,Podoviridae,Escherichia coli,562,Escherichia coli,Gram negative,cell wall,LPS,LPS,Glycan,Narrow,predicted-from-receptor,low,O-antigen LPS generally serotype-specific -> narrow predicted (weak),Lindberg 1973,10.1146/annurev.mi.27.100173.001225, ,Yes,yes,https://www.ncbi.nlm.nih.gov/nuccore/NZ_CP187781.1,NZ_CP187781.1,host genome (fallback),,yes,https://www.uniprot.org/uniprotkb/P03748,P03748,specific RBP,Tail fiber protein,PhReD,PhReD: The Phage Receptor Database (Bio-conversion Databank Foundation). https://phred.biodf.org,2026-07-10,no,,,host genome fallback: no gene symbol in receptor,"name collision resolved by host; other candidates: Aeromonas phage T7-Ah, Synechococcus T7-like phage S-TIP37, Synechococcus T7-like virus S-TIP28",,Escherichia coli,"Escherichia coli strain 097H6 chromosome, complete genome",Escherichia phage T7,,,,,high,medium,high
F349,yes,contractile,Myoviridae,Campylobacter jejuni,197,Campylobacter jejuni,Gram negative,cell wall,capsular polysaccharides,Capsular Polysaccharide,Glycan,Narrow,predicted-from-receptor,medium,capsule/K-antigen is strain/serotype specific -> narrow predicted,Sørensen et al. 2015,10.1371/journal.pone.0116287, ,Yes,yes,https://www.ncbi.nlm.nih.gov/nuccore/NZ_CP172364.1,NZ_CP172364.1,host genome (fallback),,no,,,none,,PhReD,PhReD: The Phage Receptor Database (Bio-conversion Databank Foundation). https://phred.biodf.org,2026-07-10,no,,,host genome fallback: no gene symbol in receptor,phage not found in UniProt,,Campylobacter jejuni,"Campylobacter jejuni strain YH021 chromosome, complete genome",,,,,,high,medium,none
R-17,no,"none (icosahedral, ssRNA)",Leviviridae,Escherichia coli,562,Escherichia coli,Gram negative,fimbriae,fimbriae,Pili,Protein,Undetermined,insufficient-data,none,Pili host range is context-dependent; no empirical data in source,Crawford and Gesteland 1964,10.1016/0042-6822(64)90063-7, ,Yes,yes,https://www.ncbi.nlm.nih.gov/nuccore/NZ_CP187781.1,NZ_CP187781.1,host genome (fallback),,no,,,none,,PhReD,PhReD: The Phage Receptor Database (Bio-conversion Databank Foundation). https://phred.biodf.org,2026-07-10,no,,,host genome fallback: no gene symbol in receptor,phage not found in UniProt,,Escherichia coli,"Escherichia coli strain 097H6 chromosome, complete genome",,,,,,high,medium,none
APK87,yes,short,Autographiviridae,Acinetobacter baumannii,470,Acinetobacter baumannii,Gram negative,cell wall,capsular polysaccharides,Capsular Polysaccharide,Glycan,Narrow,predicted-from-receptor,medium,capsule/K-antigen is strain/serotype specific -> narrow predicted,Popova et al. 2021,10.1128/JVI.01714-20, ,Yes,yes,https://www.ncbi.nlm.nih.gov/nuccore/NZ_CP156044.1,NZ_CP156044.1,host genome (fallback),,no,,,none,,PhReD,PhReD: The Phage Receptor Database (Bio-conversion Databank Foundation). https://phred.biodf.org,2026-07-10,no,,,host genome fallback: no gene symbol in receptor,phage present in UniProt but no tail/RBP protein annotated,,Acinetobacter baumannii,"Acinetobacter baumannii strain D13 chromosome, complete genome",,,,,,high,medium,none
F360,yes,contractile,Myoviridae,Campylobacter jejuni,197,Campylobacter jejuni,Gram negative,cell wall,capsular polysaccharides,Capsular Polysaccharide,Glycan,Narrow,predicted-from-receptor,medium,capsule/K-antigen is strain/serotype specific -> narrow predicted,Sørensen et al. 2015,10.1371/journal.pone.0116287, ,Yes,yes,https://www.ncbi.nlm.nih.gov/nuccore/NZ_CP172364.1,NZ_CP172364.1,host genome (fallback),,no,,,none,,PhReD,PhReD: The Phage Receptor Database (Bio-conversion Databank Foundation). https://phred.biodf.org,2026-07-10,no,,,host genome fallback: no gene symbol in receptor,phage not found in UniProt,,Campylobacter jejuni,"Campylobacter jejuni strain YH021 chromosome, complete genome",,,,,,high,medium,none
DLP4,yes,long non-contractile,Siphoviridae,Stenotrophomonas maltophilia,40324,Stenotrophomonas maltophilia,Gram negative,pilus,type IV pili,Pili,Protein,Undetermined,insufficient-data,none,Pili host range is context-dependent; no empirical data in source,Peters et al. 2019,10.1186/s12864-019-5674-5, ,Yes,yes,https://www.ncbi.nlm.nih.gov/nuccore/NZ_CP031058.1,NZ_CP031058.1,host genome (fallback),,no,,,none,,PhReD,PhReD: The Phage Receptor Database (Bio-conversion Databank Foundation). https://phred.biodf.org,2026-07-10,no,,,host genome fallback: no gene symbol in receptor,phage not found in UniProt,,Stenotrophomonas maltophilia,"Stenotrophomonas maltophilia strain SM 866 chromosome, complete genome",,,,,,high,medium,none
B5,yes,short,Podoviridae,Acinetobacter baumannii,470,Acinetobacter baumannii,Gram negative,cell wall,capsular polysaccharides,Capsular Polysaccharide,Glycan,Narrow,predicted-from-receptor,medium,capsule/K-antigen is strain/serotype specific -> narrow predicted,Oliveira et al. 2017,10.1111/1462-2920.13970, ,Yes,yes,https://www.ncbi.nlm.nih.gov/nuccore/NZ_CP156044.1,NZ_CP156044.1,host genome (fallback),,no,,,none,,PhReD,PhReD: The Phage Receptor Database (Bio-conversion Databank Foundation). https://phred.biodf.org,2026-07-10,no,,,host genome fallback: no gene symbol in receptor,phage present in UniProt but no tail/RBP protein annotated,,Acinetobacter baumannii,"Acinetobacter baumannii strain D13 chromosome, complete genome",,,,,,high,medium,none
F357,yes,contractile,Myoviridae,Campylobacter jejuni,197,Campylobacter jejuni,Gram negative,cell wall,capsular polysaccharides,Capsular Polysaccharide,Glycan,Narrow,predicted-from-receptor,medium,capsule/K-antigen is strain/serotype specific -> narrow predicted,Sørensen et al. 2015,10.1371/journal.pone.0116287, ,Yes,yes,https://www.ncbi.nlm.nih.gov/nuccore/NZ_CP172364.1,NZ_CP172364.1,host genome (fallback),,no,,,none,,PhReD,PhReD: The Phage Receptor Database (Bio-conversion Databank Foundation). https://phred.biodf.org,2026-07-10,no,,,host genome fallback: no gene symbol in receptor,phage not found in UniProt,,Campylobacter jejuni,"Campylobacter jejuni strain YH021 chromosome, complete genome",,,,,,high,medium,none
ϕVPE25,yes,long non-contractile,Siphoviridae,Enterococcus faecalis,1351,Enterococcus faecalis,Gram positive,cell wall,"EF0858, integral membrane protein",Membrane Proteins,Protein,Broad,predicted-from-receptor,medium,conserved outer membrane protein receptor -> broad predicted,Duerkop et al. 2016,10.1128/mBio.01304-16, ,Yes,yes,https://www.ncbi.nlm.nih.gov/nuccore/NZ_CP191290.1,NZ_CP191290.1,host genome (fallback),,no,,,none,,PhReD,PhReD: The Phage Receptor Database (Bio-conversion Databank Foundation). https://phred.biodf.org,2026-07-10,no,,,host genome fallback: no gene symbol in receptor,phage not found in UniProt,,Enterococcus faecalis,"Enterococcus faecalis strain Efa-W4 chromosome, complete genome",,,,,,high,medium,none
D,no,"none (icosahedral, ssRNA)",Leviviridae,Escherichia coli,562,Escherichia coli,Gram negative,pili,D pili,Pili,Protein,Undetermined,insufficient-data,none,Pili host range is context-dependent; no empirical data in source,Coetzee et al. 1985A,10.1099/00221287-131-12-3375, ,Yes,yes,https://www.ncbi.nlm.nih.gov/nuccore/NZ_CP187781.1,NZ_CP187781.1,host genome (fallback),,yes,https://www.uniprot.org/uniprotkb/F8RL31,F8RL31,specific RBP,Putative spike protein,PhReD,PhReD: The Phage Receptor Database (Bio-conversion Databank Foundation). https://phred.biodf.org,2026-07-10,no,,,host genome fallback: no gene symbol in receptor,,,Escherichia coli,"Escherichia coli strain 097H6 chromosome, complete genome",Alphamesonivirus 1 (isolate Aedes harrisoni/Cote d'Ivoire/C79/2004),,,,,high,medium,high
PA1φ,yes,long non-contractile,Siphoviridae,Pseudomonas aeruginosa,287,Pseudomonas aeruginosa,Gram negative,pili,type IV pili,Pili,Protein,Undetermined,insufficient-data,none,Pili host range is context-dependent; no empirical data in source,Kim et al. 2012,10.1128/AEM.00648-12, ,Yes,yes,https://www.ncbi.nlm.nih.gov/nuccore/NZ_OZ484744.1,NZ_OZ484744.1,host genome (fallback),,yes,https://www.uniprot.org/uniprotkb/E7CU81,E7CU81,specific RBP,Tip attachment protein J domain-containing protein,PhReD,PhReD: The Phage Receptor Database (Bio-conversion Databank Foundation). https://phred.biodf.org,2026-07-10,no,,,host genome fallback: no gene symbol in receptor,,,Pseudomonas aeruginosa,"Pseudomonas aeruginosa strain PA3 isolate PA3 chromosome 1, complete sequence",Pseudomonas phage PA1/KOR/2010,,,,,high,medium,high
C11,yes,contractile,Myoviridae,Pseudomonas aeruginosa,287,Pseudomonas aeruginosa,Gram negative,LPS,"fourth residue L-Rhamnose
of one O antigen repeating unit in the biosynthesis of OSA LPS",LPS,Glycan,Narrow,predicted-from-receptor,medium,specific O-antigen/serotype -> narrow predicted,Cui et al. 2016,10.1038/srep39130, ,Yes,yes,https://www.ncbi.nlm.nih.gov/nuccore/NZ_OZ484744.1,NZ_OZ484744.1,host genome (fallback),,yes,https://www.uniprot.org/uniprotkb/A0A6S4PD66,A0A6S4PD66,specific RBP,Bacteriophage T7 tail fibre protein-like N-terminal domain-containing protein,PhReD,PhReD: The Phage Receptor Database (Bio-conversion Databank Foundation). https://phred.biodf.org,2026-07-10,no,,,host genome fallback: no gene symbol in receptor,,,Pseudomonas aeruginosa,"Pseudomonas aeruginosa strain PA3 isolate PA3 chromosome 1, complete sequence",uncultured phage_MedDCM-OCT-S39-C11,,,,,high,medium,high
55R-1,yes,contractile,Myoviridae,Aeromonas salmonicida,645,Aeromonas salmonicida,Gram negative,cell wall,LPS,LPS,Glycan,Narrow,predicted-from-receptor,low,O-antigen LPS generally serotype-specific -> narrow predicted (weak),Ishiguro et al. 1983,10.1139/m83-223, ,Yes,yes,https://www.ncbi.nlm.nih.gov/nuccore/NZ_CP101948.1,NZ_CP101948.1,host genome (fallback),,no,,,none,,PhReD,PhReD: The Phage Receptor Database (Bio-conversion Databank Foundation). https://phred.biodf.org,2026-07-10,no,,,host genome fallback: no gene symbol in receptor,phage not found in UniProt,,Aeromonas salmonicida,"Aeromonas salmonicida strain FN1 chromosome, complete genome",,,,,,high,medium,none
Me1,yes,contractile,Myoviridae,Escherichia coli,562,Escherichia coli,Gram negative,cell wall,OmpC,Membrane Proteins,Protein,Broad,predicted-from-receptor,medium,conserved outer membrane protein receptor -> broad predicted,Verhoef et al. 1977,10.1007/bf02425330, ,Yes,yes,https://www.ncbi.nlm.nih.gov/nuccore/GQ167032.1,GQ167032.1,specific gene,OmpC,no,,,none,,PhReD,PhReD: The Phage Receptor Database (Bio-conversion Databank Foundation). https://phred.biodf.org,2026-07-10,no,,,specific receptor gene OmpC,phage present in UniProt but no tail/RBP protein annotated,,Escherichia coli,"Escherichia coli strain EC-937-2/07 outer membrane protein C (ompC) gene, complete cds",,,,,,high,high,none
IME339,yes,contractile,Myoviridae,Escherichia coli,562,Escherichia coli,Gram negative,cell wall,Tsx,Membrane Proteins,Protein,Broad,predicted-from-receptor,medium,conserved outer membrane protein receptor -> broad predicted,Li et al. 2019,10.3389/fmicb.2019.00850, ,Yes,yes,https://www.ncbi.nlm.nih.gov/nuccore/NZ_CP187781.1,NZ_CP187781.1,host genome (fallback),,no,,,none,,PhReD,PhReD: The Phage Receptor Database (Bio-conversion Databank Foundation). https://phred.biodf.org,2026-07-10,no,,,host genome fallback: no gene symbol in receptor,phage present in UniProt but no tail/RBP protein annotated,,Escherichia coli,"Escherichia coli strain 097H6 chromosome, complete genome",,,,,,high,medium,none
S102,yes,long non-contractile,Siphoviridae,Salmonella enterica serovar Typhimurium,90371,Salmonella enterica subsp. enterica serovar Typhimurium,Gram negative,cell wall,O-antigen,LPS,Glycan,Narrow,predicted-from-receptor,medium,specific O-antigen/serotype -> narrow predicted,Gencay et al. 2019,10.1111/1462-2920.14597, ,Yes,yes,https://www.ncbi.nlm.nih.gov/nuccore/NZ_CP104816.1,NZ_CP104816.1,host genome (fallback),,yes,https://www.uniprot.org/uniprotkb/A0A2Z5HI34,A0A2Z5HI34,specific RBP,Putative tail spike protein,PhReD,PhReD: The Phage Receptor Database (Bio-conversion Databank Foundation). https://phred.biodf.org,2026-07-10,no,,,host genome fallback: no gene symbol in receptor,,,Salmonella enterica subsp. enterica serovar Typhimurium,"Salmonella enterica subsp. enterica serovar Typhimurium strain STMC125 chromosome, complete genome",Salmonella phage S102,,,,,high,medium,high
mEp263,yes,long non-contractile,Siphoviridae,Escherichia coli,562,Escherichia coli,Gram negative,cell wall,FhuA,Membrane Proteins,Protein,Broad,predicted-from-receptor,medium,conserved outer membrane protein receptor -> broad predicted,Hernandez-Sanchez et al. 2008,10.1007/s00705-008-0111-0, ,Yes,yes,https://www.ncbi.nlm.nih.gov/nuccore/M12486.1,M12486.1,specific gene,FhuA,no,,,none,,PhReD,PhReD: The Phage Receptor Database (Bio-conversion Databank Foundation). https://phred.biodf.org,2026-07-10,no,,,specific receptor gene FhuA,phage not found in UniProt,,Escherichia coli,"E.coli fhuA, fhuC and fhuD genes encoding the ferrichrome-iron receptor and two ferric aerobactin and ferric coprogen transport proteins, complete cds",,,,,,high,high,none
c341,yes,short,Podoviridae,Salmonella sp.,599,Salmonella sp.,Gram negative,cell wall; O-chain structure that are enzymatically cleaved by phages,The O-acetyl group in the mannosyl-rhamnosyl-O-acetylgalactose repeating sequence,N/A,,Undetermined,insufficient-data,none,receptor does not support a host-range prediction,Iwashita and Kanegasaki 1976,10.1016/s0021-9258(17)33169-1, ,Yes,no,,,none,,no,,,none,,PhReD,PhReD: The Phage Receptor Database (Bio-conversion Databank Foundation). https://phred.biodf.org,2026-07-10,no,,receptor does not fit any defined domain,no GenBank record found for receptor or host genome,phage not found in UniProt,,,,,,,,,none,none,none
mEp141,yes,long non-contractile,Siphoviridae,Escherichia coli,562,Escherichia coli,Gram negative,cell wall,FhuA,Membrane Proteins,Protein,Broad,predicted-from-receptor,medium,conserved outer membrane protein receptor -> broad predicted,Hernandez-Sanchez et al. 2008,10.1007/s00705-008-0111-0, ,Yes,yes,https://www.ncbi.nlm.nih.gov/nuccore/M12486.1,M12486.1,specific gene,FhuA,no,,,none,,PhReD,PhReD: The Phage Receptor Database (Bio-conversion Databank Foundation). https://phred.biodf.org,2026-07-10,no,,,specific receptor gene FhuA,phage not found in UniProt,,Escherichia coli,"E.coli fhuA, fhuC and fhuD genes encoding the ferrichrome-iron receptor and two ferric aerobactin and ferric coprogen transport proteins, complete cds",,,,,,high,high,none
KIL3b,yes,contractile,Myoviridae,Pseudomonas syringae pv. porri,83964,Pseudomonas coronafaciens pv. porri,Gram negative,cell wall,LPS,LPS,Glycan,Narrow,predicted-from-receptor,low,O-antigen LPS generally serotype-specific -> narrow predicted (weak),Holtappels et al. 2020,10.3390/ijms21082930, ,Yes,no,,,none,,no,,,none,,PhReD,PhReD: The Phage Receptor Database (Bio-conversion Databank Foundation). https://phred.biodf.org,2026-07-10,no,,,no GenBank record found for receptor or host genome,phage not found in UniProt,host renamed in NCBI: Pseudomonas syringae pv. porri -> Pseudomonas coronafaciens pv. porri,,,,,,,,high,none,none
mEp524,yes,long non-contractile,Siphoviridae,Escherichia coli,562,Escherichia coli,Gram negative,cell wall,FhuA,Membrane Proteins,Protein,Broad,predicted-from-receptor,medium,conserved outer membrane protein receptor -> broad predicted,Hernandez-Sanchez et al. 2008,10.1007/s00705-008-0111-0, ,Yes,yes,https://www.ncbi.nlm.nih.gov/nuccore/M12486.1,M12486.1,specific gene,FhuA,no,,,none,,PhReD,PhReD: The Phage Receptor Database (Bio-conversion Databank Foundation). https://phred.biodf.org,2026-07-10,no,,,specific receptor gene FhuA,phage not found in UniProt,,Escherichia coli,"E.coli fhuA, fhuC and fhuD genes encoding the ferrichrome-iron receptor and two ferric aerobactin and ferric coprogen transport proteins, complete cds",,,,,,high,high,none
B2,yes,short,Podoviridae,Acinetobacter baumannii,470,Acinetobacter baumannii,Gram negative,cell wall,capsular polysaccharides,Capsular Polysaccharide,Glycan,Narrow,predicted-from-receptor,medium,capsule/K-antigen is strain/serotype specific -> narrow predicted,Oliveira et al. 2017,10.1111/1462-2920.13970, ,Yes,yes,https://www.ncbi.nlm.nih.gov/nuccore/NZ_CP156044.1,NZ_CP156044.1,host genome (fallback),,yes,https://www.uniprot.org/uniprotkb/A0A343S152,A0A343S152,specific RBP,Tail fiber protein,PhReD,PhReD: The Phage Receptor Database (Bio-conversion Databank Foundation). https://phred.biodf.org,2026-07-10,yes,low-confidence UniProt assignment | ambiguous phage name across organisms,,host genome fallback: no gene symbol in receptor,"AMBIGUOUS phage name across organisms, none match host 'Acinetobacter baumannii': Escherichia phage B2, Lactobacillus phage ATCC 8014-B2",,Acinetobacter baumannii,"Acinetobacter baumannii strain D13 chromosome, complete genome",Escherichia phage B2,resolved,"Ability of phages to infect
                    <i>Acinetobacter calcoaceticus‐Acinetobacter baumannii</i>
                    complex species through acquisition of different pectate lyase depolymerase domains",corroborated,358 independent record(s) link B2 to capsular polysaccharide,high,medium,low
F374,yes,contractile,Myoviridae,Campylobacter jejuni,197,Campylobacter jejuni,Gram negative,cell wall,capsular polysaccharides,Capsular Polysaccharide,Glycan,Narrow,predicted-from-receptor,medium,capsule/K-antigen is strain/serotype specific -> narrow predicted,Sørensen et al. 2015,10.1371/journal.pone.0116287, ,Yes,yes,https://www.ncbi.nlm.nih.gov/nuccore/NZ_CP172364.1,NZ_CP172364.1,host genome (fallback),,no,,,none,,PhReD,PhReD: The Phage Receptor Database (Bio-conversion Databank Foundation). https://phred.biodf.org,2026-07-10,no,,,host genome fallback: no gene symbol in receptor,phage not found in UniProt,,Campylobacter jejuni,"Campylobacter jejuni strain YH021 chromosome, complete genome",,,,,,high,medium,none
S115,yes,contractile,Myoviridae,Salmonella enterica serovar Typhimurium,90371,Salmonella enterica subsp. enterica serovar Typhimurium,Gram negative,cell wall,O-antigen,LPS,Glycan,Narrow,predicted-from-receptor,medium,specific O-antigen/serotype -> narrow predicted,Gencay et al. 2019,10.1111/1462-2920.14597, ,Yes,yes,https://www.ncbi.nlm.nih.gov/nuccore/NZ_CP104816.1,NZ_CP104816.1,host genome (fallback),,no,,,none,,PhReD,PhReD: The Phage Receptor Database (Bio-conversion Databank Foundation). https://phred.biodf.org,2026-07-10,no,,,host genome fallback: no gene symbol in receptor,phage present in UniProt but no tail/RBP protein annotated,,Salmonella enterica subsp. enterica serovar Typhimurium,"Salmonella enterica subsp. enterica serovar Typhimurium strain STMC125 chromosome, complete genome",,,,,,high,medium,none
fPS-86,yes,short,Podoviridae,Yersinia enterocolitica,630,Yersinia enterocolitica,Gram negative,cell wall,LPS O antigen,LPS,Glycan,Narrow,predicted-from-receptor,medium,specific O-antigen/serotype -> narrow predicted,Salem et al. 2018,10.3390/v10040174, ,Yes,yes,https://www.ncbi.nlm.nih.gov/nuccore/NZ_CP139458.1,NZ_CP139458.1,host genome (fallback),,no,,,none,,PhReD,PhReD: The Phage Receptor Database (Bio-conversion Databank Foundation). https://phred.biodf.org,2026-07-10,no,,,host genome fallback: no gene symbol in receptor,phage not found in UniProt,,Yersinia enterocolitica,"Yersinia enterocolitica strain Y40 chromosome, complete genome",,,,,,high,medium,none
F341,yes,contractile,Myoviridae,Campylobacter jejuni,197,Campylobacter jejuni,Gram negative,flagella,rotating flagella,Flagella,Protein,Undetermined,insufficient-data,none,Flagella host range is context-dependent; no empirical data in source,Baldvinsson et al. 2014,10.1128/AEM.02057-14, ,Yes,yes,https://www.ncbi.nlm.nih.gov/nuccore/NZ_CP172364.1,NZ_CP172364.1,host genome (fallback),,no,,,none,,PhReD,PhReD: The Phage Receptor Database (Bio-conversion Databank Foundation). https://phred.biodf.org,2026-07-10,no,,,host genome fallback: no gene symbol in receptor,phage not found in UniProt,,Campylobacter jejuni,"Campylobacter jejuni strain YH021 chromosome, complete genome",,,,,,high,medium,none
mEp155,yes,long non-contractile,Siphoviridae,Escherichia coli,562,Escherichia coli,Gram negative,cell wall,FhuA,Membrane Proteins,Protein,Broad,predicted-from-receptor,medium,conserved outer membrane protein receptor -> broad predicted,Hernandez-Sanchez et al. 2008,10.1007/s00705-008-0111-0, ,Yes,yes,https://www.ncbi.nlm.nih.gov/nuccore/M12486.1,M12486.1,specific gene,FhuA,no,,,none,,PhReD,PhReD: The Phage Receptor Database (Bio-conversion Databank Foundation). https://phred.biodf.org,2026-07-10,yes,no independent literature found for this phage,,specific receptor gene FhuA,phage not found in UniProt,,Escherichia coli,"E.coli fhuA, fhuC and fhuD genes encoding the ferrichrome-iron receptor and two ferric aerobactin and ferric coprogen transport proteins, complete cds",,resolved,"Analysis of some phenotypic traits of feces-borne temperate lambdoid bacteriophages from different immunity groups: a high incidence of cor+, FhuA-dependent phages",no literature,no independent literature found for mEp155,high,high,none
29,yes,short,Podoviridae,Escherichia coli,562,Escherichia coli,Gram negative,Bacterial capsule,Endo-glycosidase hydrolysis in β-D-glucosido-(1-3)-D-glucoronic acid bonds in the capsule composed of hexasaccharides repeating units,Capsular Polysaccharide,Glycan,Narrow,predicted-from-receptor,medium,capsule/K-antigen is strain/serotype specific -> narrow predicted,Stirm et al. 1971; Fehmel et al. 1975,"10.1128/jvi.8.3.343-346.1971 (Stirm et al), 10.1128/jvi.16.3.591-601.1975 (Fehmel et al)", ,Yes,yes,https://www.ncbi.nlm.nih.gov/nuccore/NZ_CP187781.1,NZ_CP187781.1,host genome (fallback),,yes,https://www.uniprot.org/uniprotkb/A0A1W6DXS8,A0A1W6DXS8,specific RBP,Putative tail fiber protein,PhReD,PhReD: The Phage Receptor Database (Bio-conversion Databank Foundation). https://phred.biodf.org,2026-07-10,yes,low-confidence UniProt assignment | ambiguous phage name across organisms,,host genome fallback: no gene symbol in receptor,"AMBIGUOUS phage name across organisms, none match host 'Escherichia coli': Aeromonas phage phiA8-29, Salmonella phage 1-29, Salmonella phage 3-29",,Escherichia coli,"Escherichia coli strain 097H6 chromosome, complete genome",Aeromonas phage phiA8-29,resolved,Bacteriophage Particles with Endo-Glycosidase Activity,corroborated,4852 independent record(s) link 29 to Capsular Polysaccharide,high,medium,low
mEp502,yes,long non-contractile,Siphoviridae,Escherichia coli,562,Escherichia coli,Gram negative,cell wall,FhuA,Membrane Proteins,Protein,Broad,predicted-from-receptor,medium,conserved outer membrane protein receptor -> broad predicted,Hernandez-Sanchez et al. 2008,10.1007/s00705-008-0111-0, ,Yes,yes,https://www.ncbi.nlm.nih.gov/nuccore/M12486.1,M12486.1,specific gene,FhuA,no,,,none,,PhReD,PhReD: The Phage Receptor Database (Bio-conversion Databank Foundation). https://phred.biodf.org,2026-07-10,no,,,specific receptor gene FhuA,phage not found in UniProt,,Escherichia coli,"E.coli fhuA, fhuC and fhuD genes encoding the ferrichrome-iron receptor and two ferric aerobactin and ferric coprogen transport proteins, complete cds",,,,,,high,high,none
ICP1,yes,contractile,Myoviridae,Vibrio cholerae,666,Vibrio cholerae,Gram negative,cell wall,O1 antigen of LPS,LPS,Glycan,Narrow,predicted-from-receptor,low,O-antigen LPS generally serotype-specific -> narrow predicted (weak),Seed et al. 2011,10.1128/mBio.00334-10, ,Yes,yes,https://www.ncbi.nlm.nih.gov/nuccore/NZ_CP191367.1,NZ_CP191367.1,host genome (fallback),,yes,https://www.uniprot.org/uniprotkb/F1D1N1,F1D1N1,other tail protein,Putative Gp5 baseplate hub subunit and tail lysozyme,PhReD,PhReD: The Phage Receptor Database (Bio-conversion Databank Foundation). https://phred.biodf.org,2026-07-10,no,,,host genome fallback: no gene symbol in receptor,no specific RBP annotated; using another tail protein (Patrick's fallback),,Vibrio cholerae,"Vibrio cholerae strain GD25VC001 chromosome 1, complete sequence",Vibrio phage ICP1,,,,,high,medium,medium
W,yes,long non-contractile,Siphoviridae,Staphylococcus aureus,1280,Staphylococcus aureus,Gram positive,cell wall,N-acetylglucosamine (GlcNAc) glycoepitope on wall teichoic acid (WTA),Teichoic Acids,Glycan,Undetermined,insufficient-data,none,Teichoic Acids host range is context-dependent; no empirical data in source,Xia et al. 2011,10.1128/JB.01412-10, ,Yes,yes,https://www.ncbi.nlm.nih.gov/nuccore/NZ_CP195878.1,NZ_CP195878.1,host genome (fallback),,no,,,none,,PhReD,PhReD: The Phage Receptor Database (Bio-conversion Databank Foundation). https://phred.biodf.org,2026-07-10,no,,,host genome fallback: no gene symbol in receptor,phage present in UniProt but no tail/RBP protein annotated,,Staphylococcus aureus,"Staphylococcus aureus strain A_1d chromosome, complete genome",,resolved,Wall Teichoic Acid-Dependent Adsorption of Staphylococcal Siphovirus and Myovirus,corroborated,1245 independent record(s) link W to teichoic acid,high,medium,none
F356,yes,contractile,Myoviridae,Campylobacter jejuni,197,Campylobacter jejuni,Gram negative,cell wall,capsular polysaccharides,Capsular Polysaccharide,Glycan,Narrow,predicted-from-receptor,medium,capsule/K-antigen is strain/serotype specific -> narrow predicted,Sørensen et al. 2015,10.1371/journal.pone.0116287, ,Yes,yes,https://www.ncbi.nlm.nih.gov/nuccore/NZ_CP172364.1,NZ_CP172364.1,host genome (fallback),,no,,,none,,PhReD,PhReD: The Phage Receptor Database (Bio-conversion Databank Foundation). https://phred.biodf.org,2026-07-10,no,,,host genome fallback: no gene symbol in receptor,phage not found in UniProt,,Campylobacter jejuni,"Campylobacter jejuni strain YH021 chromosome, complete genome",,,,,,high,medium,none
DT571/2,yes,long non-contractile,Siphoviridae,Escherichia coli,562,Escherichia coli,Gram negative,cell wall,protein BtuB and O-polysaccharide (OPS),Membrane Proteins,Protein,Broad,predicted-from-receptor,medium,conserved outer membrane protein receptor -> broad predicted,Golomidova et al. 2015,10.3390/v8010026, ,Yes,yes,https://www.ncbi.nlm.nih.gov/nuccore/M57568.1,M57568.1,specific gene,BtuB,yes,https://www.uniprot.org/uniprotkb/A0A0A7RT04,A0A0A7RT04,specific RBP,Receptor binding protein,PhReD,PhReD: The Phage Receptor Database (Bio-conversion Databank Foundation). https://phred.biodf.org,2026-07-10,yes,low-confidence domain assignment,"multi-domain unresolved, took first-mentioned; all: LPS, Membrane Proteins",specific receptor gene BtuB,,,Escherichia coli,"Escherichia coli vitamin B-12 binding protein (btuB) gene, partial cds; and m-5-U54 transfer RNA methyltransferase (trmA) gene, complete cds",Escherichia phage DT571/2,resolved,Branched Lateral Tail Fiber Organization in T5-Like Bacteriophages DT57C and DT571/2 is Revealed by Genetic and Functional Analysis,corroborated,7 independent record(s) link DT571/2 to BtuB,low,high,high
mEp266,yes,long non-contractile,Siphoviridae,Escherichia coli,562,Escherichia coli,Gram negative,cell wall,FhuA,Membrane Proteins,Protein,Broad,predicted-from-receptor,medium,conserved outer membrane protein receptor -> broad predicted,Hernandez-Sanchez et al. 2008,10.1007/s00705-008-0111-0, ,Yes,yes,https://www.ncbi.nlm.nih.gov/nuccore/M12486.1,M12486.1,specific gene,FhuA,no,,,none,,PhReD,PhReD: The Phage Receptor Database (Bio-conversion Databank Foundation). https://phred.biodf.org,2026-07-10,no,,,specific receptor gene FhuA,phage not found in UniProt,,Escherichia coli,"E.coli fhuA, fhuC and fhuD genes encoding the ferrichrome-iron receptor and two ferric aerobactin and ferric coprogen transport proteins, complete cds",,,,,,high,high,none
D3112,yes,long non-contractile,Siphoviridae,Pseudomonas aeruginosa,287,Pseudomonas aeruginosa,Gram negative,pili,pilus,Pili,Protein,Undetermined,insufficient-data,none,Pili host range is context-dependent; no empirical data in source,Roncero et al. 1990,10.1128/jb.172.4.1899-1904.1990, ,Yes,yes,https://www.ncbi.nlm.nih.gov/nuccore/NZ_OZ484744.1,NZ_OZ484744.1,host genome (fallback),,yes,https://www.uniprot.org/uniprotkb/Q6TM49,Q6TM49,specific RBP,Tip attachment protein J domain-containing protein,PhReD,PhReD: The Phage Receptor Database (Bio-conversion Databank Foundation). https://phred.biodf.org,2026-07-10,no,,,host genome fallback: no gene symbol in receptor,,,Pseudomonas aeruginosa,"Pseudomonas aeruginosa strain PA3 isolate PA3 chromosome 1, complete sequence",Pseudomonas phage D3112,,,,,high,medium,high
SFP10,yes,contractile,Myoviridae,Salmonella enterica serovar Typhimurium,90371,Salmonella enterica subsp. enterica serovar Typhimurium,Gram negative,cell wall,O-antigen of LPS,LPS,Glycan,Narrow,predicted-from-receptor,medium,specific O-antigen/serotype -> narrow predicted,Park et al. 2011,10.1128/AEM.06231-11, ,Yes,yes,https://www.ncbi.nlm.nih.gov/nuccore/NZ_CP104816.1,NZ_CP104816.1,host genome (fallback),,yes,https://www.uniprot.org/uniprotkb/G4WAS9,G4WAS9,specific RBP,Phage tailspike protein,PhReD,PhReD: The Phage Receptor Database (Bio-conversion Databank Foundation). https://phred.biodf.org,2026-07-10,no,,,host genome fallback: no gene symbol in receptor,,,Salmonella enterica subsp. enterica serovar Typhimurium,"Salmonella enterica subsp. enterica serovar Typhimurium strain STMC125 chromosome, complete genome",Salmonella phage SFP10,,,,,high,medium,high
ϕA1122,yes,short,Podoviridae,Yersinia pestis,632,Yersinia pestis,Gram negative,cell wall,Kdo/Ko residues of LPS and HepI/Glc residues,LPS,Glycan,Narrow,predicted-from-receptor,low,O-antigen LPS generally serotype-specific -> narrow predicted (weak),Filippov et al. 2011,10.1371/journal.pone.0025486, ,Yes,yes,https://www.ncbi.nlm.nih.gov/nuccore/NZ_CP033699.1,NZ_CP033699.1,host genome (fallback),,yes,https://www.uniprot.org/uniprotkb/Q858J8,Q858J8,specific RBP,Tail fiber protein,PhReD,PhReD: The Phage Receptor Database (Bio-conversion Databank Foundation). https://phred.biodf.org,2026-07-10,yes,UniProt organism 'Yersinia phage phiA1122' does not name phage 'ϕA1122',,host genome fallback: gene(s) HepI not found,,,Yersinia pestis,"Yersinia pestis strain FDAARGOS_601 chromosome, complete genome",Yersinia phage phiA1122,resolved,Bacteriophage-Resistant Mutants in Yersinia pestis: Identification of Phage Receptors and Attenuation for Mice,corroborated,1 independent record(s) link ϕA1122 to HepI,high,medium,high
PST (alternate host),yes,contractile,Myoviridae,Yersinia pseudotuberculosis,633,Yersinia pseudotuberculosis,Gram negative,cell wall,HepII/HepIII pairs of inner core residues,LPS,Glycan,Broad,predicted-from-receptor,low,conserved LPS core -> broad predicted,Filippov et al. 2011,10.1371/journal.pone.0025486, ,Yes,yes,https://www.ncbi.nlm.nih.gov/nuccore/NZ_AP031363.1,NZ_AP031363.1,host genome (fallback),,no,,,none,,PhReD,PhReD: The Phage Receptor Database (Bio-conversion Databank Foundation). https://phred.biodf.org,2026-07-10,yes,receptor text does not support domain 'LPS' | no independent literature found for this phage,,host genome fallback: no gene symbol in receptor,phage not found in UniProt,,Yersinia pseudotuberculosis,"Yersinia pseudotuberculosis strain KD3 chromosome, complete genome",,resolved,Bacteriophage-Resistant Mutants in Yersinia pestis: Identification of Phage Receptors and Attenuation for Mice,no literature,no independent literature found for PST (alternate host),high,medium,none
mEp468,yes,long non-contractile,Siphoviridae,Escherichia coli,562,Escherichia coli,Gram negative,cell wall,FhuA,Membrane Proteins,Protein,Broad,predicted-from-receptor,medium,conserved outer membrane protein receptor -> broad predicted,Hernandez-Sanchez et al. 2008,10.1007/s00705-008-0111-0, ,Yes,yes,https://www.ncbi.nlm.nih.gov/nuccore/M12486.1,M12486.1,specific gene,FhuA,no,,,none,,PhReD,PhReD: The Phage Receptor Database (Bio-conversion Databank Foundation). https://phred.biodf.org,2026-07-10,no,,,specific receptor gene FhuA,phage not found in UniProt,,Escherichia coli,"E.coli fhuA, fhuC and fhuD genes encoding the ferrichrome-iron receptor and two ferric aerobactin and ferric coprogen transport proteins, complete cds",,,,,,high,high,none
T5,yes,long non-contractile,Siphoviridae,Escherichia coli,562,Escherichia coli,Gram negative,cell wall,Polymannose sequence in the O-antigen and protein FhuA,LPS,Glycan,Narrow,predicted-from-receptor,medium,specific O-antigen/serotype -> narrow predicted,Braun et al. 1973; Braun and Wolff 1973; Heller and Braun 1982,"10.1016/0005-2736(73)90433-1 (Braun et al), 10.1016/0014-5793(73)80707-0 (Braun and Wolff), 10.1128/jvi.41.1.222-227.1982 (Heller and Braun)", ,Yes,yes,https://www.ncbi.nlm.nih.gov/nuccore/M12486.1,M12486.1,specific gene,FhuA,yes,https://www.uniprot.org/uniprotkb/P23207,P23207,specific RBP,Receptor-binding protein pb5,PhReD,PhReD: The Phage Receptor Database (Bio-conversion Databank Foundation). https://phred.biodf.org,2026-07-10,yes,low-confidence domain assignment,"multi-domain unresolved, took first-mentioned; all: LPS, Membrane Proteins",specific receptor gene FhuA,,,Escherichia coli,"E.coli fhuA, fhuC and fhuD genes encoding the ferrichrome-iron receptor and two ferric aerobactin and ferric coprogen transport proteins, complete cds",Escherichia phage T5,resolved,A common receptor protein for phage T5 and colicin M in the outer membrane of Escherichia coli B,corroborated,376 independent record(s) link T5 to FhuA,low,high,high
Phage 117,yes,short,Podoviridae,Klebsiella pneumoniae,573,Klebsiella pneumoniae,Gram negative,cell wall,colanic acid in capsular extracellular polysaccharide,Capsular Polysaccharide,Glycan,Narrow,predicted-from-receptor,medium,capsule/K-antigen is strain/serotype specific -> narrow predicted,Tan et al. 2020,10.3390/microorganisms8030378, ,Yes,yes,https://www.ncbi.nlm.nih.gov/nuccore/NZ_OZ477362.1,NZ_OZ477362.1,host genome (fallback),,yes,https://www.uniprot.org/uniprotkb/A0A5Q2W660,A0A5Q2W660,specific RBP,Probable tail spike protein,PhReD,PhReD: The Phage Receptor Database (Bio-conversion Databank Foundation). https://phred.biodf.org,2026-07-10,no,,,host genome fallback: no gene symbol in receptor,,,Klebsiella pneumoniae,Klebsiella pneumoniae strain 49856 isolate 49856 chromosome 1,Klebsiella phage 117,,,,,high,medium,high
ϕVFW,yes,long non-contractile,Siphoviridae,Enterococcus faecalis,1351,Enterococcus faecalis,Gram positive,cell wall,"EF0858, integral membrane protein",Membrane Proteins,Protein,Broad,predicted-from-receptor,medium,conserved outer membrane protein receptor -> broad predicted,Duerkop et al. 2016,10.1128/mBio.01304-16, ,Yes,yes,https://www.ncbi.nlm.nih.gov/nuccore/NZ_CP191290.1,NZ_CP191290.1,host genome (fallback),,no,,,none,,PhReD,PhReD: The Phage Receptor Database (Bio-conversion Databank Foundation). https://phred.biodf.org,2026-07-10,no,,,host genome fallback: no gene symbol in receptor,phage not found in UniProt,,Enterococcus faecalis,"Enterococcus faecalis strain Efa-W4 chromosome, complete genome",,,,,,high,medium,none
PBS1,yes,contractile,Myoviridae,Bacillus subtilis,1423,Bacillus subtilis,Gram positive,flagella,flagellum,Flagella,Protein,Undetermined,insufficient-data,none,Flagella host range is context-dependent; no empirical data in source,Raimondo et al. 1968,10.1128/jvi.2.3.256-264.1968, ,Yes,yes,https://www.ncbi.nlm.nih.gov/nuccore/NZ_CP160208.1,NZ_CP160208.1,host genome (fallback),,yes,https://www.uniprot.org/uniprotkb/A0A223LC33,A0A223LC33,specific RBP,Tail fiber protein,PhReD,PhReD: The Phage Receptor Database (Bio-conversion Databank Foundation). https://phred.biodf.org,2026-07-10,no,,,host genome fallback: no gene symbol in receptor,,,Bacillus subtilis,"Bacillus subtilis strain LTH 7164 chromosome, complete genome",Bacillus phage PBS1,,,,,high,medium,high
PP35,yes,contractile,Ackermannviridae,Dickeya solani,1089444,Dickeya solani,Gram negative,cell wall,oligo polysaccharide,LPS,Glycan,Narrow,predicted-from-receptor,low,O-antigen LPS generally serotype-specific -> narrow predicted (weak),Kabanova et al. 2019,10.3389/fmicb.2018.03288, ,Yes,yes,https://www.ncbi.nlm.nih.gov/nuccore/NZ_CP136339.1,NZ_CP136339.1,host genome (fallback),,no,,,none,,PhReD,PhReD: The Phage Receptor Database (Bio-conversion Databank Foundation). https://phred.biodf.org,2026-07-10,no,,,host genome fallback: no gene symbol in receptor,phage not found in UniProt,,Dickeya solani,"Dickeya solani strain CFBP5647 chromosome, complete genome",,,,,,high,medium,none
TuIb,yes,contractile,Myoviridae,Escherichia coli ,562,Escherichia coli,Gram negative,cell wall,Protein Ib (OmpC) with LPS ,Membrane Proteins,Protein,Broad,predicted-from-receptor,medium,conserved outer membrane protein receptor -> broad predicted,Datta et al. 1977,10.1128/jb.131.3.821-829.1977, ,Yes,yes,https://www.ncbi.nlm.nih.gov/nuccore/GQ167032.1,GQ167032.1,specific gene,OmpC,no,,,none,,PhReD,PhReD: The Phage Receptor Database (Bio-conversion Databank Foundation). https://phred.biodf.org,2026-07-10,yes,low-confidence domain assignment,"multi-domain unresolved, took first-mentioned; all: LPS, Membrane Proteins",specific receptor gene OmpC,phage present in UniProt but no tail/RBP protein annotated,,Escherichia coli,"Escherichia coli strain EC-937-2/07 outer membrane protein C (ompC) gene, complete cds",,resolved,Major proteins of the Escherichia coli outer cell envelope membrane as bacteriophage receptors,corroborated,65 independent record(s) link TuIb to OmpC,low,high,none
φ13 (alternate family),yes,long non-contractile,Siphoviridae,Staphylococcus aureus,1280,Staphylococcus aureus,Gram positive,cell wall,α-GlcNAc residues of wall teichoic acid,Teichoic Acids,Glycan,Undetermined,insufficient-data,none,Teichoic Acids host range is context-dependent; no empirical data in source,Xia et al. 2011,10.1128/JB.01412-10, ,Yes,yes,https://www.ncbi.nlm.nih.gov/nuccore/NZ_CP195878.1,NZ_CP195878.1,host genome (fallback),,no,,,none,,PhReD,PhReD: The Phage Receptor Database (Bio-conversion Databank Foundation). https://phred.biodf.org,2026-07-10,no,,,host genome fallback: no gene symbol in receptor,phage not found in UniProt,,Staphylococcus aureus,"Staphylococcus aureus strain A_1d chromosome, complete genome",,,,,,high,medium,none
P1,yes,short,Podoviridae,Acinetobacter baumannii,470,Acinetobacter baumannii,Gram negative,cell wall,capsular polysaccharides,Capsular Polysaccharide,Glycan,Narrow,predicted-from-receptor,medium,capsule/K-antigen is strain/serotype specific -> narrow predicted,Oliveira et al. 2017,10.1111/1462-2920.13970, ,Yes,yes,https://www.ncbi.nlm.nih.gov/nuccore/NZ_CP156044.1,NZ_CP156044.1,host genome (fallback),,yes,https://www.uniprot.org/uniprotkb/E5Q348,E5Q348,specific RBP,Spike protein,PhReD,PhReD: The Phage Receptor Database (Bio-conversion Databank Foundation). https://phred.biodf.org,2026-07-10,yes,low-confidence UniProt assignment | ambiguous phage name across organisms,,host genome fallback: no gene symbol in receptor,"AMBIGUOUS phage name across organisms, none match host 'Acinetobacter baumannii': Alphacoronavirus Eptesicus fuscus/Appalachian Ridge/P1-265225/IT/USA/2009, Escherichia phage P1, Klebsiella phage P1, Lactobacillus phage P1, Salmonella phage fmb-p1, Xanthomonas phage FMYAK-P1",,Acinetobacter baumannii,"Acinetobacter baumannii strain D13 chromosome, complete genome",Alphacoronavirus Eptesicus fuscus/Appalachian Ridge/P1-265225/IT/USA/2009,resolved,"Ability of phages to infect
                    <i>Acinetobacter calcoaceticus‐Acinetobacter baumannii</i>
                    complex species through acquisition of different pectate lyase depolymerase domains",corroborated,664 independent record(s) link P1 to capsular polysaccharide,high,medium,low
PP7,no,"none (icosahedral, ssRNA)",Leviviridae,Pseudomonas aeruginosa,287,Pseudomonas aeruginosa,Gram negative,pili,group II type IV pili,Pili,Protein,Undetermined,insufficient-data,none,Pili host range is context-dependent; no empirical data in source,Kim et al. 2018,10.3389/fmicb.2018.00247, ,Yes,yes,https://www.ncbi.nlm.nih.gov/nuccore/NZ_OZ484744.1,NZ_OZ484744.1,host genome (fallback),,no,,,none,,PhReD,PhReD: The Phage Receptor Database (Bio-conversion Databank Foundation). https://phred.biodf.org,2026-07-10,no,,,host genome fallback: no gene symbol in receptor,phage present in UniProt but no tail/RBP protein annotated,,Pseudomonas aeruginosa,"Pseudomonas aeruginosa strain PA3 isolate PA3 chromosome 1, complete sequence",,,,,,high,medium,none
Vi Phage VII,yes,short,Podoviridae,Salmonella enterica serovar Typhi,90370,Salmonella enterica subsp. enterica serovar Typhi,Gram negative,cell wall,Vi exopolysaccharide,Capsular Polysaccharide,Glycan,Narrow,predicted-from-receptor,medium,capsule/K-antigen is strain/serotype specific -> narrow predicted,Pickard et al. 2010,10.1128/JB.00659-10, ,Yes,yes,https://www.ncbi.nlm.nih.gov/nuccore/NZ_LR590081.1,NZ_LR590081.1,host genome (fallback),,no,,,none,,PhReD,PhReD: The Phage Receptor Database (Bio-conversion Databank Foundation). https://phred.biodf.org,2026-07-10,no,,,host genome fallback: no gene symbol in receptor,phage not found in UniProt,,Salmonella enterica subsp. enterica serovar Typhi str. Ty2,Salmonella enterica subsp. enterica serovar Typhi str. Ty2 strain 4316STDY6559669 chromosome 1,,,,,,high,medium,none
S136,yes,long non-contractile,Siphoviridae,Salmonella enterica serovar Typhimurium,90371,Salmonella enterica subsp. enterica serovar Typhimurium,Gram negative,cell wall,O-antigen,LPS,Glycan,Narrow,predicted-from-receptor,medium,specific O-antigen/serotype -> narrow predicted,Gencay et al. 2019,10.1111/1462-2920.14597, ,Yes,yes,https://www.ncbi.nlm.nih.gov/nuccore/NZ_CP104816.1,NZ_CP104816.1,host genome (fallback),,no,,,none,,PhReD,PhReD: The Phage Receptor Database (Bio-conversion Databank Foundation). https://phred.biodf.org,2026-07-10,no,,,host genome fallback: no gene symbol in receptor,phage not found in UniProt,,Salmonella enterica subsp. enterica serovar Typhimurium,"Salmonella enterica subsp. enterica serovar Typhimurium strain STMC125 chromosome, complete genome",,,,,,high,medium,none
CHPC951,yes,long non-contractile,Siphoviridae,Streptococcus thermophilus,1308,Streptococcus thermophilus,Gram negative,cell wall,cell wall glycans not polysaccharides,N/A,,Undetermined,insufficient-data,none,receptor does not support a host-range prediction,Szymczak et al. 2018,10.1128/AEM.01847-18, ,Yes,yes,https://www.ncbi.nlm.nih.gov/nuccore/NZ_CP065485.1,NZ_CP065485.1,host genome (fallback),,yes,https://www.uniprot.org/uniprotkb/A0A3G8F8I3,A0A3G8F8I3,other tail protein,Tail protein,PhReD,PhReD: The Phage Receptor Database (Bio-conversion Databank Foundation). https://phred.biodf.org,2026-07-10,no,,receptor does not fit any defined domain,host genome fallback: no gene symbol in receptor,no specific RBP annotated; using another tail protein (Patrick's fallback),,Streptococcus thermophilus,"Streptococcus thermophilus strain MM20 chromosome, complete genome",Streptococcus phage CHPC951,,,,,none,medium,medium
SPN9TCW,yes,short,Podoviridae,Salmonella enterica serovar Typhimurium,90371,Salmonella enterica subsp. enterica serovar Typhimurium,Gram negative,cell wall,LPS O antigen,LPS,Glycan,Narrow,predicted-from-receptor,medium,specific O-antigen/serotype -> narrow predicted,Shin et al. 2012,10.1371/journal.pone.0043392, ,Yes,yes,https://www.ncbi.nlm.nih.gov/nuccore/NZ_CP104816.1,NZ_CP104816.1,host genome (fallback),,no,,,none,,PhReD,PhReD: The Phage Receptor Database (Bio-conversion Databank Foundation). https://phred.biodf.org,2026-07-10,no,,,host genome fallback: no gene symbol in receptor,phage not found in UniProt,,Salmonella enterica subsp. enterica serovar Typhimurium,"Salmonella enterica subsp. enterica serovar Typhimurium strain STMC125 chromosome, complete genome",,,,,,high,medium,none
A-1(L),yes,contractile,Myoviridae,Anabaena sp.,1167,Anabaena sp.,Gram negative,cell wall,O antigen of LPS,LPS,Glycan,Narrow,predicted-from-receptor,medium,specific O-antigen/serotype -> narrow predicted,Xiong et al. 2018,10.1128/JB.00516-18, ,Yes,no,,,none,,no,,,none,,PhReD,PhReD: The Phage Receptor Database (Bio-conversion Databank Foundation). https://phred.biodf.org,2026-07-10,no,,,no GenBank record found for receptor or host genome,phage present in UniProt but no tail/RBP protein annotated,,,,,resolved,"Cyanophage A-1(L) Adsorbs to Lipopolysaccharides of
            <i>Anabaena</i>
            sp. Strain PCC 7120 via the Tail Protein Lipopolysaccharide-Interacting Protein (ORF36)",corroborated,1496 independent record(s) link A-1(L) to LPS,high,none,none
mEp504,yes,long non-contractile,Siphoviridae,Escherichia coli,562,Escherichia coli,Gram negative,cell wall,FhuA,Membrane Proteins,Protein,Broad,predicted-from-receptor,medium,conserved outer membrane protein receptor -> broad predicted,Hernandez-Sanchez et al. 2008,10.1007/s00705-008-0111-0, ,Yes,yes,https://www.ncbi.nlm.nih.gov/nuccore/M12486.1,M12486.1,specific gene,FhuA,no,,,none,,PhReD,PhReD: The Phage Receptor Database (Bio-conversion Databank Foundation). https://phred.biodf.org,2026-07-10,no,,,specific receptor gene FhuA,phage not found in UniProt,,Escherichia coli,"E.coli fhuA, fhuC and fhuD genes encoding the ferrichrome-iron receptor and two ferric aerobactin and ferric coprogen transport proteins, complete cds",,,,,,high,high,none
ϕNC10,yes,short,Podoviridae,Yersinia ruckeri,29486,Yersinia ruckeri,Gram negative,cell wall,O1-LPS,LPS,Glycan,Narrow,predicted-from-receptor,low,O-antigen LPS generally serotype-specific -> narrow predicted (weak),Welch et al. 2020,10.1111/jfd.13124, ,Yes,yes,https://www.ncbi.nlm.nih.gov/nuccore/NZ_CP017236.1,NZ_CP017236.1,host genome (fallback),,no,,,none,,PhReD,PhReD: The Phage Receptor Database (Bio-conversion Databank Foundation). https://phred.biodf.org,2026-07-10,no,,,host genome fallback: no gene symbol in receptor,phage present in UniProt but no tail/RBP protein annotated,,Yersinia ruckeri,"Yersinia ruckeri strain QMA0440 isolate 14/0165-5k chromosome, complete genome",,,,,,high,medium,none
mEp064,yes,long non-contractile,Siphoviridae,Escherichia coli,562,Escherichia coli,Gram negative,cell wall,FhuA,Membrane Proteins,Protein,Broad,predicted-from-receptor,medium,conserved outer membrane protein receptor -> broad predicted,Hernandez-Sanchez et al. 2008,10.1007/s00705-008-0111-0, ,Yes,yes,https://www.ncbi.nlm.nih.gov/nuccore/M12486.1,M12486.1,specific gene,FhuA,no,,,none,,PhReD,PhReD: The Phage Receptor Database (Bio-conversion Databank Foundation). https://phred.biodf.org,2026-07-10,no,,,specific receptor gene FhuA,phage not found in UniProt,,Escherichia coli,"E.coli fhuA, fhuC and fhuD genes encoding the ferrichrome-iron receptor and two ferric aerobactin and ferric coprogen transport proteins, complete cds",,,,,,high,high,none
mEp023,yes,long non-contractile,Siphoviridae,Escherichia coli,562,Escherichia coli,Gram negative,cell wall,FhuA,Membrane Proteins,Protein,Broad,predicted-from-receptor,medium,conserved outer membrane protein receptor -> broad predicted,"Uc-Mass et al. 2004, Hernandez-Sanchez et al. 2008","10.1016/j.virol.2004.09.005 (Uc-Mass et al), 10.1007/s00705-008-0111-0 (Hernandez-Sanchez et al)", ,Yes,yes,https://www.ncbi.nlm.nih.gov/nuccore/M12486.1,M12486.1,specific gene,FhuA,no,,,none,,PhReD,PhReD: The Phage Receptor Database (Bio-conversion Databank Foundation). https://phred.biodf.org,2026-07-10,no,,,specific receptor gene FhuA,phage not found in UniProt,,Escherichia coli,"E.coli fhuA, fhuC and fhuD genes encoding the ferrichrome-iron receptor and two ferric aerobactin and ferric coprogen transport proteins, complete cds",,,,,,high,high,none
F361,yes,contractile,Myoviridae,Campylobacter jejuni,197,Campylobacter jejuni,Gram negative,cell wall,capsular polysaccharides,Capsular Polysaccharide,Glycan,Narrow,predicted-from-receptor,medium,capsule/K-antigen is strain/serotype specific -> narrow predicted,Sørensen et al. 2015,10.1371/journal.pone.0116287, ,Yes,yes,https://www.ncbi.nlm.nih.gov/nuccore/NZ_CP172364.1,NZ_CP172364.1,host genome (fallback),,no,,,none,,PhReD,PhReD: The Phage Receptor Database (Bio-conversion Databank Foundation). https://phred.biodf.org,2026-07-10,no,,,host genome fallback: no gene symbol in receptor,phage not found in UniProt,,Campylobacter jejuni,"Campylobacter jejuni strain YH021 chromosome, complete genome",,,,,,high,medium,none
φL7,yes,long non-contractile,Siphoviridae,Xanthomonas campestris pv. campestris,340,Xanthomonas campestris pv. campestris,Gram negative,cell wall,LPS,LPS,Glycan,Narrow,predicted-from-receptor,low,O-antigen LPS generally serotype-specific -> narrow predicted (weak),Hung et al. 2002,10.1006/bbrc.2002.6440, ,Yes,yes,https://www.ncbi.nlm.nih.gov/nuccore/NZ_CP124745.1,NZ_CP124745.1,host genome (fallback),,no,,,none,,PhReD,PhReD: The Phage Receptor Database (Bio-conversion Databank Foundation). https://phred.biodf.org,2026-07-10,no,,,host genome fallback: no gene symbol in receptor,phage present in UniProt but no tail/RBP protein annotated,,Xanthomonas campestris pv. campestris,"Xanthomonas campestris pv. campestris strain CFBP 9145 chromosome, complete genome",,,,,,high,medium,none
Ox2,yes,contractile,Myoviridae,Escherichia coli,562,Escherichia coli,Gram negative,cell wall,Protein OmpA,Membrane Proteins,Protein,Broad,predicted-from-receptor,medium,conserved outer membrane protein receptor -> broad predicted,Morona and Henning 1984,10.1128/jb.159.2.579-582.1984, ,Yes,yes,https://www.ncbi.nlm.nih.gov/nuccore/EU183344.1,EU183344.1,specific gene,OmpA,yes,https://www.uniprot.org/uniprotkb/P08232,P08232,specific RBP,Long tail fiber protein Gp37,PhReD,PhReD: The Phage Receptor Database (Bio-conversion Databank Foundation). https://phred.biodf.org,2026-07-10,no,,,specific receptor gene OmpA,,,Escherichia coli,"Escherichia coli strain SYW048 outer membrane protein A (ompA) gene, ompA-2 allele, partial cds",Enterobacteria phage Ox2,,,,,high,high,high
PST,yes,contractile,Myoviridae,Yersinia pestis,632,Yersinia pestis,Gram negative,cell wall,HepII/HepIII residues of LPS,LPS,Glycan,Narrow,predicted-from-receptor,low,O-antigen LPS generally serotype-specific -> narrow predicted (weak),Filippov et al. 2011,10.1371/journal.pone.0025486, ,Yes,yes,https://www.ncbi.nlm.nih.gov/nuccore/NZ_CP033699.1,NZ_CP033699.1,host genome (fallback),,yes,https://www.uniprot.org/uniprotkb/S5M9K9,S5M9K9,specific RBP,Long tail fiber protein Gp37,PhReD,PhReD: The Phage Receptor Database (Bio-conversion Databank Foundation). https://phred.biodf.org,2026-07-10,no,,,host genome fallback: no gene symbol in receptor,name collision resolved by host; other candidates: Enterobacteria phage PST,,Yersinia pestis,"Yersinia pestis strain FDAARGOS_601 chromosome, complete genome",Yersinia phage PST,,,,,high,medium,high
TP446,yes,contractile,Myoviridae,Aeromonas salmonicida,645,Aeromonas salmonicida,Gram negative,cell wall,A layer,N/A,,Undetermined,insufficient-data,none,receptor does not support a host-range prediction,Ishiguro et al. 1984,10.1007/bf01627255, ,Yes,yes,https://www.ncbi.nlm.nih.gov/nuccore/NZ_CP101948.1,NZ_CP101948.1,host genome (fallback),,no,,,none,,PhReD,PhReD: The Phage Receptor Database (Bio-conversion Databank Foundation). https://phred.biodf.org,2026-07-10,no,,receptor does not fit any defined domain,host genome fallback: no gene symbol in receptor,phage not found in UniProt,,Aeromonas salmonicida,"Aeromonas salmonicida strain FN1 chromosome, complete genome",,,,,,none,medium,none
D4410,yes,long non-contractile,Siphoviridae,Lactococcus lactis,1358,Lactococcus lactis,Gram positive,cell wall,YjaE,N/A,,Undetermined,insufficient-data,none,receptor does not support a host-range prediction,Millen et al. 2016,10.1099/jgv.0.000499, ,Yes,yes,https://www.ncbi.nlm.nih.gov/nuccore/NZ_CP184687.1,NZ_CP184687.1,host genome (fallback),,yes,https://www.uniprot.org/uniprotkb/A0A192YAG4,A0A192YAG4,specific RBP,Tail fibers protein,PhReD,PhReD: The Phage Receptor Database (Bio-conversion Databank Foundation). https://phred.biodf.org,2026-07-10,no,,receptor does not fit any defined domain,host genome fallback: gene(s) YjaE not found,,,Lactococcus lactis,Lactococcus lactis strain L81 chromosome,Lactococcus phage D4410,,,,,none,medium,high
S13',yes,short,Podoviridae,Staphylococcus aureus,1280,Staphylococcus aureus,Gram positive,cell wall,β-O-N-acetylglucosamine of wall teichoic acids,Teichoic Acids,Glycan,Undetermined,insufficient-data,none,Teichoic Acids host range is context-dependent; no empirical data in source,Uchiyama et al. 2017,10.1099/jgv.0.000865, ,Yes,yes,https://www.ncbi.nlm.nih.gov/nuccore/NZ_CP195878.1,NZ_CP195878.1,host genome (fallback),,no,,,none,,PhReD,PhReD: The Phage Receptor Database (Bio-conversion Databank Foundation). https://phred.biodf.org,2026-07-10,no,,,host genome fallback: no gene symbol in receptor,phage present in UniProt but no tail/RBP protein annotated,,Staphylococcus aureus,"Staphylococcus aureus strain A_1d chromosome, complete genome",,,,,,high,medium,none
mEp145,yes,long non-contractile,Siphoviridae,Escherichia coli,562,Escherichia coli,Gram negative,cell wall,FhuA,Membrane Proteins,Protein,Broad,predicted-from-receptor,medium,conserved outer membrane protein receptor -> broad predicted,Hernandez-Sanchez et al. 2008,10.1007/s00705-008-0111-0, ,Yes,yes,https://www.ncbi.nlm.nih.gov/nuccore/M12486.1,M12486.1,specific gene,FhuA,no,,,none,,PhReD,PhReD: The Phage Receptor Database (Bio-conversion Databank Foundation). https://phred.biodf.org,2026-07-10,no,,,specific receptor gene FhuA,phage not found in UniProt,,Escherichia coli,"E.coli fhuA, fhuC and fhuD genes encoding the ferrichrome-iron receptor and two ferric aerobactin and ferric coprogen transport proteins, complete cds",,,,,,high,high,none
LL-H,yes,long non-contractile,Siphoviridae,Lactobacillus delbrueckii,1584,Lactobacillus delbrueckii,Gram positive,cell wall,Glucose moiety of LTA for reversible adsorption and negatively charged glycerol phosphate group of the LTA for irreversible binding,Teichoic Acids,Glycan,Undetermined,insufficient-data,none,Teichoic Acids host range is context-dependent; no empirical data in source,Munsch-Alatossava and Alatossava 2013,10.3389/fmicb.2013.00408, ,Yes,yes,https://www.ncbi.nlm.nih.gov/nuccore/NZ_CP018215.1,NZ_CP018215.1,host genome (fallback),,no,,,none,,PhReD,PhReD: The Phage Receptor Database (Bio-conversion Databank Foundation). https://phred.biodf.org,2026-07-10,yes,receptor text does not support domain 'Teichoic Acids',,host genome fallback: no gene symbol in receptor,phage present in UniProt but no tail/RBP protein annotated,,Lactobacillus delbrueckii subsp. lactis,"Lactobacillus delbrueckii subsp. lactis strain KCCM 34717 chromosome, complete genome",,resolved,The extracellular phage-host interactions involved in the bacteriophage LL-H infection of Lactobacillus delbrueckii ssp. lactis ATCC 15808,corroborated,24 independent record(s) link LL-H to Teichoic Acids,high,medium,none
Pokrovskaya YepE2,yes,short,Podoviridae,Yersinia pestis,632,Yersinia pestis,Gram negative,cell wall,HepII/HepIII residues of LPS,LPS,Glycan,Narrow,predicted-from-receptor,low,O-antigen LPS generally serotype-specific -> narrow predicted (weak),Filippov et al. 2011,10.1371/journal.pone.0025486, ,Yes,yes,https://www.ncbi.nlm.nih.gov/nuccore/NZ_CP033699.1,NZ_CP033699.1,host genome (fallback),,no,,,none,,PhReD,PhReD: The Phage Receptor Database (Bio-conversion Databank Foundation). https://phred.biodf.org,2026-07-10,no,,,host genome fallback: no gene symbol in receptor,phage not found in UniProt,,Yersinia pestis,"Yersinia pestis strain FDAARGOS_601 chromosome, complete genome",,,,,,high,medium,none
AXL3,yes,long non-contractile,Siphoviridae,Stenotrophomonas maltophilia,40324,Stenotrophomonas maltophilia,Gram negative,pilus,type IV pili,Pili,Protein,Undetermined,insufficient-data,none,Pili host range is context-dependent; no empirical data in source,McCutcheon et al. 2020,10.3390/ijms21176338, ,Yes,yes,https://www.ncbi.nlm.nih.gov/nuccore/NZ_CP031058.1,NZ_CP031058.1,host genome (fallback),,no,,,none,,PhReD,PhReD: The Phage Receptor Database (Bio-conversion Databank Foundation). https://phred.biodf.org,2026-07-10,no,,,host genome fallback: no gene symbol in receptor,phage present in UniProt but no tail/RBP protein annotated,,Stenotrophomonas maltophilia,"Stenotrophomonas maltophilia strain SM 866 chromosome, complete genome",,,,,,high,medium,none
mEp237,yes,long non-contractile,Siphoviridae,Escherichia coli,562,Escherichia coli,Gram negative,cell wall,FhuA,Membrane Proteins,Protein,Broad,predicted-from-receptor,medium,conserved outer membrane protein receptor -> broad predicted,"Uc-Mass et al. 2004, Hernandez-Sanchez et al. 2008","10.1016/j.virol.2004.09.005 (Uc-Mass et al), 10.1007/s00705-008-0111-0 (Hernandez-Sanchez et al)", ,Yes,yes,https://www.ncbi.nlm.nih.gov/nuccore/M12486.1,M12486.1,specific gene,FhuA,no,,,none,,PhReD,PhReD: The Phage Receptor Database (Bio-conversion Databank Foundation). https://phred.biodf.org,2026-07-10,no,,,specific receptor gene FhuA,phage not found in UniProt,,Escherichia coli,"E.coli fhuA, fhuC and fhuD genes encoding the ferrichrome-iron receptor and two ferric aerobactin and ferric coprogen transport proteins, complete cds",,,,,,high,high,none
DMS3,yes,long non-contractile,Siphoviridae,Pseudomonas aeruginosa,287,Pseudomonas aeruginosa,Gram negative,pili,type IV pili,Pili,Protein,Undetermined,insufficient-data,none,Pili host range is context-dependent; no empirical data in source,Budzik et al. 2004,10.1128/JB.186.10.3270–3273.2004, ,Yes,yes,https://www.ncbi.nlm.nih.gov/nuccore/NZ_OZ484744.1,NZ_OZ484744.1,host genome (fallback),,yes,https://www.uniprot.org/uniprotkb/A0SMQ1,A0SMQ1,"tail protein (internal, low value)",Putative tail length tape measure protein,PhReD,PhReD: The Phage Receptor Database (Bio-conversion Databank Foundation). https://phred.biodf.org,2026-07-10,yes,low-confidence UniProt assignment,,host genome fallback: no gene symbol in receptor,"only internal tail machinery annotated; not host-binding, needs review",,Pseudomonas aeruginosa,"Pseudomonas aeruginosa strain PA3 isolate PA3 chromosome 1, complete sequence",Pseudomonas phage DMS3,resolved,"Isolation and Characterization of a Generalized Transducing Phage for
            <i>Pseudomonas aeruginosa</i>
            Strains PAO1 and PA14",corroborated,55 independent record(s) link DMS3 to pili,high,medium,low
φSa2m,yes,long non-contractile,Siphoviridae,Staphylococcus aureus,1280,Staphylococcus aureus,Gram positive,cell wall,N-acetylglucosamine (GlcNAc) glycoepitope on wall teichoic acid (WTA),Teichoic Acids,Glycan,Undetermined,insufficient-data,none,Teichoic Acids host range is context-dependent; no empirical data in source,Xia et al. 2011,10.1128/JB.01412-10, ,Yes,yes,https://www.ncbi.nlm.nih.gov/nuccore/NZ_CP195878.1,NZ_CP195878.1,host genome (fallback),,no,,,none,,PhReD,PhReD: The Phage Receptor Database (Bio-conversion Databank Foundation). https://phred.biodf.org,2026-07-10,no,,,host genome fallback: no gene symbol in receptor,phage not found in UniProt,,Staphylococcus aureus,"Staphylococcus aureus strain A_1d chromosome, complete genome",,,,,,high,medium,none
434,yes,long non-contractile,Siphoviridae,Escherichia coli,562,Escherichia coli,Gram negative,cell wall,Protein Ib (OmpC),Membrane Proteins,Protein,Broad,predicted-from-receptor,medium,conserved outer membrane protein receptor -> broad predicted,Hantke 1978,10.1007/bf00267377, ,Yes,yes,https://www.ncbi.nlm.nih.gov/nuccore/GQ167032.1,GQ167032.1,specific gene,OmpC,no,,,none,,PhReD,PhReD: The Phage Receptor Database (Bio-conversion Databank Foundation). https://phred.biodf.org,2026-07-10,no,,,specific receptor gene OmpC,phage present in UniProt but no tail/RBP protein annotated,,Escherichia coli,"Escherichia coli strain EC-937-2/07 outer membrane protein C (ompC) gene, complete cds",,,,,,high,high,none
AS12,yes,short,Podoviridae,Acinetobacter baumannii,470,Acinetobacter baumannii,Gram negative,cell wall,capsular polysaccharides,Capsular Polysaccharide,Glycan,Narrow,predicted-from-receptor,medium,capsule/K-antigen is strain/serotype specific -> narrow predicted,Popova et al. 2017,10.3390/v9070188, ,Yes,yes,https://www.ncbi.nlm.nih.gov/nuccore/NZ_CP156044.1,NZ_CP156044.1,host genome (fallback),,no,,,none,,PhReD,PhReD: The Phage Receptor Database (Bio-conversion Databank Foundation). https://phred.biodf.org,2026-07-10,no,,,host genome fallback: no gene symbol in receptor,phage present in UniProt but no tail/RBP protein annotated,,Acinetobacter baumannii,"Acinetobacter baumannii strain D13 chromosome, complete genome",,,,,,high,medium,none
CHPC971,yes,long non-contractile,Siphoviridae,Lactococcus lactis,1358,Lactococcus lactis,Gram positive,cell wall,"cell wall polysaccharides, rhamnose moities",N/A,,Undetermined,insufficient-data,none,receptor does not support a host-range prediction,Marcelli et al. 2019,10.1128/AEM.01224-19, ,Yes,yes,https://www.ncbi.nlm.nih.gov/nuccore/NZ_CP184687.1,NZ_CP184687.1,host genome (fallback),,yes,https://www.uniprot.org/uniprotkb/A0A4Y5N1A4,A0A4Y5N1A4,specific RBP,Tail fibers protein,PhReD,PhReD: The Phage Receptor Database (Bio-conversion Databank Foundation). https://phred.biodf.org,2026-07-10,no,,receptor does not fit any defined domain,host genome fallback: no gene symbol in receptor,,,Lactococcus lactis,Lactococcus lactis strain L81 chromosome,Lactococcus phage CHPC971,,,,,none,medium,high
phi-Axp-2,yes,long non-contractile,Siphoviridae,Achromobacter xylosoxidans,85698,Achromobacter xylosoxidans,Gram negative,cell wall,LPS,LPS,Glycan,Narrow,predicted-from-receptor,low,O-antigen LPS generally serotype-specific -> narrow predicted (weak),Li et al. 2016 B,10.1038/srep34300, ,Yes,yes,https://www.ncbi.nlm.nih.gov/nuccore/NZ_AP028040.1,NZ_AP028040.1,host genome (fallback),,no,,,none,,PhReD,PhReD: The Phage Receptor Database (Bio-conversion Databank Foundation). https://phred.biodf.org,2026-07-10,no,,,host genome fallback: no gene symbol in receptor,phage not found in UniProt,,Achromobacter xylosoxidans,"Achromobacter xylosoxidans strain H1_3_1 chromosome, complete genome",,,,,,high,medium,none
mEp534,yes,long non-contractile,Siphoviridae,Escherichia coli,562,Escherichia coli,Gram negative,cell wall,FhuA,Membrane Proteins,Protein,Broad,predicted-from-receptor,medium,conserved outer membrane protein receptor -> broad predicted,Hernandez-Sanchez et al. 2008,10.1007/s00705-008-0111-0, ,Yes,yes,https://www.ncbi.nlm.nih.gov/nuccore/M12486.1,M12486.1,specific gene,FhuA,no,,,none,,PhReD,PhReD: The Phage Receptor Database (Bio-conversion Databank Foundation). https://phred.biodf.org,2026-07-10,no,,,specific receptor gene FhuA,phage not found in UniProt,,Escherichia coli,"E.coli fhuA, fhuC and fhuD genes encoding the ferrichrome-iron receptor and two ferric aerobactin and ferric coprogen transport proteins, complete cds",,,,,,high,high,none
S119,yes,long non-contractile,Siphoviridae,Salmonella enterica serovar Typhimurium,90371,Salmonella enterica subsp. enterica serovar Typhimurium,Gram negative,cell wall,O-antigen,LPS,Glycan,Narrow,predicted-from-receptor,medium,specific O-antigen/serotype -> narrow predicted,Gencay et al. 2019,10.1111/1462-2920.14597, ,Yes,yes,https://www.ncbi.nlm.nih.gov/nuccore/NZ_CP104816.1,NZ_CP104816.1,host genome (fallback),,no,,,none,,PhReD,PhReD: The Phage Receptor Database (Bio-conversion Databank Foundation). https://phred.biodf.org,2026-07-10,no,,,host genome fallback: no gene symbol in receptor,phage not found in UniProt,,Salmonella enterica subsp. enterica serovar Typhimurium,"Salmonella enterica subsp. enterica serovar Typhimurium strain STMC125 chromosome, complete genome",,,,,,high,medium,none
16-3,yes,long non-contractile,Siphoviridae,Sinorhizobium meliloti,382,Sinorhizobium meliloti,Gram negative,cell wall,"KR5 polysaccharide, RkpM and RkpY secondary receptor",N/A,,Undetermined,insufficient-data,none,receptor does not support a host-range prediction,Deak et al. 2010,10.1128/JB.01335-09, ,Yes,yes,https://www.ncbi.nlm.nih.gov/nuccore/AJ249130.1,AJ249130.1,specific gene,RkpY,no,,,none,,PhReD,PhReD: The Phage Receptor Database (Bio-conversion Databank Foundation). https://phred.biodf.org,2026-07-10,no,,receptor does not fit any defined domain,specific receptor gene RkpY,phage present in UniProt but no tail/RBP protein annotated,,Sinorhizobium meliloti,Rhizobium meliloti rkpY gene and partial ORF1 (partial) for putative protein kinase,,,,,,none,high,none
φYeO3-12,yes,short,Podoviridae,Yersinia enterocolitica,630,Yersinia enterocolitica,Gram negative,cell wall,6-deoxy-L-altropyranose of O-antigen in LPS,LPS,Glycan,Narrow,predicted-from-receptor,medium,specific O-antigen/serotype -> narrow predicted,Pajunen et al. 2000,10.1128/jb.182.18.5114-5120.2000, ,Yes,yes,https://www.ncbi.nlm.nih.gov/nuccore/NZ_CP139458.1,NZ_CP139458.1,host genome (fallback),,yes,https://www.uniprot.org/uniprotkb/Q9T0Z9,Q9T0Z9,specific RBP,Tail fiber protein,PhReD,PhReD: The Phage Receptor Database (Bio-conversion Databank Foundation). https://phred.biodf.org,2026-07-10,no,,,host genome fallback: no gene symbol in receptor,,,Yersinia enterocolitica,"Yersinia enterocolitica strain Y40 chromosome, complete genome",Yersinia phage phiYeO3-12,,,,,high,medium,high
IME347,yes,long non-contractile,Siphoviridae,Escherichia coli,562,Escherichia coli,Gram negative,cell wall,YncD outer membrane protein,Membrane Proteins,Protein,Broad,predicted-from-receptor,medium,conserved outer membrane protein receptor -> broad predicted,Li et al. 2018,10.1002/jobm.201800271, ,Yes,yes,https://www.ncbi.nlm.nih.gov/nuccore/NZ_CP187781.1,NZ_CP187781.1,host genome (fallback),,no,,,none,,PhReD,PhReD: The Phage Receptor Database (Bio-conversion Databank Foundation). https://phred.biodf.org,2026-07-10,no,,,host genome fallback: gene(s) YncD not found,phage present in UniProt but no tail/RBP protein annotated,,Escherichia coli,"Escherichia coli strain 097H6 chromosome, complete genome",,,,,,high,medium,none
F347,yes,contractile,Myoviridae,Campylobacter jejuni,197,Campylobacter jejuni,Gram negative,cell wall,capsular polysaccharides,Capsular Polysaccharide,Glycan,Narrow,predicted-from-receptor,medium,capsule/K-antigen is strain/serotype specific -> narrow predicted,Sørensen et al. 2015,10.1371/journal.pone.0116287, ,Yes,yes,https://www.ncbi.nlm.nih.gov/nuccore/NZ_CP172364.1,NZ_CP172364.1,host genome (fallback),,no,,,none,,PhReD,PhReD: The Phage Receptor Database (Bio-conversion Databank Foundation). https://phred.biodf.org,2026-07-10,no,,,host genome fallback: no gene symbol in receptor,phage not found in UniProt,,Campylobacter jejuni,"Campylobacter jejuni strain YH021 chromosome, complete genome",,resolved,Primary Isolation Strain Determines Both Phage Type and Receptors Recognised by Campylobacter jejuni Bacteriophages,corroborated,3 independent record(s) link F347 to capsular polysaccharide,high,medium,none
S147,yes,long non-contractile,Siphoviridae,Salmonella enterica serovar Typhimurium,90371,Salmonella enterica subsp. enterica serovar Typhimurium,Gram negative,cell wall,"BtuB, vitamin B12 membrane transporter",Membrane Proteins,Protein,Broad,predicted-from-receptor,medium,conserved outer membrane protein receptor -> broad predicted,Gencay et al. 2019,10.1111/1462-2920.14597, ,Yes,yes,https://www.ncbi.nlm.nih.gov/nuccore/M89481.1,M89481.1,specific gene,BtuB,yes,https://www.uniprot.org/uniprotkb/A0A2Z5HQS8,A0A2Z5HQS8,specific RBP,Receptor binding protein,PhReD,PhReD: The Phage Receptor Database (Bio-conversion Databank Foundation). https://phred.biodf.org,2026-07-10,no,,,specific receptor gene BtuB,,,Salmonella enterica subsp. enterica serovar Typhimurium,"Salmonella typhimurium vitamin B12 transport protein (btuB) gene, complete cds",Salmonella phage S147,,,,,high,high,high
fRuSau02,yes,contractile,Myoviridae,Staphylococcus aureus,1280,Staphylococcus aureus,Gram positive,cell wall,wall teichoic acid,Teichoic Acids,Glycan,Undetermined,insufficient-data,none,Teichoic Acids host range is context-dependent; no empirical data in source,Leskinen et al. 2017,10.3390/v9090258, ,Yes,yes,https://www.ncbi.nlm.nih.gov/nuccore/NZ_CP195878.1,NZ_CP195878.1,host genome (fallback),,no,,,none,,PhReD,PhReD: The Phage Receptor Database (Bio-conversion Databank Foundation). https://phred.biodf.org,2026-07-10,no,,,host genome fallback: no gene symbol in receptor,phage not found in UniProt,,Staphylococcus aureus,"Staphylococcus aureus strain A_1d chromosome, complete genome",,,,,,high,medium,none
