phage,tailed,tail_morphology,family,main_host,host_taxid,host_canonical_name,gram_stain,receptor_location,host_receptor,receptor_domain,domain_class,host_range,host_range_basis,host_range_confidence,host_range_note,reference,doi,comments,verified,has_genbank,genbank_link,genbank_accession,genbank_tier,genbank_gene,has_uniprot,uniprot_link,uniprot_accession,uniprot_tier,uniprot_protein,source,source_citation,date_retrieved,needs_review,review_reasons,domain_confidence,genbank_confidence,uniprot_confidence
K8,True,contractile,Myoviridae,Pseudomonas aeruginosa,287,Pseudomonas aeruginosa,Gram negative,cell wall,O specific antigen of LPS,LPS,Glycan,Narrow,predicted-from-receptor,medium,specific O-antigen/serotype -> narrow predicted,Pan et al. 2016,10.3389/fmicb.2016.00252, ,True,True,https://www.ncbi.nlm.nih.gov/nuccore/NZ_OZ484744.1,NZ_OZ484744.1,host genome (fallback),,False,,,none,,PhReD,PhReD: The Phage Receptor Database (Bio-conversion Databank Foundation). https://phred.biodf.org,2026-07-10,False,,high,medium,none
F348,True,contractile,Myoviridae,Campylobacter jejuni,197,Campylobacter jejuni,Gram negative,cell wall,capsular polysaccharides,Capsular Polysaccharide,Glycan,Narrow,predicted-from-receptor,medium,capsule/K-antigen is strain/serotype specific -> narrow predicted,Sørensen et al. 2015,10.1371/journal.pone.0116287, ,True,True,https://www.ncbi.nlm.nih.gov/nuccore/NZ_CP172364.1,NZ_CP172364.1,host genome (fallback),,False,,,none,,PhReD,PhReD: The Phage Receptor Database (Bio-conversion Databank Foundation). https://phred.biodf.org,2026-07-10,False,,high,medium,none
PRD1,False,"none (icosahedral, internal membrane)",Tectiviridae,Escherichia coli,562,Escherichia coli,Gram negative,pili,RP4 plasmid (IncP) encoded Mpf system (pili),Pili,Protein,Undetermined,insufficient-data,none,Pili host range is context-dependent; no empirical data in source,Daugelavičius et al. 1997,10.1128/jb.179.16.5195-5202.1997, ,True,True,https://www.ncbi.nlm.nih.gov/nuccore/NZ_CP187781.1,NZ_CP187781.1,host genome (fallback),,True,https://www.uniprot.org/uniprotkb/P22536,P22536,specific RBP,Spike protein P5,PhReD,PhReD: The Phage Receptor Database (Bio-conversion Databank Foundation). https://phred.biodf.org,2026-07-10,False,,high,medium,high
PM2 (alternate family),False,"none (icosahedral, internal membrane)",Corticoviridae,Pseudoalteromonas sp.,53249,Pseudoalteromonas sp.,Gram negative,cell wall,Sugar moieties on the cell surface,N/A,,Undetermined,insufficient-data,none,receptor does not support a host-range prediction,Kivela et al. 2008,10.1128/JB.01639-07, ,True,False,,,none,,False,,,none,,PhReD,PhReD: The Phage Receptor Database (Bio-conversion Databank Foundation). https://phred.biodf.org,2026-07-10,False,,none,none,none
SPN3C,True,long non-contractile,Siphoviridae,Salmonella enterica serovar Typhimurium,90371,Salmonella enterica subsp. enterica serovar Typhimurium,Gram negative,flagella,FliC,Flagella,Protein,Undetermined,insufficient-data,none,Flagella host range is context-dependent; no empirical data in source,Shin et al. 2012,10.1371/journal.pone.0043392, ,True,True,https://www.ncbi.nlm.nih.gov/nuccore/JN587177.1,JN587177.1,specific gene,FliC,False,,,none,,PhReD,PhReD: The Phage Receptor Database (Bio-conversion Databank Foundation). https://phred.biodf.org,2026-07-10,False,,high,high,none
φAB6,True,short,Podoviridae,Acinetobacter baumannii,470,Acinetobacter baumannii,Gram negative,cell wall,exopolysaccharides,Capsular Polysaccharide,Glycan,Narrow,predicted-from-receptor,medium,capsule/K-antigen is strain/serotype specific -> narrow predicted,Lai et al. 2016,10.1371/journal.pone.0153361, ,True,True,https://www.ncbi.nlm.nih.gov/nuccore/NZ_CP156044.1,NZ_CP156044.1,host genome (fallback),,True,https://www.uniprot.org/uniprotkb/A0A159BDB5,A0A159BDB5,specific RBP,Tail fiber,PhReD,PhReD: The Phage Receptor Database (Bio-conversion Databank Foundation). https://phred.biodf.org,2026-07-10,False,,high,medium,high
Ω8,True,short,Podoviridae,Escherichia coli,562,Escherichia coli,Gram negative,cell wall,O-antigen of LPS,LPS,Glycan,Narrow,predicted-from-receptor,medium,specific O-antigen/serotype -> narrow predicted,Jann et al. 1971,10.1099/00221287-67-3-289, ,True,True,https://www.ncbi.nlm.nih.gov/nuccore/NZ_CP187781.1,NZ_CP187781.1,host genome (fallback),,True,https://www.uniprot.org/uniprotkb/L7X6K9,L7X6K9,specific RBP,Spike protein,PhReD,PhReD: The Phage Receptor Database (Bio-conversion Databank Foundation). https://phred.biodf.org,2026-07-10,True,low-confidence UniProt assignment | ambiguous phage name across organisms,high,medium,low
AM24,True,contractile,Myoviridae,Acinetobacter baumannii,470,Acinetobacter baumannii,Gram negative,cell wall,capsular polysaccharides,Capsular Polysaccharide,Glycan,Narrow,predicted-from-receptor,medium,capsule/K-antigen is strain/serotype specific -> narrow predicted,Popova et al. 2019,10.1007/s00705-019-04208-x, ,True,True,https://www.ncbi.nlm.nih.gov/nuccore/NZ_CP156044.1,NZ_CP156044.1,host genome (fallback),,False,,,none,,PhReD,PhReD: The Phage Receptor Database (Bio-conversion Databank Foundation). https://phred.biodf.org,2026-07-10,False,,high,medium,none
φSa012,True,contractile,Myoviridae,Staphylococcus aureus,1280,Staphylococcus aureus,Gram positive,cell wall,α-GlcNAc on wall teichoic acids,Teichoic Acids,Glycan,Undetermined,insufficient-data,none,Teichoic Acids host range is context-dependent; no empirical data in source,Takeuchi et al. 2016,10.1128/AEM.01385-16, ,True,True,https://www.ncbi.nlm.nih.gov/nuccore/NZ_CP195878.1,NZ_CP195878.1,host genome (fallback),,False,,,none,,PhReD,PhReD: The Phage Receptor Database (Bio-conversion Databank Foundation). https://phred.biodf.org,2026-07-10,False,,high,medium,none
S135,True,long non-contractile,Siphoviridae,Salmonella enterica serovar Typhimurium,90371,Salmonella enterica subsp. enterica serovar Typhimurium,Gram negative,cell wall,O-antigen,LPS,Glycan,Narrow,predicted-from-receptor,medium,specific O-antigen/serotype -> narrow predicted,Gencay et al. 2019,10.1111/1462-2920.14597, ,True,True,https://www.ncbi.nlm.nih.gov/nuccore/NZ_CP104816.1,NZ_CP104816.1,host genome (fallback),,False,,,none,,PhReD,PhReD: The Phage Receptor Database (Bio-conversion Databank Foundation). https://phred.biodf.org,2026-07-10,False,,high,medium,none
φ44AHJD,True,short,Podoviridae,Staphylococcus aureus,1280,Staphylococcus aureus,Gram positive,cell wall,β-O-GlcNAc modified wall teichoic acid,Teichoic Acids,Glycan,Undetermined,insufficient-data,none,Teichoic Acids host range is context-dependent; no empirical data in source,Li et al. 2015,10.1038/srep17219, ,True,True,https://www.ncbi.nlm.nih.gov/nuccore/NZ_CP195878.1,NZ_CP195878.1,host genome (fallback),,True,https://www.uniprot.org/uniprotkb/Q859L1,Q859L1,other tail protein,Tail protein,PhReD,PhReD: The Phage Receptor Database (Bio-conversion Databank Foundation). https://phred.biodf.org,2026-07-10,False,,high,medium,medium
AR1,True,contractile,Myoviridae,Escherichia coli,562,Escherichia coli,Gram negative,cell wall,Protein OmpC from serotype O157:H7,Membrane Proteins,Protein,Broad,predicted-from-receptor,medium,conserved outer membrane protein receptor -> broad predicted,Yu et al. 2000,10.1128/jb.182.21.5962-5968.2000, ,True,True,https://www.ncbi.nlm.nih.gov/nuccore/GQ167032.1,GQ167032.1,specific gene,OmpC,True,https://www.uniprot.org/uniprotkb/Q9G0B5,Q9G0B5,specific RBP,Long tail fiber protein Gp37,PhReD,PhReD: The Phage Receptor Database (Bio-conversion Databank Foundation). https://phred.biodf.org,2026-07-10,False,,high,high,high
fPS-10,True,short,Podoviridae,Yersinia enterocolitica,630,Yersinia enterocolitica,Gram negative,cell wall,LPS O antigen,LPS,Glycan,Narrow,predicted-from-receptor,medium,specific O-antigen/serotype -> narrow predicted,Salem et al. 2018,10.3390/v10040174, ,True,True,https://www.ncbi.nlm.nih.gov/nuccore/NZ_CP139458.1,NZ_CP139458.1,host genome (fallback),,False,,,none,,PhReD,PhReD: The Phage Receptor Database (Bio-conversion Databank Foundation). https://phred.biodf.org,2026-07-10,False,,high,medium,none
M5940,True,long non-contractile,Siphoviridae,Lactococcus lactis,1358,Lactococcus lactis,Gram positive,cell wall,Pip,Membrane Proteins,Protein,Broad,predicted-from-receptor,medium,conserved outer membrane protein receptor -> broad predicted,Millen et al. 2018,10.1099/jgv.0.000499, ,True,True,https://www.ncbi.nlm.nih.gov/nuccore/NZ_CP184687.1,NZ_CP184687.1,host genome (fallback),,False,,,none,,PhReD,PhReD: The Phage Receptor Database (Bio-conversion Databank Foundation). https://phred.biodf.org,2026-07-10,True,receptor text does not support domain 'Membrane Proteins',high,medium,none
CTXφ,False,none (filamentous),Inoviridae,Vibrio cholerae,666,Vibrio cholerae,Gram negative,"pilus, cell wall",toxin coregulated pilus directs phage to TolQRA at outer membrane,Pili,Protein,Undetermined,insufficient-data,none,Pili host range is context-dependent; no empirical data in source,"Heilpern and Waldor 2000, Waldor and Mekalanos 1996","10.1128/jb.182.6.1739-1747.2000 (Heilpern and Waldor), 10.1126/science.272.5270.1910 (Waldor and Mekalanos)", ,True,True,https://www.ncbi.nlm.nih.gov/nuccore/NZ_CP191367.1,NZ_CP191367.1,host genome (fallback),,True,https://www.uniprot.org/uniprotkb/Q9G0B2,Q9G0B2,specific RBP,OrfU receptor-binding protein,PhReD,PhReD: The Phage Receptor Database (Bio-conversion Databank Foundation). https://phred.biodf.org,2026-07-10,True,low-confidence domain assignment,low,medium,high
iEPS5,True,long non-contractile,Siphoviridae,Salmonella enterica serovar Typhimurium,90371,Salmonella enterica subsp. enterica serovar Typhimurium,Gram negative,flagella,counter clockwise rotation of flagella,Flagella,Protein,Undetermined,insufficient-data,none,Flagella host range is context-dependent; no empirical data in source,Choi et al. 2013,10.1128/AEM.00706-13, ,True,True,https://www.ncbi.nlm.nih.gov/nuccore/NZ_CP104816.1,NZ_CP104816.1,host genome (fallback),,True,https://www.uniprot.org/uniprotkb/R9XKT8,R9XKT8,specific RBP,Tail fiber protein,PhReD,PhReD: The Phage Receptor Database (Bio-conversion Databank Foundation). https://phred.biodf.org,2026-07-10,False,,high,medium,high
mEp450,True,long non-contractile,Siphoviridae,Escherichia coli,562,Escherichia coli,Gram negative,cell wall,FhuA,Membrane Proteins,Protein,Broad,predicted-from-receptor,medium,conserved outer membrane protein receptor -> broad predicted,Hernandez-Sanchez et al. 2008,10.1007/s00705-008-0111-0, ,True,True,https://www.ncbi.nlm.nih.gov/nuccore/M12486.1,M12486.1,specific gene,FhuA,False,,,none,,PhReD,PhReD: The Phage Receptor Database (Bio-conversion Databank Foundation). https://phred.biodf.org,2026-07-10,False,,high,high,none
BAM35,False,"none (icosahedral, internal membrane)",Tectiviridae,Bacillus thuringiensis,1428,Bacillus thuringiensis,Gram positive,cell wall,N-Acetyl-muramic acid of peptidoglycan,N/A,,Undetermined,insufficient-data,none,receptor does not support a host-range prediction,Gaidelyte et al. 2006,10.1128/JB.00107-06, ,True,True,https://www.ncbi.nlm.nih.gov/nuccore/NZ_CP146103.1,NZ_CP146103.1,host genome (fallback),,False,,,none,,PhReD,PhReD: The Phage Receptor Database (Bio-conversion Databank Foundation). https://phred.biodf.org,2026-07-10,False,,none,medium,none
φSa2mw,True,long non-contractile,Siphoviridae,Staphylococcus aureus,1280,Staphylococcus aureus,Gram positive,cell wall,α-GlcNAc residues of wall teichoic acid,Teichoic Acids,Glycan,Undetermined,insufficient-data,none,Teichoic Acids host range is context-dependent; no empirical data in source,Xia et al. 2011,10.1128/JB.01412-10, ,True,True,https://www.ncbi.nlm.nih.gov/nuccore/NZ_CP195878.1,NZ_CP195878.1,host genome (fallback),,False,,,none,,PhReD,PhReD: The Phage Receptor Database (Bio-conversion Databank Foundation). https://phred.biodf.org,2026-07-10,False,,high,medium,none
φ6,False,"none (enveloped, dsRNA)",Cystoviridae,Pseudomonas syringae pv. phaseolicola,319,Pseudomonas savastanoi pv. phaseolicola,Gram negative,pili,pili,Pili,Protein,Undetermined,insufficient-data,none,Pili host range is context-dependent; no empirical data in source,"Vidaver et al. 1973, Bamford et al. 1976","10.1128/jvi.11.5.799-805.1973 (Vidaver et al), 10.1099/0022-1317-32-2-249 (Bamford et al)", ,True,True,https://www.ncbi.nlm.nih.gov/nuccore/NZ_CP184895.1,NZ_CP184895.1,host genome (fallback),,True,https://www.uniprot.org/uniprotkb/P11129,P11129,specific RBP,Spike protein P3,PhReD,PhReD: The Phage Receptor Database (Bio-conversion Databank Foundation). https://phred.biodf.org,2026-07-10,False,,high,medium,high
S134,True,long non-contractile,Siphoviridae,Salmonella enterica serovar Typhimurium,90371,Salmonella enterica subsp. enterica serovar Typhimurium,Gram negative,cell wall,O-antigen,LPS,Glycan,Narrow,predicted-from-receptor,medium,specific O-antigen/serotype -> narrow predicted,Gencay et al. 2019,10.1111/1462-2920.14597, ,True,True,https://www.ncbi.nlm.nih.gov/nuccore/NZ_CP104816.1,NZ_CP104816.1,host genome (fallback),,False,,,none,,PhReD,PhReD: The Phage Receptor Database (Bio-conversion Databank Foundation). https://phred.biodf.org,2026-07-10,False,,high,medium,none
HEf13,True,long non-contractile,Siphoviridae,Enterococcus faecalis,1351,Enterococcus faecalis,Gram positive,cell wall,PIPEF,N/A,,Undetermined,insufficient-data,none,receptor does not support a host-range prediction,Lee et al. 2019,10.3389/fmicb.2019.02877, ,True,True,https://www.ncbi.nlm.nih.gov/nuccore/NZ_CP191290.1,NZ_CP191290.1,host genome (fallback),,False,,,none,,PhReD,PhReD: The Phage Receptor Database (Bio-conversion Databank Foundation). https://phred.biodf.org,2026-07-10,False,,none,medium,none
mEp174,True,long non-contractile,Siphoviridae,Escherichia coli,562,Escherichia coli,Gram negative,cell wall,FhuA,Membrane Proteins,Protein,Broad,predicted-from-receptor,medium,conserved outer membrane protein receptor -> broad predicted,"Uc-Mass et al. 2004, Hernandez-Sanchez et al. 2008","10.1016/j.virol.2004.09.005 (Uc-Mass et al), 10.1007/s00705-008-0111-0 (Hernandez-Sanchez et al)", ,True,True,https://www.ncbi.nlm.nih.gov/nuccore/M12486.1,M12486.1,specific gene,FhuA,False,,,none,,PhReD,PhReD: The Phage Receptor Database (Bio-conversion Databank Foundation). https://phred.biodf.org,2026-07-10,True,no independent literature found for this phage,high,high,none
IF1,False,none (filamentous),Inoviridae,Escherichia coli,562,Escherichia coli,Gram negative,"pilus, periplasm","I pilus as primary receptor, TolA (C-terminal domain) as secondary receptor",Pili,Protein,Undetermined,insufficient-data,none,Pili host range is context-dependent; no empirical data in source,"Meynell and Lawn  1968, Lorenz et al. 2011","10.1038/2171184a0 (Meynell and Lawn), 10.1016/j.jmb.2010.11.030 (Lorenz et al)", ,True,True,https://www.ncbi.nlm.nih.gov/nuccore/M28232.1,M28232.1,specific gene,TolA,True,https://www.uniprot.org/uniprotkb/O80297,O80297,specific RBP,Attachment protein G3P,PhReD,PhReD: The Phage Receptor Database (Bio-conversion Databank Foundation). https://phred.biodf.org,2026-07-10,False,,medium,high,high
493,False,none (filamentous),Inoviridae,Vibrio cholerae,666,Vibrio cholerae,Gram negative,pili,mannose sensitive hemagglutinin (MSHA) type IV pilus,Pili,Protein,Undetermined,insufficient-data,none,Pili host range is context-dependent; no empirical data in source,Jouravelva et a. 1998,10.1128/iai.66.6.2535-2539.1998, ,True,True,https://www.ncbi.nlm.nih.gov/nuccore/NZ_CP191367.1,NZ_CP191367.1,host genome (fallback),,False,,,none,,PhReD,PhReD: The Phage Receptor Database (Bio-conversion Databank Foundation). https://phred.biodf.org,2026-07-10,False,,high,medium,none
M102,True,long non-contractile,Siphoviridae,Streptococcus mutans,1309,Streptococcus mutans,Gram negative,cell wall,glucose side chain of rhamnose-glucose polysaccharide,N/A,,Undetermined,insufficient-data,none,receptor does not support a host-range prediction,Shibata et al. 2009,10.1111/j.1574-6968.2009.01546.x, ,True,True,https://www.ncbi.nlm.nih.gov/nuccore/NZ_CP021318.1,NZ_CP021318.1,host genome (fallback),,False,,,none,,PhReD,PhReD: The Phage Receptor Database (Bio-conversion Databank Foundation). https://phred.biodf.org,2026-07-10,False,,none,medium,none
γ,True,long non-contractile,Siphoviridae,Bacillus anthracis,1392,Bacillus anthracis,Gram positive,cell wall,membrane surface anchored protein gamma phage receptor (GamR),N/A,,Undetermined,insufficient-data,none,receptor does not support a host-range prediction,Davison et al. 2005,10.1128/JB.187.19.6742–6749.2005, ,True,True,https://www.ncbi.nlm.nih.gov/nuccore/NZ_CP009902.1,NZ_CP009902.1,host genome (fallback),,False,,,none,,PhReD,PhReD: The Phage Receptor Database (Bio-conversion Databank Foundation). https://phred.biodf.org,2026-07-10,False,,none,medium,none
F377,True,contractile,Myoviridae,Campylobacter jejuni,197,Campylobacter jejuni,Gram negative,flagella,rotating flagella,Flagella,Protein,Undetermined,insufficient-data,none,Flagella host range is context-dependent; no empirical data in source,Sørensen et al. 2015,10.1371/journal.pone.0116287, ,True,True,https://www.ncbi.nlm.nih.gov/nuccore/NZ_CP172364.1,NZ_CP172364.1,host genome (fallback),,False,,,none,,PhReD,PhReD: The Phage Receptor Database (Bio-conversion Databank Foundation). https://phred.biodf.org,2026-07-10,False,,high,medium,none
mEp120,True,long non-contractile,Siphoviridae,Escherichia coli,562,Escherichia coli,Gram negative,cell wall,FhuA,Membrane Proteins,Protein,Broad,predicted-from-receptor,medium,conserved outer membrane protein receptor -> broad predicted,Hernandez-Sanchez et al. 2008,10.1007/s00705-008-0111-0, ,True,True,https://www.ncbi.nlm.nih.gov/nuccore/M12486.1,M12486.1,specific gene,FhuA,False,,,none,,PhReD,PhReD: The Phage Receptor Database (Bio-conversion Databank Foundation). https://phred.biodf.org,2026-07-10,True,no independent literature found for this phage,high,high,none
pilHα,False,"none (icosahedral, ssRNA)",Leviviridae,Escherichia coli,562,Escherichia coli,Gram negative,pili,H pili,Pili,Protein,Undetermined,insufficient-data,none,Pili host range is context-dependent; no empirical data in source,Coetzee et al. 1985B,10.1099/00221287-131-5-1115, ,True,True,https://www.ncbi.nlm.nih.gov/nuccore/NZ_CP187781.1,NZ_CP187781.1,host genome (fallback),,False,,,none,,PhReD,PhReD: The Phage Receptor Database (Bio-conversion Databank Foundation). https://phred.biodf.org,2026-07-10,False,,high,medium,none
ϕE202,True,contractile,Myoviridae,Burkholderia thailandensis,57975,Burkholderia thailandensis,Gram negative,cell wall,LPS,LPS,Glycan,Narrow,predicted-from-receptor,low,O-antigen LPS generally serotype-specific -> narrow predicted (weak),Ronning et al. 2010,10.1186/1471-2180-10-202, ,True,True,https://www.ncbi.nlm.nih.gov/nuccore/NZ_CP166681.1,NZ_CP166681.1,host genome (fallback),,True,https://www.uniprot.org/uniprotkb/A4JWT0,A4JWT0,other tail protein,"Gp33, phage tail protein I",PhReD,PhReD: The Phage Receptor Database (Bio-conversion Databank Foundation). https://phred.biodf.org,2026-07-10,True,UniProt organism 'Burkholderia phage phiE202' does not name phage 'ϕE202',high,medium,medium
F371,True,contractile,Myoviridae,Campylobacter jejuni,197,Campylobacter jejuni,Gram negative,cell wall,MeOPN modification of GalfNAc of capsular polysaccharides,Capsular Polysaccharide,Glycan,Narrow,predicted-from-receptor,medium,capsule/K-antigen is strain/serotype specific -> narrow predicted,Sørensen et al. 2015,10.1371/journal.pone.0116287, ,True,True,https://www.ncbi.nlm.nih.gov/nuccore/NZ_CP172364.1,NZ_CP172364.1,host genome (fallback),,False,,,none,,PhReD,PhReD: The Phage Receptor Database (Bio-conversion Databank Foundation). https://phred.biodf.org,2026-07-10,False,,high,medium,none
P272,True,long non-contractile,Siphoviridae,Lactococcus lactis,1358,Lactococcus lactis,Gram positive,cell wall,cell wall polysaccharides,N/A,,Undetermined,insufficient-data,none,receptor does not support a host-range prediction,Mahony et al. 2013,10.1128/AEM.00653-13, ,True,True,https://www.ncbi.nlm.nih.gov/nuccore/NZ_CP184687.1,NZ_CP184687.1,host genome (fallback),,True,https://www.uniprot.org/uniprotkb/Q71AW0,Q71AW0,specific RBP,Putative receptor binding protein,PhReD,PhReD: The Phage Receptor Database (Bio-conversion Databank Foundation). https://phred.biodf.org,2026-07-10,False,,none,medium,high
mEp500,True,long non-contractile,Siphoviridae,Escherichia coli,562,Escherichia coli,Gram negative,cell wall,FhuA,Membrane Proteins,Protein,Broad,predicted-from-receptor,medium,conserved outer membrane protein receptor -> broad predicted,Hernandez-Sanchez et al. 2008,10.1007/s00705-008-0111-0, ,True,True,https://www.ncbi.nlm.nih.gov/nuccore/M12486.1,M12486.1,specific gene,FhuA,False,,,none,,PhReD,PhReD: The Phage Receptor Database (Bio-conversion Databank Foundation). https://phred.biodf.org,2026-07-10,True,no independent literature found for this phage,high,high,none
K139,True,contractile,Myoviridae,Vibrio cholerae,666,Vibrio cholerae,Gram negative,cell wall,O1 antigen of LPS,LPS,Glycan,Narrow,predicted-from-receptor,low,O-antigen LPS generally serotype-specific -> narrow predicted (weak),Nesper et al. 2000,10.1128/jb.182.18.5097-5104.2000, ,True,True,https://www.ncbi.nlm.nih.gov/nuccore/NZ_CP191367.1,NZ_CP191367.1,host genome (fallback),,False,,,none,,PhReD,PhReD: The Phage Receptor Database (Bio-conversion Databank Foundation). https://phred.biodf.org,2026-07-10,False,,high,medium,none
sk1,True,long non-contractile,Siphoviridae,Lactococcus lactis,1358,Lactococcus lactis,Gram positive,cell wall,rhamnose in carbohydrates in cell wall,N/A,,Undetermined,insufficient-data,none,receptor does not support a host-range prediction,Valyasevi et al. 1994,10.3168/jds.s0022-0302(94)76921-6, ,True,True,https://www.ncbi.nlm.nih.gov/nuccore/NZ_CP184687.1,NZ_CP184687.1,host genome (fallback),,True,https://www.uniprot.org/uniprotkb/O21886,O21886,specific RBP,Receptor binding protein,PhReD,PhReD: The Phage Receptor Database (Bio-conversion Databank Foundation). https://phred.biodf.org,2026-07-10,False,,none,medium,high
YpP-G,True,short,Podoviridae,Yersinia pestis,632,Yersinia pestis,Gram negative,cell wall,HepI/Glc residues are also involved in receptor activity,LPS,Glycan,Narrow,predicted-from-receptor,low,O-antigen LPS generally serotype-specific -> narrow predicted (weak),Filippov et al. 2011,10.1371/journal.pone.0025486, ,True,True,https://www.ncbi.nlm.nih.gov/nuccore/NZ_CP033699.1,NZ_CP033699.1,host genome (fallback),,False,,,none,,PhReD,PhReD: The Phage Receptor Database (Bio-conversion Databank Foundation). https://phred.biodf.org,2026-07-10,True,receptor text does not support domain 'LPS',high,medium,none
JM2,True,long non-contractile,Siphoviridae,Lactococcus lactis,1358,Lactococcus lactis,Gram positive,cell wall,cell wall polysaccharides,N/A,,Undetermined,insufficient-data,none,receptor does not support a host-range prediction,Mahony et al. 2013,10.1128/AEM.00653-13, ,True,True,https://www.ncbi.nlm.nih.gov/nuccore/NZ_CP184687.1,NZ_CP184687.1,host genome (fallback),,True,https://www.uniprot.org/uniprotkb/R9R109,R9R109,specific RBP,Putative receptor binding protein,PhReD,PhReD: The Phage Receptor Database (Bio-conversion Databank Foundation). https://phred.biodf.org,2026-07-10,False,,none,medium,high
mEp410,True,long non-contractile,Siphoviridae,Escherichia coli,562,Escherichia coli,Gram negative,cell wall,FhuA,Membrane Proteins,Protein,Broad,predicted-from-receptor,medium,conserved outer membrane protein receptor -> broad predicted,"Uc-Mass et al. 2004, Hernandez-Sanchez et al. 2008","10.1016/j.virol.2004.09.005 (Uc-Mass et al), 10.1007/s00705-008-0111-0 (Hernandez-Sanchez et al)", ,True,True,https://www.ncbi.nlm.nih.gov/nuccore/M12486.1,M12486.1,specific gene,FhuA,False,,,none,,PhReD,PhReD: The Phage Receptor Database (Bio-conversion Databank Foundation). https://phred.biodf.org,2026-07-10,False,,high,high,none
F373,True,contractile,Myoviridae,Campylobacter jejuni,197,Campylobacter jejuni,Gram negative,cell wall,MeOPN modification of GalfNAc of capsular polysaccharides,Capsular Polysaccharide,Glycan,Narrow,predicted-from-receptor,medium,capsule/K-antigen is strain/serotype specific -> narrow predicted,Sørensen et al. 2015,10.1371/journal.pone.0116287, ,True,True,https://www.ncbi.nlm.nih.gov/nuccore/NZ_CP172364.1,NZ_CP172364.1,host genome (fallback),,False,,,none,,PhReD,PhReD: The Phage Receptor Database (Bio-conversion Databank Foundation). https://phred.biodf.org,2026-07-10,False,,high,medium,none
M1,True,contractile,Myoviridae,Escherichia coli ,562,Escherichia coli,Gram negative,cell wall,Protein OmpA,Membrane Proteins,Protein,Broad,predicted-from-receptor,medium,conserved outer membrane protein receptor -> broad predicted,Hashemolhosseini et al. 1994,10.1006/jmbi.1994.1424, ,True,True,https://www.ncbi.nlm.nih.gov/nuccore/EU183344.1,EU183344.1,specific gene,OmpA,True,https://www.uniprot.org/uniprotkb/P08231,P08231,specific RBP,Long tail fiber protein Gp37,PhReD,PhReD: The Phage Receptor Database (Bio-conversion Databank Foundation). https://phred.biodf.org,2026-07-10,False,,high,high,high
F385,True,contractile,Myoviridae,Campylobacter jejuni,197,Campylobacter jejuni,Gram negative,flagella,rotating flagella,Flagella,Protein,Undetermined,insufficient-data,none,Flagella host range is context-dependent; no empirical data in source,Sørensen et al. 2015,10.1371/journal.pone.0116287, ,True,True,https://www.ncbi.nlm.nih.gov/nuccore/NZ_CP172364.1,NZ_CP172364.1,host genome (fallback),,False,,,none,,PhReD,PhReD: The Phage Receptor Database (Bio-conversion Databank Foundation). https://phred.biodf.org,2026-07-10,False,,high,medium,none
K10,True,long non-contractile,Siphoviridae,Escherichia coli,562,Escherichia coli,Gram negative,cell wall,Outer membrane protein LamB (maltodextran selective channel),Membrane Proteins,Protein,Broad,predicted-from-receptor,medium,conserved outer membrane protein receptor -> broad predicted,Roa 1979,10.1128/jb.140.2.680-686.1979, ,True,True,https://www.ncbi.nlm.nih.gov/nuccore/M26131.1,M26131.1,specific gene,LamB,False,,,none,,PhReD,PhReD: The Phage Receptor Database (Bio-conversion Databank Foundation). https://phred.biodf.org,2026-07-10,False,,high,high,none
APK89,True,short,Autographiviridae,Acinetobacter baumannii,470,Acinetobacter baumannii,Gram negative,cell wall,capsular polysaccharides,Capsular Polysaccharide,Glycan,Narrow,predicted-from-receptor,medium,capsule/K-antigen is strain/serotype specific -> narrow predicted,Popova et al. 2021,10.1128/JVI.01714-20, ,True,True,https://www.ncbi.nlm.nih.gov/nuccore/NZ_CP156044.1,NZ_CP156044.1,host genome (fallback),,False,,,none,,PhReD,PhReD: The Phage Receptor Database (Bio-conversion Databank Foundation). https://phred.biodf.org,2026-07-10,False,,high,medium,none
JS09,True,contractile,Myoviridae,Escherichia coli,562,Escherichia coli,Gram negative,cell wall,LPS,LPS,Glycan,Narrow,predicted-from-receptor,low,O-antigen LPS generally serotype-specific -> narrow predicted (weak),Zhou et al. 2021,10.1128/mSphere.01286-20, ,True,True,https://www.ncbi.nlm.nih.gov/nuccore/NZ_CP187781.1,NZ_CP187781.1,host genome (fallback),,False,,,none,,PhReD,PhReD: The Phage Receptor Database (Bio-conversion Databank Foundation). https://phred.biodf.org,2026-07-10,False,,high,medium,none
ϕCTX,True,contractile,Myoviridae,Pseudomonas aeruginosa,287,Pseudomonas aeruginosa,Gram negative,cell wall,"Core polysaccharide of LPS, with emphasis on L-rhamnose and D-glucose residues in the outer core",LPS,Glycan,Broad,predicted-from-receptor,low,conserved LPS core -> broad predicted,Yokota et al. 1994,10.1128/jb.176.17.5262-5269.1994, ,True,True,https://www.ncbi.nlm.nih.gov/nuccore/NZ_OZ484744.1,NZ_OZ484744.1,host genome (fallback),,False,,,none,,PhReD,PhReD: The Phage Receptor Database (Bio-conversion Databank Foundation). https://phred.biodf.org,2026-07-10,False,,high,medium,none
SS1,True,contractile,Myoviridae,Escherichia coli,562,Escherichia coli,Gram negative,cell wall,OmpC or LamB,Membrane Proteins,Protein,Broad,predicted-from-receptor,medium,conserved outer membrane protein receptor -> broad predicted,Beher et al. 1981,10.1128/jvi.38.1.372-375.1981, ,True,True,https://www.ncbi.nlm.nih.gov/nuccore/GQ167032.1,GQ167032.1,specific gene,OmpC,False,,,none,,PhReD,PhReD: The Phage Receptor Database (Bio-conversion Databank Foundation). https://phred.biodf.org,2026-07-10,False,,high,high,none
S113,True,long non-contractile,Siphoviridae,Salmonella enterica serovar Typhimurium,90371,Salmonella enterica subsp. enterica serovar Typhimurium,Gram negative,cell wall,"BtuB, vitamin B12 membrane transporter",Membrane Proteins,Protein,Broad,predicted-from-receptor,medium,conserved outer membrane protein receptor -> broad predicted,Gencay et al. 2019,10.1111/1462-2920.14597, ,True,True,https://www.ncbi.nlm.nih.gov/nuccore/M89481.1,M89481.1,specific gene,BtuB,True,https://www.uniprot.org/uniprotkb/A0A2Z5HKG9,A0A2Z5HKG9,specific RBP,Receptor-binding protein,PhReD,PhReD: The Phage Receptor Database (Bio-conversion Databank Foundation). https://phred.biodf.org,2026-07-10,False,,high,high,high
PL-1,True,long non-contractile,Siphoviridae,Lactobacillus casei,1582,Lacticaseibacillus casei,Gram positive,cell wall,L-rhamnose in cell wall polysaccharides,N/A,,Undetermined,insufficient-data,none,receptor does not support a host-range prediction,"Watanabe and Takesue 1975, Ishibashi et al. 1982","10.1099/0022-1317-28-1-29 (Watanabe and Takesue), 10.1099/00221287-128-10-2251 (Ishibashi et al)", ,True,True,https://www.ncbi.nlm.nih.gov/nuccore/NZ_CP074377.1,NZ_CP074377.1,host genome (fallback),,True,https://www.uniprot.org/uniprotkb/U5U3Z7,U5U3Z7,other tail protein,Major tail protein,PhReD,PhReD: The Phage Receptor Database (Bio-conversion Databank Foundation). https://phred.biodf.org,2026-07-10,False,,none,medium,medium
FC3-2,True,contractile,Myoviridae,Klebsiella pneumoniae,573,Klebsiella pneumoniae,Gram negative,cell wall,LPS O antigen,LPS,Glycan,Narrow,predicted-from-receptor,medium,specific O-antigen/serotype -> narrow predicted,Tomas et al. 1987,10.1111/j.1574-6968.1987.tb02201.x, ,True,True,https://www.ncbi.nlm.nih.gov/nuccore/NZ_OZ477362.1,NZ_OZ477362.1,host genome (fallback),,False,,,none,,PhReD,PhReD: The Phage Receptor Database (Bio-conversion Databank Foundation). https://phred.biodf.org,2026-07-10,False,,high,medium,none
fPS-9,True,short,Podoviridae,Yersinia enterocolitica,630,Yersinia enterocolitica,Gram negative,cell wall,LPS O antigen,LPS,Glycan,Narrow,predicted-from-receptor,medium,specific O-antigen/serotype -> narrow predicted,Salem et al. 2018,10.3390/v10040174, ,True,True,https://www.ncbi.nlm.nih.gov/nuccore/NZ_CP139458.1,NZ_CP139458.1,host genome (fallback),,True,https://www.uniprot.org/uniprotkb/A0A2C9D011,A0A2C9D011,specific RBP,Phage tail fibers,PhReD,PhReD: The Phage Receptor Database (Bio-conversion Databank Foundation). https://phred.biodf.org,2026-07-10,False,,high,medium,high
SPN13U,True,short,Podoviridae,Salmonella enterica serovar Typhimurium,90371,Salmonella enterica subsp. enterica serovar Typhimurium,Gram negative,cell wall,LPS O antigen,LPS,Glycan,Narrow,predicted-from-receptor,medium,specific O-antigen/serotype -> narrow predicted,Shin et al. 2012,10.1371/journal.pone.0043392, ,True,True,https://www.ncbi.nlm.nih.gov/nuccore/NZ_CP104816.1,NZ_CP104816.1,host genome (fallback),,False,,,none,,PhReD,PhReD: The Phage Receptor Database (Bio-conversion Databank Foundation). https://phred.biodf.org,2026-07-10,False,,high,medium,none
VP5,True,short,Podoviridae,Vibrio cholerae,666,Vibrio cholerae,Gram negative,cell wall,OmpW,Membrane Proteins,Protein,Broad,predicted-from-receptor,medium,conserved outer membrane protein receptor -> broad predicted,Xu et al. 2014,10.1128/JVI.03186-13, ,True,True,https://www.ncbi.nlm.nih.gov/nuccore/MF100046.1,MF100046.1,specific gene,OmpW,True,https://www.uniprot.org/uniprotkb/Q6R6B2,Q6R6B2,other tail protein,Major tail subunit,PhReD,PhReD: The Phage Receptor Database (Bio-conversion Databank Foundation). https://phred.biodf.org,2026-07-10,False,,high,high,medium
PP101,True,contractile,Myoviridae,Pectobacterium brasiliense,180957,Pectobacterium brasiliense,Gram negative,cell wall,O polysaccharide,LPS,Glycan,Narrow,predicted-from-receptor,low,O-antigen LPS generally serotype-specific -> narrow predicted (weak),Lukianova et al. 2020,10.3389/fmicb.2019.03147, ,True,True,https://www.ncbi.nlm.nih.gov/nuccore/NZ_CP179689.1,NZ_CP179689.1,host genome (fallback),,True,https://www.uniprot.org/uniprotkb/A0A1J0MFK4,A0A1J0MFK4,specific RBP,Putative tail fiber protein,PhReD,PhReD: The Phage Receptor Database (Bio-conversion Databank Foundation). https://phred.biodf.org,2026-07-10,False,,high,medium,high
Pharr,True,short,Podoviridae,Klebsiella pneumoniae,573,Klebsiella pneumoniae,Gram negative,cell wall,capsular polysaccharides,Capsular Polysaccharide,Glycan,Narrow,predicted-from-receptor,medium,capsule/K-antigen is strain/serotype specific -> narrow predicted,Hesse et al. 2020,10.1128/mBio.02530-19, ,True,True,https://www.ncbi.nlm.nih.gov/nuccore/NZ_OZ477362.1,NZ_OZ477362.1,host genome (fallback),,True,https://www.uniprot.org/uniprotkb/A0A4D6DYC2,A0A4D6DYC2,specific RBP,Probable tail spike protein,PhReD,PhReD: The Phage Receptor Database (Bio-conversion Databank Foundation). https://phred.biodf.org,2026-07-10,False,,high,medium,high
7-7-1,True,contractile,Myoviridae,Agrobacterium sp.,361,Agrobacterium sp.,Gram negative,"flagella, cell wall","flagellum, rotation is required for infection, lipopolysaccharide secondary receptor",Flagella,Protein,Undetermined,insufficient-data,none,Flagella host range is context-dependent; no empirical data in source,"Yen et al. 2012, Gonzalez et al. 2018","10.1128/AEM.01082-12 (Yen et al), 10.1128/JB.00363-18 (Gonzalez et al)", ,True,True,https://www.ncbi.nlm.nih.gov/nuccore/QQ024394.1,QQ024394.1,host genome (fallback),,True,https://www.uniprot.org/uniprotkb/J7F8Z3,J7F8Z3,specific RBP,Putative tail fiber,PhReD,PhReD: The Phage Receptor Database (Bio-conversion Databank Foundation). https://phred.biodf.org,2026-07-10,False,,medium,medium,high
B3,True,short,Podoviridae,Acinetobacter baumannii,470,Acinetobacter baumannii,Gram negative,cell wall,capsular polysaccharides,Capsular Polysaccharide,Glycan,Narrow,predicted-from-receptor,medium,capsule/K-antigen is strain/serotype specific -> narrow predicted,Oliveira et al. 2017,10.1111/1462-2920.13970, ,True,True,https://www.ncbi.nlm.nih.gov/nuccore/NZ_CP156044.1,NZ_CP156044.1,host genome (fallback),,True,https://www.uniprot.org/uniprotkb/A0A2I7R0J5,A0A2I7R0J5,specific RBP,Tail fiber protein,PhReD,PhReD: The Phage Receptor Database (Bio-conversion Databank Foundation). https://phred.biodf.org,2026-07-10,False,,high,medium,high
SPN6T,True,long non-contractile,Siphoviridae,Salmonella enterica serovar Typhimurium,90371,Salmonella enterica subsp. enterica serovar Typhimurium,Gram negative,flagella,FliC or FljB,Flagella,Protein,Undetermined,insufficient-data,none,Flagella host range is context-dependent; no empirical data in source,Shin et al. 2012,10.1371/journal.pone.0043392, ,True,True,https://www.ncbi.nlm.nih.gov/nuccore/JN587177.1,JN587177.1,specific gene,FliC,False,,,none,,PhReD,PhReD: The Phage Receptor Database (Bio-conversion Databank Foundation). https://phred.biodf.org,2026-07-10,False,,high,high,none
mEp539,True,long non-contractile,Siphoviridae,Escherichia coli,562,Escherichia coli,Gram negative,cell wall,FhuA,Membrane Proteins,Protein,Broad,predicted-from-receptor,medium,conserved outer membrane protein receptor -> broad predicted,Hernandez-Sanchez et al. 2008,10.1007/s00705-008-0111-0, ,True,True,https://www.ncbi.nlm.nih.gov/nuccore/M12486.1,M12486.1,specific gene,FhuA,False,,,none,,PhReD,PhReD: The Phage Receptor Database (Bio-conversion Databank Foundation). https://phred.biodf.org,2026-07-10,False,,high,high,none
NM8,True,long non-contractile,Siphoviridae,Rhizobium meliloti,382,Sinorhizobium meliloti,Gram negative,cell wall,polysaccharides,N/A,,Undetermined,insufficient-data,none,receptor does not support a host-range prediction,Defives et al. 1996,10.1007/s002849900130, ,True,True,https://www.ncbi.nlm.nih.gov/nuccore/NZ_CP021219.1,NZ_CP021219.1,host genome (fallback),,False,,,none,,PhReD,PhReD: The Phage Receptor Database (Bio-conversion Databank Foundation). https://phred.biodf.org,2026-07-10,False,,none,medium,none
PBP1,True,long non-contractile,Siphoviridae,Bacillus pumulis,1408,Bacillus pumilus,Gram positive,flagella,flagella,Flagella,Protein,Undetermined,insufficient-data,none,Flagella host range is context-dependent; no empirical data in source,Lovett 1972,10.1016/0042-6822(72)90564-8, ,True,True,https://www.ncbi.nlm.nih.gov/nuccore/NZ_CP139116.1,NZ_CP139116.1,host genome (fallback),,False,,,none,,PhReD,PhReD: The Phage Receptor Database (Bio-conversion Databank Foundation). https://phred.biodf.org,2026-07-10,False,,high,medium,none
FC3-6,True,contractile,Myoviridae,Klebsiella pneumoniae,573,Klebsiella pneumoniae,Gram negative,cell wall,LPS O antigen,LPS,Glycan,Narrow,predicted-from-receptor,medium,specific O-antigen/serotype -> narrow predicted,Tomas et al. 1987,10.1111/j.1574-6968.1987.tb02201.x, ,True,True,https://www.ncbi.nlm.nih.gov/nuccore/NZ_OZ477362.1,NZ_OZ477362.1,host genome (fallback),,False,,,none,,PhReD,PhReD: The Phage Receptor Database (Bio-conversion Databank Foundation). https://phred.biodf.org,2026-07-10,False,,high,medium,none
9NA,True,long non-contractile,Siphoviridae,Salmonella enterica serovar Typhimurium,90371,Salmonella enterica subsp. enterica serovar Typhimurium,Gram negative,cell wall,LPS O antigen,LPS,Glycan,Narrow,predicted-from-receptor,medium,specific O-antigen/serotype -> narrow predicted,Andres et al. 2012,10.1111/j.1365-2958.2012.08006.x, ,True,True,https://www.ncbi.nlm.nih.gov/nuccore/NZ_CP104816.1,NZ_CP104816.1,host genome (fallback),,True,https://www.uniprot.org/uniprotkb/G8GV21,G8GV21,specific RBP,Tailspike,PhReD,PhReD: The Phage Receptor Database (Bio-conversion Databank Foundation). https://phred.biodf.org,2026-07-10,False,,high,medium,high
S126,True,long non-contractile,Siphoviridae,Salmonella enterica serovar Typhimurium,90371,Salmonella enterica subsp. enterica serovar Typhimurium,Gram negative,cell wall,"BtuB, vitamin B12 membrane transporter",Membrane Proteins,Protein,Broad,predicted-from-receptor,medium,conserved outer membrane protein receptor -> broad predicted,Gencay et al. 2019,10.1111/1462-2920.14597, ,True,True,https://www.ncbi.nlm.nih.gov/nuccore/M89481.1,M89481.1,specific gene,BtuB,True,https://www.uniprot.org/uniprotkb/A0A2Z5HQ81,A0A2Z5HQ81,specific RBP,Receptor-binding protein,PhReD,PhReD: The Phage Receptor Database (Bio-conversion Databank Foundation). https://phred.biodf.org,2026-07-10,False,,high,high,high
P22,True,short,Podoviridae,Salmonella sp.,599,Salmonella sp.,Gram negative,cell wall; O-chain structure that are enzymatically cleaved by phages,α-rhmanosyl 1-3 galactose linkage of the O-chain,LPS,Glycan,Narrow,predicted-from-receptor,low,O-antigen LPS generally serotype-specific -> narrow predicted (weak),Iwashita and Kanegasaki 1973,10.1016/0006-291x(73)91101-7, ,True,False,,,none,,True,https://www.uniprot.org/uniprotkb/P12528,P12528,specific RBP,Tail spike protein,PhReD,PhReD: The Phage Receptor Database (Bio-conversion Databank Foundation). https://phred.biodf.org,2026-07-10,True,receptor text does not support domain 'LPS',high,none,high
ml3,True,long non-contractile,Siphoviridae,Lactococcus lactis,1358,Lactococcus lactis,Gram positive,cell wall,"rhamnose in carbohydrates in cell wall for reversible binding, Pip (phage infection protein)  for irreversible binding",Membrane Proteins,Protein,Broad,predicted-from-receptor,medium,conserved outer membrane protein receptor -> broad predicted,Monteville et al. 1994,10.1128/aem.60.9.3204-3211.1994, ,True,True,https://www.ncbi.nlm.nih.gov/nuccore/NZ_CP184687.1,NZ_CP184687.1,host genome (fallback),,False,,,none,,PhReD,PhReD: The Phage Receptor Database (Bio-conversion Databank Foundation). https://phred.biodf.org,2026-07-10,True,receptor text does not support domain 'Membrane Proteins',high,medium,none
52A,True,long non-contractile,Siphoviridae,Staphylococcus aureus,1280,Staphylococcus aureus,Gram positive,cell wall,O-acetyl group from the 6-position of muramic acid residues in murein,N/A,,Undetermined,insufficient-data,none,receptor does not support a host-range prediction,Shaw and Chatterjee 1971,10.1128/jb.108.1.584-585.1971, ,True,True,https://www.ncbi.nlm.nih.gov/nuccore/NZ_CP195878.1,NZ_CP195878.1,host genome (fallback),,False,,,none,,PhReD,PhReD: The Phage Receptor Database (Bio-conversion Databank Foundation). https://phred.biodf.org,2026-07-10,False,,none,medium,none
φM5,True,contractile,Myoviridae,Sinorhizobium meliloti,382,Sinorhizobium meliloti,Gram negative,cell wall,lipopolysaccharide core residues and outer membrane porin RopA2,LPS,Glycan,Broad,predicted-from-receptor,low,conserved LPS core -> broad predicted,Crook et al. 2013,10.1128/JB.00480-13, ,True,True,https://www.ncbi.nlm.nih.gov/nuccore/NZ_CP021219.1,NZ_CP021219.1,host genome (fallback),,True,https://www.uniprot.org/uniprotkb/A0AAE8XE24,A0AAE8XE24,specific RBP,Tail fiber protein,PhReD,PhReD: The Phage Receptor Database (Bio-conversion Databank Foundation). https://phred.biodf.org,2026-07-10,True,low-confidence domain assignment,low,medium,high
φM12,True,contractile,Myoviridae,Sinorhizobium meliloti,382,Sinorhizobium meliloti,Gram negative,cell wall,outer membrane porin RopA1,Membrane Proteins,Protein,Broad,predicted-from-receptor,medium,conserved outer membrane protein receptor -> broad predicted,Crook et al. 2013,10.1128/JB.00480-13, ,True,True,https://www.ncbi.nlm.nih.gov/nuccore/NZ_CP021219.1,NZ_CP021219.1,host genome (fallback),,True,https://www.uniprot.org/uniprotkb/S5MAS7,S5MAS7,specific RBP,Tail fiber protein,PhReD,PhReD: The Phage Receptor Database (Bio-conversion Databank Foundation). https://phred.biodf.org,2026-07-10,False,,high,medium,high
PSA,True,long non-contractile,Siphoviridae,Listeria monocytogenes,1639,Listeria monocytogenes,Gram positive,cell wall,galactosyalted GlcNAc residues of wall teichoic acids,Teichoic Acids,Glycan,Undetermined,insufficient-data,none,Teichoic Acids host range is context-dependent; no empirical data in source,"Dunne et al. 2019, Sumrall et al. 2019",10.1111/mmi.14455 (Sumrall et al), ,True,True,https://www.ncbi.nlm.nih.gov/nuccore/NZ_CP190322.1,NZ_CP190322.1,host genome (fallback),,True,https://www.uniprot.org/uniprotkb/Q858W9,Q858W9,other tail protein,Major tail protein b,PhReD,PhReD: The Phage Receptor Database (Bio-conversion Databank Foundation). https://phred.biodf.org,2026-07-10,False,,high,medium,medium
CYM,True,long non-contractile,Siphoviridae,Streptococcus thermophilus,1308,Streptococcus thermophilus,Gram positive,cell wall,cell wall polysaccharides,N/A,,Undetermined,insufficient-data,none,receptor does not support a host-range prediction,Quiberoni et al. 2000,10.1046/j.1365-2672.2000.01214.x, ,True,True,https://www.ncbi.nlm.nih.gov/nuccore/NZ_CP065485.1,NZ_CP065485.1,host genome (fallback),,False,,,none,,PhReD,PhReD: The Phage Receptor Database (Bio-conversion Databank Foundation). https://phred.biodf.org,2026-07-10,False,,none,medium,none
φ29,True,short,Podoviridae,Bacillus subtilis,1423,Bacillus subtilis,Gram positive,cell wall,glucosylation of polyglycerol  teichoic acid,Teichoic Acids,Glycan,Undetermined,insufficient-data,none,Teichoic Acids host range is context-dependent; no empirical data in source,Young 1967,10.1073/pnas.58.6.2377, ,True,True,https://www.ncbi.nlm.nih.gov/nuccore/NZ_CP160208.1,NZ_CP160208.1,host genome (fallback),,True,https://www.uniprot.org/uniprotkb/A0A1W6DXS8,A0A1W6DXS8,specific RBP,Putative tail fiber protein,PhReD,PhReD: The Phage Receptor Database (Bio-conversion Databank Foundation). https://phred.biodf.org,2026-07-10,True,low-confidence UniProt assignment | ambiguous phage name across organisms,high,medium,low
IME341,True,contractile,Myoviridae,Escherichia coli,562,Escherichia coli,Gram negative,cell wall,FadL,Membrane Proteins,Protein,Broad,predicted-from-receptor,medium,conserved outer membrane protein receptor -> broad predicted,Li et al. 2019,10.3389/fmicb.2019.00850, ,True,True,https://www.ncbi.nlm.nih.gov/nuccore/M60607.1,M60607.1,specific gene,FadL,False,,,none,,PhReD,PhReD: The Phage Receptor Database (Bio-conversion Databank Foundation). https://phred.biodf.org,2026-07-10,False,,high,high,none
B1,True,short,Podoviridae,Acinetobacter baumannii,470,Acinetobacter baumannii,Gram negative,cell wall,capsular polysaccharides,Capsular Polysaccharide,Glycan,Narrow,predicted-from-receptor,medium,capsule/K-antigen is strain/serotype specific -> narrow predicted,Oliveira et al. 2017,10.1111/1462-2920.13970, ,True,True,https://www.ncbi.nlm.nih.gov/nuccore/NZ_CP156044.1,NZ_CP156044.1,host genome (fallback),,True,https://www.uniprot.org/uniprotkb/A0AAE7RBV6,A0AAE7RBV6,specific RBP,Tail fiber protein,PhReD,PhReD: The Phage Receptor Database (Bio-conversion Databank Foundation). https://phred.biodf.org,2026-07-10,True,low-confidence UniProt assignment | ambiguous phage name across organisms,high,medium,low
φCb13,True,long non-contractile,Siphoviridae,Caulobacter crescentus,155892,Caulobacter vibrioides,Gram negative,"flagella, pili","initial contact with flagellum, counter clockwise rotation brings phage down to pilus portals at the pole ",Flagella,Protein,Undetermined,insufficient-data,none,Flagella host range is context-dependent; no empirical data in source,Guerrero-Ferreira et al. 2010,10.1073/pnas.1012388108, ,True,True,https://www.ncbi.nlm.nih.gov/nuccore/NZ_CP023315.3,NZ_CP023315.3,host genome (fallback),,True,https://www.uniprot.org/uniprotkb/C7T207,C7T207,specific RBP,Putative receptor binding protein,PhReD,PhReD: The Phage Receptor Database (Bio-conversion Databank Foundation). https://phred.biodf.org,2026-07-10,False,,medium,medium,high
13,True,long non-contractile,Siphoviridae,Lactococcus lactis,1358,Lactococcus lactis,Gram positive,cell wall,"rhamnose in carbohydrates in cell wall for reversible binding, Pip (phage infection protein)  for irreversible binding",Membrane Proteins,Protein,Broad,predicted-from-receptor,medium,conserved outer membrane protein receptor -> broad predicted,Monteville et al. 1994,10.1128/aem.60.9.3204-3211.1994, ,True,True,https://www.ncbi.nlm.nih.gov/nuccore/NZ_CP184687.1,NZ_CP184687.1,host genome (fallback),,True,https://www.uniprot.org/uniprotkb/A0A068CBG7,A0A068CBG7,specific RBP,Tail fiber protein,PhReD,PhReD: The Phage Receptor Database (Bio-conversion Databank Foundation). https://phred.biodf.org,2026-07-10,True,receptor text does not support domain 'Membrane Proteins' | low-confidence UniProt assignment | ambiguous phage name across organisms,high,medium,low
φ66,True,short,Podoviridae,Staphylococcus aureus,1280,Staphylococcus aureus,Gram positive,cell wall,β-O-GlcNAc modified wall teichoic acid,Teichoic Acids,Glycan,Undetermined,insufficient-data,none,Teichoic Acids host range is context-dependent; no empirical data in source,Li et al. 2015,10.1038/srep17219, ,True,True,https://www.ncbi.nlm.nih.gov/nuccore/NZ_CP195878.1,NZ_CP195878.1,host genome (fallback),,False,,,none,,PhReD,PhReD: The Phage Receptor Database (Bio-conversion Databank Foundation). https://phred.biodf.org,2026-07-10,False,,high,medium,none
VP4,True,short,Autographiviridae,Vibrio cholerae,666,Vibrio cholerae,Gram negative,cell wall,O antigen of LPS,LPS,Glycan,Narrow,predicted-from-receptor,medium,specific O-antigen/serotype -> narrow predicted,Xu et al. 2013,10.1128/JB.01770-12, ,True,True,https://www.ncbi.nlm.nih.gov/nuccore/NZ_CP191367.1,NZ_CP191367.1,host genome (fallback),,True,https://www.uniprot.org/uniprotkb/Q4TVW2,Q4TVW2,specific RBP,Tail fiber protein,PhReD,PhReD: The Phage Receptor Database (Bio-conversion Databank Foundation). https://phred.biodf.org,2026-07-10,False,,high,medium,high
SPN9C,True,long non-contractile,Siphoviridae,Salmonella enterica serovar Typhimurium,90371,Salmonella enterica subsp. enterica serovar Typhimurium,Gram negative,cell wall,"BtuB, vitamin B12 membrane transporter",Membrane Proteins,Protein,Broad,predicted-from-receptor,medium,conserved outer membrane protein receptor -> broad predicted,Shin et al. 2012,10.1371/journal.pone.0043392, ,True,True,https://www.ncbi.nlm.nih.gov/nuccore/M89481.1,M89481.1,specific gene,BtuB,False,,,none,,PhReD,PhReD: The Phage Receptor Database (Bio-conversion Databank Foundation). https://phred.biodf.org,2026-07-10,False,,high,high,none
phi-Ye-F10,True,short,Podoviridae,Yersinia enterocolitica,630,Yersinia enterocolitica,Gram negative,cell wall,O-antigen of LPS,LPS,Glycan,Narrow,predicted-from-receptor,medium,specific O-antigen/serotype -> narrow predicted,Liang et al. 2016,10.1038/srep22905, ,True,True,https://www.ncbi.nlm.nih.gov/nuccore/NZ_CP139458.1,NZ_CP139458.1,host genome (fallback),,False,,,none,,PhReD,PhReD: The Phage Receptor Database (Bio-conversion Databank Foundation). https://phred.biodf.org,2026-07-10,False,,high,medium,none
M5938,True,long non-contractile,Siphoviridae,Lactococcus lactis,1358,Lactococcus lactis,Gram positive,cell wall,Pip,Membrane Proteins,Protein,Broad,predicted-from-receptor,medium,conserved outer membrane protein receptor -> broad predicted,Millen et al. 2016,10.1099/jgv.0.000499, ,True,True,https://www.ncbi.nlm.nih.gov/nuccore/NZ_CP184687.1,NZ_CP184687.1,host genome (fallback),,True,https://www.uniprot.org/uniprotkb/A0A192YB80,A0A192YB80,specific RBP,Tail fibers protein,PhReD,PhReD: The Phage Receptor Database (Bio-conversion Databank Foundation). https://phred.biodf.org,2026-07-10,True,receptor text does not support domain 'Membrane Proteins',high,medium,high
S104,True,long non-contractile,Siphoviridae,Salmonella enterica serovar Typhimurium,90371,Salmonella enterica subsp. enterica serovar Typhimurium,Gram negative,cell wall,O-antigen,LPS,Glycan,Narrow,predicted-from-receptor,medium,specific O-antigen/serotype -> narrow predicted,Gencay et al. 2019,10.1111/1462-2920.14597, ,True,True,https://www.ncbi.nlm.nih.gov/nuccore/NZ_CP104816.1,NZ_CP104816.1,host genome (fallback),,False,,,none,,PhReD,PhReD: The Phage Receptor Database (Bio-conversion Databank Foundation). https://phred.biodf.org,2026-07-10,False,,high,medium,none
LE3,True,contractile,Myoviridae,Leptospira biflexa,172,Leptospira biflexa,Gram negative,cell wall,LPS,LPS,Glycan,Narrow,predicted-from-receptor,low,O-antigen LPS generally serotype-specific -> narrow predicted (weak),Schiettekatte et al. 2018,10.1038/s41598-018-29983-6, ,True,True,https://www.ncbi.nlm.nih.gov/nuccore/NC_010842.1,NC_010842.1,host genome (fallback),,True,https://www.uniprot.org/uniprotkb/A0A343LE39,A0A343LE39,specific RBP,Tail fiber protein,PhReD,PhReD: The Phage Receptor Database (Bio-conversion Databank Foundation). https://phred.biodf.org,2026-07-10,False,,high,medium,high
F325,True,contractile,Myoviridae,Campylobacter jejuni,197,Campylobacter jejuni,Gram negative,flagella,motile flagellum,Flagella,Protein,Undetermined,insufficient-data,none,Flagella host range is context-dependent; no empirical data in source,Gencay et al. 2018,10.3389/fmicb.2018.00082, ,True,True,https://www.ncbi.nlm.nih.gov/nuccore/NZ_CP172364.1,NZ_CP172364.1,host genome (fallback),,False,,,none,,PhReD,PhReD: The Phage Receptor Database (Bio-conversion Databank Foundation). https://phred.biodf.org,2026-07-10,False,,high,medium,none
1358,True,long non-contractile,Siphoviridae,Lactococcus lactis,1358,Lactococcus lactis,Gram positive,cell wall,GlcNAc and Glc1P moities in the cell wall polysaccharides,N/A,,Undetermined,insufficient-data,none,receptor does not support a host-range prediction,Farenc et al. 2014,10.1128/JVI.00739-14, ,True,True,https://www.ncbi.nlm.nih.gov/nuccore/NZ_CP184687.1,NZ_CP184687.1,host genome (fallback),,True,https://www.uniprot.org/uniprotkb/D3W0E1,D3W0E1,other tail protein,Putative head-tail adaptator,PhReD,PhReD: The Phage Receptor Database (Bio-conversion Databank Foundation). https://phred.biodf.org,2026-07-10,False,,none,medium,medium
IME338,True,long non-contractile,Siphoviridae,Escherichia coli,562,Escherichia coli,Gram negative,cell wall,LPS,LPS,Glycan,Narrow,predicted-from-receptor,low,O-antigen LPS generally serotype-specific -> narrow predicted (weak),Li et al. 2019,10.3389/fmicb.2019.00850, ,True,True,https://www.ncbi.nlm.nih.gov/nuccore/NZ_CP187781.1,NZ_CP187781.1,host genome (fallback),,False,,,none,,PhReD,PhReD: The Phage Receptor Database (Bio-conversion Databank Foundation). https://phred.biodf.org,2026-07-10,False,,high,medium,none
F381,True,contractile,Myoviridae,Campylobacter jejuni,197,Campylobacter jejuni,Gram negative,flagella,rotating flagella,Flagella,Protein,Undetermined,insufficient-data,none,Flagella host range is context-dependent; no empirical data in source,Sørensen et al. 2015,10.1371/journal.pone.0116287, ,True,True,https://www.ncbi.nlm.nih.gov/nuccore/NZ_CP172364.1,NZ_CP172364.1,host genome (fallback),,False,,,none,,PhReD,PhReD: The Phage Receptor Database (Bio-conversion Databank Foundation). https://phred.biodf.org,2026-07-10,False,,high,medium,none
SPN13B,True,long non-contractile,Siphoviridae,Salmonella enterica serovar Typhimurium,90371,Salmonella enterica subsp. enterica serovar Typhimurium,Gram negative,flagella,FliC,Flagella,Protein,Undetermined,insufficient-data,none,Flagella host range is context-dependent; no empirical data in source,Shin et al. 2012,10.1371/journal.pone.0043392, ,True,True,https://www.ncbi.nlm.nih.gov/nuccore/JN587177.1,JN587177.1,specific gene,FliC,False,,,none,,PhReD,PhReD: The Phage Receptor Database (Bio-conversion Databank Foundation). https://phred.biodf.org,2026-07-10,False,,high,high,none
MSA,True,long non-contractile,Siphoviridae,Staphylococcus aureus,1280,Staphylococcus aureus,Gram positive,cell wall,GlcNAc residues of wall teichoic acid,Teichoic Acids,Glycan,Undetermined,insufficient-data,none,Teichoic Acids host range is context-dependent; no empirical data in source,Capparelli et al. 2010,10.1371/journal.pone.0011720, ,True,True,https://www.ncbi.nlm.nih.gov/nuccore/NZ_CP195878.1,NZ_CP195878.1,host genome (fallback),,False,,,none,,PhReD,PhReD: The Phage Receptor Database (Bio-conversion Databank Foundation). https://phred.biodf.org,2026-07-10,False,,high,medium,none
NCTC 12673,True,contractile,Myoviridae,Campylobacter jejuni,197,Campylobacter jejuni,Gram negative,flagella,acetamidino-modified pseudaminic acid glycosylated flagellin FlaA protein,Flagella,Protein,Undetermined,insufficient-data,none,Flagella host range is context-dependent; no empirical data in source,Javed et al. 2015,10.1111/mmi.12849, ,True,True,https://www.ncbi.nlm.nih.gov/nuccore/PZ191615.1,PZ191615.1,specific gene,FlaA,False,,,none,,PhReD,PhReD: The Phage Receptor Database (Bio-conversion Databank Foundation). https://phred.biodf.org,2026-07-10,False,,high,high,none
Vi Phage III,True,short,Podoviridae,Salmonella enterica serovar Typhi,90370,Salmonella enterica subsp. enterica serovar Typhi,Gram negative,cell wall,Vi exopolysaccharide,Capsular Polysaccharide,Glycan,Narrow,predicted-from-receptor,medium,capsule/K-antigen is strain/serotype specific -> narrow predicted,Pickard et al. 2010,10.1128/JB.00659-10, ,True,True,https://www.ncbi.nlm.nih.gov/nuccore/NZ_LR590081.1,NZ_LR590081.1,host genome (fallback),,False,,,none,,PhReD,PhReD: The Phage Receptor Database (Bio-conversion Databank Foundation). https://phred.biodf.org,2026-07-10,False,,high,medium,none
I2-2,False,"none (icosahedral, ssRNA)",Leviviridae,Escherichia coli,562,Escherichia coli,Gram negative,pili,I pili,Pili,Protein,Undetermined,insufficient-data,none,Pili host range is context-dependent; no empirical data in source,Coetzee et al. 1982,10.1099/00221287-128-11-2797, ,True,True,https://www.ncbi.nlm.nih.gov/nuccore/NZ_CP187781.1,NZ_CP187781.1,host genome (fallback),,True,https://www.uniprot.org/uniprotkb/P15415,P15415,specific RBP,Attachment protein G3P,PhReD,PhReD: The Phage Receptor Database (Bio-conversion Databank Foundation). https://phred.biodf.org,2026-07-10,False,,high,medium,high
P680,True,long non-contractile,Siphoviridae,Lactococcus lactis,1358,Lactococcus lactis,Gram positive,cell wall,cell wall polysaccharides,N/A,,Undetermined,insufficient-data,none,receptor does not support a host-range prediction,Mahony et al. 2013,10.1128/AEM.00653-13, ,True,True,https://www.ncbi.nlm.nih.gov/nuccore/NZ_CP184687.1,NZ_CP184687.1,host genome (fallback),,True,https://www.uniprot.org/uniprotkb/R9R227,R9R227,specific RBP,Putative receptor binding protein,PhReD,PhReD: The Phage Receptor Database (Bio-conversion Databank Foundation). https://phred.biodf.org,2026-07-10,False,,none,medium,high
0BJ,True,long non-contractile,Siphoviridae,Streptococcus thermophilus,1308,Streptococcus thermophilus,Gram positive,cell wall,cell wall polysaccharides,N/A,,Undetermined,insufficient-data,none,receptor does not support a host-range prediction,Quiberoni et al. 2000,10.1046/j.1365-2672.2000.01214.x, ,True,True,https://www.ncbi.nlm.nih.gov/nuccore/NZ_CP065485.1,NZ_CP065485.1,host genome (fallback),,False,,,none,,PhReD,PhReD: The Phage Receptor Database (Bio-conversion Databank Foundation). https://phred.biodf.org,2026-07-10,False,,none,medium,none
PP99,True,short,Podoviridae,Pectobacterium brasiliense,180957,Pectobacterium brasiliense,Gram negative,cell wall,O polysaccharide,LPS,Glycan,Narrow,predicted-from-receptor,low,O-antigen LPS generally serotype-specific -> narrow predicted (weak),Lukianova et al. 2020,10.3389/fmicb.2019.03147, ,True,True,https://www.ncbi.nlm.nih.gov/nuccore/NZ_CP179689.1,NZ_CP179689.1,host genome (fallback),,True,https://www.uniprot.org/uniprotkb/A0A1P8L663,A0A1P8L663,specific RBP,Tail spike protein,PhReD,PhReD: The Phage Receptor Database (Bio-conversion Databank Foundation). https://phred.biodf.org,2026-07-10,False,,high,medium,high
Paz,True,short,Podoviridae,Xylella fastidiosa,2371,Xylella fastidiosa,Gram negative,pili,PilA,Pili,Protein,Undetermined,insufficient-data,none,Pili host range is context-dependent; no empirical data in source,Ahern et al. 2014,10.1128/JB.01080-13, ,True,True,https://www.ncbi.nlm.nih.gov/nuccore/MN590488.1,MN590488.1,specific gene,PilA,True,https://www.uniprot.org/uniprotkb/V5Q7L7,V5Q7L7,specific RBP,Tail fiber protein,PhReD,PhReD: The Phage Receptor Database (Bio-conversion Databank Foundation). https://phred.biodf.org,2026-07-10,False,,high,high,high
Vi Phage I,True,contractile,Myoviridae,Salmonella enterica serovar Typhi,90370,Salmonella enterica subsp. enterica serovar Typhi,Gram negative,cell wall,Vi exopolysaccharide,Capsular Polysaccharide,Glycan,Narrow,predicted-from-receptor,medium,capsule/K-antigen is strain/serotype specific -> narrow predicted,Pickard et al. 2010,10.1128/JB.00659-10, ,True,True,https://www.ncbi.nlm.nih.gov/nuccore/NZ_LR590081.1,NZ_LR590081.1,host genome (fallback),,False,,,none,,PhReD,PhReD: The Phage Receptor Database (Bio-conversion Databank Foundation). https://phred.biodf.org,2026-07-10,False,,high,medium,none
SPC35,True,long non-contractile,Siphoviridae,Salmonella enterica serovar Typhimurium,90371,Salmonella enterica subsp. enterica serovar Typhimurium,Gram negative,cell wall,BtuB,Membrane Proteins,Protein,Broad,predicted-from-receptor,medium,conserved outer membrane protein receptor -> broad predicted,Kim and Ryu 2011,10.1128/AEM.02504-10, ,True,True,https://www.ncbi.nlm.nih.gov/nuccore/M89481.1,M89481.1,specific gene,BtuB,True,https://www.uniprot.org/uniprotkb/E9N493,E9N493,specific RBP,Receptor-binding protein,PhReD,PhReD: The Phage Receptor Database (Bio-conversion Databank Foundation). https://phred.biodf.org,2026-07-10,False,,high,high,high
φ80-18,True,short,Podoviridae,Yersinia enterocolitica,630,Yersinia enterocolitica,Gram negative,cell wall,LPS core,LPS,Glycan,Broad,predicted-from-receptor,low,conserved LPS core -> broad predicted,Zhang et al. 1994,10.1128/jb.176.6.1756-1760.1994, ,True,True,https://www.ncbi.nlm.nih.gov/nuccore/NZ_CP139458.1,NZ_CP139458.1,host genome (fallback),,True,https://www.uniprot.org/uniprotkb/I7K3G3,I7K3G3,specific RBP,Phage tail fiber protein,PhReD,PhReD: The Phage Receptor Database (Bio-conversion Databank Foundation). https://phred.biodf.org,2026-07-10,False,,high,medium,high
SPN10H,True,long non-contractile,Siphoviridae,Salmonella enterica serovar Typhimurium,90371,Salmonella enterica subsp. enterica serovar Typhimurium,Gram negative,cell wall,"BtuB, vitamin B12 membrane transporter",Membrane Proteins,Protein,Broad,predicted-from-receptor,medium,conserved outer membrane protein receptor -> broad predicted,Shin et al. 2012,10.1371/journal.pone.0043392, ,True,True,https://www.ncbi.nlm.nih.gov/nuccore/M89481.1,M89481.1,specific gene,BtuB,False,,,none,,PhReD,PhReD: The Phage Receptor Database (Bio-conversion Databank Foundation). https://phred.biodf.org,2026-07-10,False,,high,high,none
T4,True,contractile,Myoviridae,Escherichia coli K-12,83333,Escherichia coli K-12,Gram negative,cell wall,Protein O-8 (OmpC) with LPS,Membrane Proteins,Protein,Broad,predicted-from-receptor,medium,conserved outer membrane protein receptor -> broad predicted,Prehm et al. 1976; Mutoh et al. 1978; Goldberg et al. 1994,"10.1016/0022-2836(76)90377-6 (Prehm et al), 10.1128/jb.136.2.693-699.1978 (Mutoh et al), Goldberg E, Grinius L, Letellier L. Recognition, attachment and injection. In: Karam JD (ed.). Molecular Biology of Bacteriophage T4. Washington: American Society for Microbiology, 1994, 347–56", ,True,True,https://www.ncbi.nlm.nih.gov/nuccore/DQ389022.1,DQ389022.1,specific gene,OmpC,True,https://www.uniprot.org/uniprotkb/A0A7S9SVH6,A0A7S9SVH6,specific RBP,Pre-baseplate central spike protein Gp5,PhReD,PhReD: The Phage Receptor Database (Bio-conversion Databank Foundation). https://phred.biodf.org,2026-07-10,True,low-confidence domain assignment,low,high,high
φM6,True,contractile,Myoviridae,Sinorhizobium meliloti,382,Sinorhizobium meliloti,Gram negative,cell wall,lipopolysaccharide core residues and outer membrane porin RopA3,LPS,Glycan,Broad,predicted-from-receptor,low,conserved LPS core -> broad predicted,Crook et al. 2013,10.1128/JB.00480-13, ,True,True,https://www.ncbi.nlm.nih.gov/nuccore/NZ_CP021219.1,NZ_CP021219.1,host genome (fallback),,False,,,none,,PhReD,PhReD: The Phage Receptor Database (Bio-conversion Databank Foundation). https://phred.biodf.org,2026-07-10,True,low-confidence domain assignment,low,medium,none
φ77,True,long non-contractile,Siphoviridae,Staphylococcus aureus,1280,Staphylococcus aureus,Gram positive,cell wall,α-GlcNAc residues of wall teichoic acid,Teichoic Acids,Glycan,Undetermined,insufficient-data,none,Teichoic Acids host range is context-dependent; no empirical data in source,Xia et al. 2011,10.1128/JB.01412-10, ,True,True,https://www.ncbi.nlm.nih.gov/nuccore/NZ_CP195878.1,NZ_CP195878.1,host genome (fallback),,False,,,none,,PhReD,PhReD: The Phage Receptor Database (Bio-conversion Databank Foundation). https://phred.biodf.org,2026-07-10,False,,high,medium,none
F355,True,contractile,Myoviridae,Campylobacter jejuni,197,Campylobacter jejuni,Gram negative,cell wall,capsular polysaccharides,Capsular Polysaccharide,Glycan,Narrow,predicted-from-receptor,medium,capsule/K-antigen is strain/serotype specific -> narrow predicted,Sørensen et al. 2015,10.1371/journal.pone.0116287, ,True,True,https://www.ncbi.nlm.nih.gov/nuccore/NZ_CP172364.1,NZ_CP172364.1,host genome (fallback),,False,,,none,,PhReD,PhReD: The Phage Receptor Database (Bio-conversion Databank Foundation). https://phred.biodf.org,2026-07-10,False,,high,medium,none
mEp173,True,long non-contractile,Siphoviridae,Escherichia coli,562,Escherichia coli,Gram negative,cell wall,FhuA,Membrane Proteins,Protein,Broad,predicted-from-receptor,medium,conserved outer membrane protein receptor -> broad predicted,Hernandez-Sanchez et al. 2008,10.1007/s00705-008-0111-0, ,True,True,https://www.ncbi.nlm.nih.gov/nuccore/M12486.1,M12486.1,specific gene,FhuA,False,,,none,,PhReD,PhReD: The Phage Receptor Database (Bio-conversion Databank Foundation). https://phred.biodf.org,2026-07-10,False,,high,high,none
F367,True,contractile,Myoviridae,Campylobacter jejuni,197,Campylobacter jejuni,Gram negative,cell wall,capsular polysaccharides,Capsular Polysaccharide,Glycan,Narrow,predicted-from-receptor,medium,capsule/K-antigen is strain/serotype specific -> narrow predicted,Sørensen et al. 2015,10.1371/journal.pone.0116287, ,True,True,https://www.ncbi.nlm.nih.gov/nuccore/NZ_CP172364.1,NZ_CP172364.1,host genome (fallback),,False,,,none,,PhReD,PhReD: The Phage Receptor Database (Bio-conversion Databank Foundation). https://phred.biodf.org,2026-07-10,False,,high,medium,none
SPN5T,True,long non-contractile,Siphoviridae,Salmonella enterica serovar Typhimurium,90371,Salmonella enterica subsp. enterica serovar Typhimurium,Gram negative,flagella,FliC or FljB,Flagella,Protein,Undetermined,insufficient-data,none,Flagella host range is context-dependent; no empirical data in source,Shin et al. 2012,10.1371/journal.pone.0043392, ,True,True,https://www.ncbi.nlm.nih.gov/nuccore/JN587177.1,JN587177.1,specific gene,FliC,False,,,none,,PhReD,PhReD: The Phage Receptor Database (Bio-conversion Databank Foundation). https://phred.biodf.org,2026-07-10,False,,high,high,none
JG004,True,contractile,Myoviridae,Pseudomonas aeruginosa,287,Pseudomonas aeruginosa,Gram negative,cell wall,LPS,LPS,Glycan,Narrow,predicted-from-receptor,low,O-antigen LPS generally serotype-specific -> narrow predicted (weak),Garbe et al. 2011,10.1186/1471-2180-11-102, ,True,True,https://www.ncbi.nlm.nih.gov/nuccore/NZ_OZ484744.1,NZ_OZ484744.1,host genome (fallback),,True,https://www.uniprot.org/uniprotkb/F4YDS4,F4YDS4,specific RBP,Tail fiber protein,PhReD,PhReD: The Phage Receptor Database (Bio-conversion Databank Foundation). https://phred.biodf.org,2026-07-10,False,,high,medium,high
AS11,True,short,Podoviridae,Acinetobacter baumannii,470,Acinetobacter baumannii,Gram negative,cell wall,capsular polysaccharides,Capsular Polysaccharide,Glycan,Narrow,predicted-from-receptor,medium,capsule/K-antigen is strain/serotype specific -> narrow predicted,Popova et al. 2017,10.3390/v9070188, ,True,True,https://www.ncbi.nlm.nih.gov/nuccore/NZ_CP156044.1,NZ_CP156044.1,host genome (fallback),,False,,,none,,PhReD,PhReD: The Phage Receptor Database (Bio-conversion Databank Foundation). https://phred.biodf.org,2026-07-10,False,,high,medium,none
K11,True,short,Podoviridae,Klebsiella sp.,576,Klebsiella sp.,Gram negative,Bacterial capsule,Hydrolysis of β-D-glucosyl-(1-3)-β-D-glucuronic acid  linkages. The phage is also able to cleave α-D-galactosyl-(1-3)-β-D-glucose bonds,N/A,,Undetermined,insufficient-data,none,receptor does not support a host-range prediction,Thurow et al. 1975,10.1016/s0008-6215(00)87024-x, ,True,False,,,none,,True,https://www.uniprot.org/uniprotkb/B3VD19,B3VD19,specific RBP,Probable tail spike protein,PhReD,PhReD: The Phage Receptor Database (Bio-conversion Databank Foundation). https://phred.biodf.org,2026-07-10,False,,none,none,high
φPA02,True,contractile,Myoviridae,Pseudomonas aeruginosa,287,Pseudomonas aeruginosa,Gram negative,cell wall,LPS,LPS,Glycan,Narrow,predicted-from-receptor,low,O-antigen LPS generally serotype-specific -> narrow predicted (weak),Ong et al. 2020,10.1016/j.jbiosc.2020.02.001, ,True,True,https://www.ncbi.nlm.nih.gov/nuccore/NZ_OZ484744.1,NZ_OZ484744.1,host genome (fallback),,False,,,none,,PhReD,PhReD: The Phage Receptor Database (Bio-conversion Databank Foundation). https://phred.biodf.org,2026-07-10,False,,high,medium,none
φAcS2,True,long non-contractile,Siphoviridae,Asticcacaulis biprosthecium,76891,Asticcacaulis biprosthecium,Gram negative,flagella,flagella,Flagella,Protein,Undetermined,insufficient-data,none,Flagella host range is context-dependent; no empirical data in source,Pate et al. 1979,10.1016/0042-6822(79)90435-5, ,True,False,,,none,,False,,,none,,PhReD,PhReD: The Phage Receptor Database (Bio-conversion Databank Foundation). https://phred.biodf.org,2026-07-10,False,,high,none,none
KTN4,True,contractile,Myoviridae,Pseudomonas aeruginosa,287,Pseudomonas aeruginosa,Gram negative,pili,type IV pili,Pili,Protein,Undetermined,insufficient-data,none,Pili host range is context-dependent; no empirical data in source,Danis-Wlodarczyk et al. 2016,10.1038/srep28115, ,True,True,https://www.ncbi.nlm.nih.gov/nuccore/NZ_OZ484744.1,NZ_OZ484744.1,host genome (fallback),,False,,,none,,PhReD,PhReD: The Phage Receptor Database (Bio-conversion Databank Foundation). https://phred.biodf.org,2026-07-10,False,,high,medium,none
F378,True,contractile,Myoviridae,Campylobacter jejuni,197,Campylobacter jejuni,Gram negative,flagella,rotating flagella,Flagella,Protein,Undetermined,insufficient-data,none,Flagella host range is context-dependent; no empirical data in source,Sørensen et al. 2015,10.1371/journal.pone.0116287, ,True,True,https://www.ncbi.nlm.nih.gov/nuccore/NZ_CP172364.1,NZ_CP172364.1,host genome (fallback),,False,,,none,,PhReD,PhReD: The Phage Receptor Database (Bio-conversion Databank Foundation). https://phred.biodf.org,2026-07-10,False,,high,medium,none
M13,False,none (filamentous),Inoviridae,Escherichia coli,562,Escherichia coli,Gram negative,Pilum and mating pair formation structure,Tip of the F pilus followed by TolQRA complex in membrane after pilus retraction,Pili,Protein,Undetermined,insufficient-data,none,Pili host range is context-dependent; no empirical data in source,Loeb 1960; Caro and Schnos 1966; Russel et al. 1988; Click and Webster 1998,"10.1126/science.131.3404.932 (Loeb), 10.1073/pnas.56.1.126 (Caro and Schnos), 10.1128/jb.170.11.5312-5316.1988 (Russel et al), 10.1128/jb.180.7.1723-1728.1998 (Click and Webster)", ,True,True,https://www.ncbi.nlm.nih.gov/nuccore/NZ_CP187781.1,NZ_CP187781.1,host genome (fallback),,True,https://www.uniprot.org/uniprotkb/P69168,P69168,specific RBP,Attachment protein G3P,PhReD,PhReD: The Phage Receptor Database (Bio-conversion Databank Foundation). https://phred.biodf.org,2026-07-10,True,low-confidence domain assignment,low,medium,high
SPN7C,True,long non-contractile,Siphoviridae,Salmonella enterica serovar Typhimurium,90371,Salmonella enterica subsp. enterica serovar Typhimurium,Gram negative,cell wall,"BtuB, vitamin B12 membrane transporter",Membrane Proteins,Protein,Broad,predicted-from-receptor,medium,conserved outer membrane protein receptor -> broad predicted,Shin et al. 2012,10.1371/journal.pone.0043392, ,True,True,https://www.ncbi.nlm.nih.gov/nuccore/M89481.1,M89481.1,specific gene,BtuB,False,,,none,,PhReD,PhReD: The Phage Receptor Database (Bio-conversion Databank Foundation). https://phred.biodf.org,2026-07-10,False,,high,high,none
φCO01,True,contractile,Ackermannviridae,Acinetobacter baumannii,470,Acinetobacter baumannii,Gram negative,cell wall,capsular polysaccharides,Capsular Polysaccharide,Glycan,Narrow,predicted-from-receptor,medium,capsule/K-antigen is strain/serotype specific -> narrow predicted,Gordillo Altamirano et al. 2021,10.1038/s41564-020-00830-7, ,True,True,https://www.ncbi.nlm.nih.gov/nuccore/NZ_CP156044.1,NZ_CP156044.1,host genome (fallback),,False,,,none,,PhReD,PhReD: The Phage Receptor Database (Bio-conversion Databank Foundation). https://phred.biodf.org,2026-07-10,False,,high,medium,none
DLP1,True,long non-contractile,Siphoviridae,Stenotrophomonas maltophilia,40324,Stenotrophomonas maltophilia,Gram negative,pilus,type IV pili and functional retraction,Pili,Protein,Undetermined,insufficient-data,none,Pili host range is context-dependent; no empirical data in source,McCutcheon et al. 2018,10.3390/v10060338, ,True,True,https://www.ncbi.nlm.nih.gov/nuccore/NZ_CP031058.1,NZ_CP031058.1,host genome (fallback),,False,,,none,,PhReD,PhReD: The Phage Receptor Database (Bio-conversion Databank Foundation). https://phred.biodf.org,2026-07-10,False,,high,medium,none
P35,True,long non-contractile,Siphoviridae,Listeria monocytogenes,1639,Listeria monocytogenes,Gram positive,cell wall,N-acetylglucosamine and rhamnose in the wall teichoic acid,Teichoic Acids,Glycan,Undetermined,insufficient-data,none,Teichoic Acids host range is context-dependent; no empirical data in source,Bielmann et al. 2015,10.1016/j.virol.2014.12.035, ,True,True,https://www.ncbi.nlm.nih.gov/nuccore/NZ_CP190322.1,NZ_CP190322.1,host genome (fallback),,False,,,none,,PhReD,PhReD: The Phage Receptor Database (Bio-conversion Databank Foundation). https://phred.biodf.org,2026-07-10,False,,high,medium,none
mEp167,True,long non-contractile,Siphoviridae,Escherichia coli,562,Escherichia coli,Gram negative,cell wall,FhuA,Membrane Proteins,Protein,Broad,predicted-from-receptor,medium,conserved outer membrane protein receptor -> broad predicted,"Uc-Mass et al. 2004, Hernandez-Sanchez et al. 2008","10.1016/j.virol.2004.09.005 (Uc-Mass et al), 10.1007/s00705-008-0111-0 (Hernandez-Sanchez et al)", ,True,True,https://www.ncbi.nlm.nih.gov/nuccore/M12486.1,M12486.1,specific gene,FhuA,False,,,none,,PhReD,PhReD: The Phage Receptor Database (Bio-conversion Databank Foundation). https://phred.biodf.org,2026-07-10,False,,high,high,none
Salvo,True,long non-contractile,Siphoviridae,Xylella fastidiosa,2371,Xylella fastidiosa,Gram negative,pili,PilA,Pili,Protein,Undetermined,insufficient-data,none,Pili host range is context-dependent; no empirical data in source,Ahern et al. 2014,10.1128/JB.01080-13, ,True,True,https://www.ncbi.nlm.nih.gov/nuccore/MN590488.1,MN590488.1,specific gene,PilA,True,https://www.uniprot.org/uniprotkb/V5Q7X8,V5Q7X8,specific RBP,Tail fiber protein,PhReD,PhReD: The Phage Receptor Database (Bio-conversion Databank Foundation). https://phred.biodf.org,2026-07-10,False,,high,high,high
PA5oct,True,contractile,Myoviridae,Pseudomonas aeruginosa,287,Pseudomonas aeruginosa,Gram negative,cell wall,"LPS primary receptor, possible Type IV pili is secondary receptor",LPS,Glycan,Narrow,predicted-from-receptor,low,O-antigen LPS generally serotype-specific -> narrow predicted (weak),Olszak et al. 2019,10.3390/v11121089, ,True,True,https://www.ncbi.nlm.nih.gov/nuccore/NZ_OZ484744.1,NZ_OZ484744.1,host genome (fallback),,False,,,none,,PhReD,PhReD: The Phage Receptor Database (Bio-conversion Databank Foundation). https://phred.biodf.org,2026-07-10,False,,medium,medium,none
T4 (alternate host),True,contractile,Myoviridae,Escherichia coli B,37762,Escherichia coli B,Gram negative,cell wall,"Glucosyl-α-1,3-glucose terminus of rough LPS",LPS,Glycan,Narrow,predicted-from-receptor,low,O-antigen LPS generally serotype-specific -> narrow predicted (weak),Prehm et al. 1976; Mutoh et al. 1978; Goldberg et al. 1994,"10.1016/0022-2836(76)90377-6 (Prehm et al), 10.1128/jb.136.2.693-699.1978 (Mutoh et al), Goldberg E, Grinius L, Letellier L. Recognition, attachment and injection. In: Karam JD (ed.). Molecular Biology of Bacteriophage T4. Washington: American Society for Microbiology, 1994, 347–56", ,True,True,https://www.ncbi.nlm.nih.gov/nuccore/NZ_CP014269.1,NZ_CP014269.1,host genome (fallback),,False,,,none,,PhReD,PhReD: The Phage Receptor Database (Bio-conversion Databank Foundation). https://phred.biodf.org,2026-07-10,False,,high,medium,none
Yep-phi,True,short,Podoviridae,Yersinia pestis,632,Yersinia pestis,Gram negative,outer membrane and cell wall,outermembrane protein Ail and OmpF and LPS,Membrane Proteins,Protein,Broad,predicted-from-receptor,medium,conserved outer membrane protein receptor -> broad predicted,Zhao et al. 2013,10.1128/JVI.01948-13, ,True,True,https://www.ncbi.nlm.nih.gov/nuccore/NZ_CP033699.1,NZ_CP033699.1,host genome (fallback),,True,https://www.uniprot.org/uniprotkb/E5L7F4,E5L7F4,specific RBP,Tail fiber protein,PhReD,PhReD: The Phage Receptor Database (Bio-conversion Databank Foundation). https://phred.biodf.org,2026-07-10,True,low-confidence domain assignment,low,medium,high
Det7,True,contractile,Myoviridae,Salmonella enterica serovar Typhimurium,90371,Salmonella enterica subsp. enterica serovar Typhimurium,Gram negative,cell wall,LPS O antigen,LPS,Glycan,Narrow,predicted-from-receptor,medium,specific O-antigen/serotype -> narrow predicted,Walter et al. 2008,10.1128/JVI.01641-07, ,True,True,https://www.ncbi.nlm.nih.gov/nuccore/NZ_CP104816.1,NZ_CP104816.1,host genome (fallback),,True,https://www.uniprot.org/uniprotkb/A0A0C5PSI2,A0A0C5PSI2,specific RBP,Tailspike,PhReD,PhReD: The Phage Receptor Database (Bio-conversion Databank Foundation). https://phred.biodf.org,2026-07-10,False,,high,medium,high
kh,True,long non-contractile,Siphoviridae,Lactococcus lactis,1358,Lactococcus lactis,Gram positive,cell wall,"rhamnose in carbohydrates in cell wall for reversible binding, Pip (phage infection protein)  for irreversible binding",Membrane Proteins,Protein,Broad,predicted-from-receptor,medium,conserved outer membrane protein receptor -> broad predicted,"Valyasevi et al. 1990, Monteville et al. 1994","10.1128/aem.56.6.1882-1889.1990 (Valyasevi et al), 10.1128/aem.60.9.3204-3211.1994 (Monteville et al)", ,True,True,https://www.ncbi.nlm.nih.gov/nuccore/NZ_CP184687.1,NZ_CP184687.1,host genome (fallback),,False,,,none,,PhReD,PhReD: The Phage Receptor Database (Bio-conversion Databank Foundation). https://phred.biodf.org,2026-07-10,True,receptor text does not support domain 'Membrane Proteins',high,medium,none
φFG02,True,contractile,Myoviridae,Acinetobacter baumannii,470,Acinetobacter baumannii,Gram negative,cell wall,capsular polysaccharides,Capsular Polysaccharide,Glycan,Narrow,predicted-from-receptor,medium,capsule/K-antigen is strain/serotype specific -> narrow predicted,Gordillo Altamirano et al. 2021,10.1038/s41564-020-00830-7, ,True,True,https://www.ncbi.nlm.nih.gov/nuccore/NZ_CP156044.1,NZ_CP156044.1,host genome (fallback),,False,,,none,,PhReD,PhReD: The Phage Receptor Database (Bio-conversion Databank Foundation). https://phred.biodf.org,2026-07-10,False,,high,medium,none
f1,False,none (filamentous),Inoviridae,Escherichia coli,562,Escherichia coli,Gram negative,"pili, cell envelope","F pili tip as primary attachment, TolA (C-terminal domain) secondary receptor",Pili,Protein,Undetermined,insufficient-data,none,Pili host range is context-dependent; no empirical data in source,"Caro and Schnos 1966, Click and Webster 1997","10.1073/pnas.56.1.126 (Caro and Schnos), 10.1128/jb.180.7.1723-1728.1998 (Click and Webster)", ,True,True,https://www.ncbi.nlm.nih.gov/nuccore/M28232.1,M28232.1,specific gene,TolA,True,https://www.uniprot.org/uniprotkb/P69169,P69169,specific RBP,Attachment protein G3P,PhReD,PhReD: The Phage Receptor Database (Bio-conversion Databank Foundation). https://phred.biodf.org,2026-07-10,False,,medium,high,high
T3,True,short,Podoviridae,Escherichia coli,562,Escherichia coli,Gram negative,cell wall,"Glucosyl-α-1,3-glucose terminus of rough LPS",LPS,Glycan,Narrow,predicted-from-receptor,low,O-antigen LPS generally serotype-specific -> narrow predicted (weak),Prehm et al. 1976,10.1016/0022-2836(76)90377-6, ,True,True,https://www.ncbi.nlm.nih.gov/nuccore/NZ_CP187781.1,NZ_CP187781.1,host genome (fallback),,True,https://www.uniprot.org/uniprotkb/P10308,P10308,specific RBP,Tail fiber protein,PhReD,PhReD: The Phage Receptor Database (Bio-conversion Databank Foundation). https://phred.biodf.org,2026-07-10,False,,high,medium,high
φ1026b,True,long non-contractile,Siphoviridae,Burkholderia mallei,13373,Burkholderia mallei,Gram negative,cell wall,LPS O antigen,LPS,Glycan,Narrow,predicted-from-receptor,medium,specific O-antigen/serotype -> narrow predicted,DeShazer et al. 2004,10.1128/JB.186.12.3938–3950.2004, ,True,True,https://www.ncbi.nlm.nih.gov/nuccore/NZ_CP009731.1,NZ_CP009731.1,host genome (fallback),,False,,,none,,PhReD,PhReD: The Phage Receptor Database (Bio-conversion Databank Foundation). https://phred.biodf.org,2026-07-10,False,,high,medium,none
SPN18,True,long non-contractile,Siphoviridae,Salmonella enterica serovar Typhimurium,90371,Salmonella enterica subsp. enterica serovar Typhimurium,Gram negative,cell wall,"BtuB, vitamin B12 membrane transporter",Membrane Proteins,Protein,Broad,predicted-from-receptor,medium,conserved outer membrane protein receptor -> broad predicted,Shin et al. 2012,10.1371/journal.pone.0043392, ,True,True,https://www.ncbi.nlm.nih.gov/nuccore/M89481.1,M89481.1,specific gene,BtuB,False,,,none,,PhReD,PhReD: The Phage Receptor Database (Bio-conversion Databank Foundation). https://phred.biodf.org,2026-07-10,False,,high,high,none
SPN4S,True,long non-contractile,Siphoviridae,Salmonella enterica serovar Typhimurium,90371,Salmonella enterica subsp. enterica serovar Typhimurium,Gram negative,flagella,FliC or FljB,Flagella,Protein,Undetermined,insufficient-data,none,Flagella host range is context-dependent; no empirical data in source,Shin et al. 2012,10.1371/journal.pone.0043392, ,True,True,https://www.ncbi.nlm.nih.gov/nuccore/JN587177.1,JN587177.1,specific gene,FliC,False,,,none,,PhReD,PhReD: The Phage Receptor Database (Bio-conversion Databank Foundation). https://phred.biodf.org,2026-07-10,False,,high,high,none
φMR003,True,contractile,Herelleviridae,Staphylococcus aureus,1280,Staphylococcus aureus,Gram positive,cell wall,backbone of wall teichoic acid,Teichoic Acids,Glycan,Undetermined,insufficient-data,none,Teichoic Acids host range is context-dependent; no empirical data in source,Peng et al. 2019,10.1007/s00253-019-10039-2, ,True,True,https://www.ncbi.nlm.nih.gov/nuccore/NZ_CP195878.1,NZ_CP195878.1,host genome (fallback),,False,,,none,,PhReD,PhReD: The Phage Receptor Database (Bio-conversion Databank Foundation). https://phred.biodf.org,2026-07-10,False,,high,medium,none
POP72,True,short,Podoviridae,Pectobacterium carotovorum subsp. carotovorum,555,Pectobacterium carotovorum subsp. carotovorum,Gram negative,cell wall,colanic acid in capsular extracellular polysaccharide,Capsular Polysaccharide,Glycan,Narrow,predicted-from-receptor,medium,capsule/K-antigen is strain/serotype specific -> narrow predicted,Kim et al. 2019,10.3389/fmicb.2019.00143, ,True,True,https://www.ncbi.nlm.nih.gov/nuccore/NZ_CP117874.1,NZ_CP117874.1,host genome (fallback),,False,,,none,,PhReD,PhReD: The Phage Receptor Database (Bio-conversion Databank Foundation). https://phred.biodf.org,2026-07-10,False,,high,medium,none
J-1,True,long non-contractile,Siphoviridae,Lactobacillus casei,1582,Lacticaseibacillus casei,Gram positive,cell wall,cell wall polysaccharides,N/A,,Undetermined,insufficient-data,none,receptor does not support a host-range prediction,Dieterle et al. 2017,10.1111/mmi.13649, ,True,True,https://www.ncbi.nlm.nih.gov/nuccore/NZ_CP074377.1,NZ_CP074377.1,host genome (fallback),,True,https://www.uniprot.org/uniprotkb/U5U4G9,U5U4G9,other tail protein,Major tail protein,PhReD,PhReD: The Phage Receptor Database (Bio-conversion Databank Foundation). https://phred.biodf.org,2026-07-10,False,,none,medium,medium
S103,True,long non-contractile,Siphoviridae,Salmonella enterica serovar Typhimurium,90371,Salmonella enterica subsp. enterica serovar Typhimurium,Gram negative,cell wall,O-antigen,LPS,Glycan,Narrow,predicted-from-receptor,medium,specific O-antigen/serotype -> narrow predicted,Gencay et al. 2019,10.1111/1462-2920.14597, ,True,True,https://www.ncbi.nlm.nih.gov/nuccore/NZ_CP104816.1,NZ_CP104816.1,host genome (fallback),,False,,,none,,PhReD,PhReD: The Phage Receptor Database (Bio-conversion Databank Foundation). https://phred.biodf.org,2026-07-10,False,,high,medium,none
A500,True,long non-contractile,Siphoviridae,Listeria monocytogenes,1639,Listeria monocytogenes,Gram positive,cell wall,galactosyalted GlcNAc residues of wall teichoic acids,Teichoic Acids,Glycan,Undetermined,insufficient-data,none,Teichoic Acids host range is context-dependent; no empirical data in source,Sumrall et al. 2019,10.1111/mmi.14455, ,True,True,https://www.ncbi.nlm.nih.gov/nuccore/NZ_CP190322.1,NZ_CP190322.1,host genome (fallback),,False,,,none,,PhReD,PhReD: The Phage Receptor Database (Bio-conversion Databank Foundation). https://phred.biodf.org,2026-07-10,False,,high,medium,none
h,True,long non-contractile,Siphoviridae,Lactococcus lactis,1358,Lactococcus lactis,Gram positive,cell wall,"rhamnose in carbohydrates in cell wall for reversible binding, Pip (phage infection protein)  for irreversible binding",Membrane Proteins,Protein,Broad,predicted-from-receptor,medium,conserved outer membrane protein receptor -> broad predicted,Monteville et al. 1994,10.1128/aem.60.9.3204-3211.1994, ,True,True,https://www.ncbi.nlm.nih.gov/nuccore/NZ_CP184687.1,NZ_CP184687.1,host genome (fallback),,False,,,none,,PhReD,PhReD: The Phage Receptor Database (Bio-conversion Databank Foundation). https://phred.biodf.org,2026-07-10,True,receptor text does not support domain 'Membrane Proteins',high,medium,none
M6654,True,long non-contractile,Siphoviridae,Lactococcus lactis,1358,Lactococcus lactis,Gram positive,cell wall,YjaE,N/A,,Undetermined,insufficient-data,none,receptor does not support a host-range prediction,Millen et al. 2023,10.1099/jgv.0.000499, ,True,True,https://www.ncbi.nlm.nih.gov/nuccore/NZ_CP184687.1,NZ_CP184687.1,host genome (fallback),,False,,,none,,PhReD,PhReD: The Phage Receptor Database (Bio-conversion Databank Foundation). https://phred.biodf.org,2026-07-10,False,,none,medium,none
M6162,True,long non-contractile,Siphoviridae,Lactococcus lactis,1358,Lactococcus lactis,Gram positive,cell wall,YjaE,N/A,,Undetermined,insufficient-data,none,receptor does not support a host-range prediction,Millen et al. 2019,10.1099/jgv.0.000499, ,True,True,https://www.ncbi.nlm.nih.gov/nuccore/NZ_CP184687.1,NZ_CP184687.1,host genome (fallback),,False,,,none,,PhReD,PhReD: The Phage Receptor Database (Bio-conversion Databank Foundation). https://phred.biodf.org,2026-07-10,False,,none,medium,none
S117,True,contractile,Myoviridae,Salmonella enterica serovar Typhimurium,90371,Salmonella enterica subsp. enterica serovar Typhimurium,Gram negative,cell wall,O-antigen,LPS,Glycan,Narrow,predicted-from-receptor,medium,specific O-antigen/serotype -> narrow predicted,Gencay et al. 2019,10.1111/1462-2920.14597, ,True,True,https://www.ncbi.nlm.nih.gov/nuccore/NZ_CP104816.1,NZ_CP104816.1,host genome (fallback),,False,,,none,,PhReD,PhReD: The Phage Receptor Database (Bio-conversion Databank Foundation). https://phred.biodf.org,2026-07-10,False,,high,medium,none
F336,True,contractile,Myoviridae,Campylobacter jejuni,197,Campylobacter jejuni,Gram negative,cell wall,O-methyl phosphoramidate moiety attached to the GalfNAc on the capsular polysaccharide (CPS),Capsular Polysaccharide,Glycan,Narrow,predicted-from-receptor,medium,capsule/K-antigen is strain/serotype specific -> narrow predicted,Sørensen et al. 2011,10.1128/JB.05276-11, ,True,True,https://www.ncbi.nlm.nih.gov/nuccore/NZ_CP172364.1,NZ_CP172364.1,host genome (fallback),,True,https://www.uniprot.org/uniprotkb/A0A7T3KD16,A0A7T3KD16,specific RBP,Receptor binding protein 1,PhReD,PhReD: The Phage Receptor Database (Bio-conversion Databank Foundation). https://phred.biodf.org,2026-07-10,False,,high,medium,high
mEp043,True,long non-contractile,Siphoviridae,Escherichia coli,562,Escherichia coli,Gram negative,cell wall,FhuA,Membrane Proteins,Protein,Broad,predicted-from-receptor,medium,conserved outer membrane protein receptor -> broad predicted,"Uc-Mass et al. 2004, Hernandez-Sanchez et al. 2008","10.1016/j.virol.2004.09.005 (Uc-Mass et al), 10.1007/s00705-008-0111-0 (Hernandez-Sanchez et al)", ,True,True,https://www.ncbi.nlm.nih.gov/nuccore/M12486.1,M12486.1,specific gene,FhuA,True,https://www.uniprot.org/uniprotkb/K7PK01,K7PK01,specific RBP,Tail fiber,PhReD,PhReD: The Phage Receptor Database (Bio-conversion Databank Foundation). https://phred.biodf.org,2026-07-10,False,,high,high,high
S116,True,long non-contractile,Siphoviridae,Salmonella enterica serovar Typhimurium,90371,Salmonella enterica subsp. enterica serovar Typhimurium,Gram negative,cell wall,"BtuB, vitamin B12 membrane transporter",Membrane Proteins,Protein,Broad,predicted-from-receptor,medium,conserved outer membrane protein receptor -> broad predicted,Gencay et al. 2019,10.1111/1462-2920.14597, ,True,True,https://www.ncbi.nlm.nih.gov/nuccore/M89481.1,M89481.1,specific gene,BtuB,True,https://www.uniprot.org/uniprotkb/A0A2Z5HL62,A0A2Z5HL62,specific RBP,Receptor-binding protein,PhReD,PhReD: The Phage Receptor Database (Bio-conversion Databank Foundation). https://phred.biodf.org,2026-07-10,False,,high,high,high
φM19,True,contractile,Myoviridae,Sinorhizobium meliloti,382,Sinorhizobium meliloti,Gram negative,cell wall,outer membrane porin RopA1,Membrane Proteins,Protein,Broad,predicted-from-receptor,medium,conserved outer membrane protein receptor -> broad predicted,Crook et al. 2013,10.1128/JB.00480-13, ,True,True,https://www.ncbi.nlm.nih.gov/nuccore/NZ_CP021219.1,NZ_CP021219.1,host genome (fallback),,True,https://www.uniprot.org/uniprotkb/A0A2P0VGA5,A0A2P0VGA5,specific RBP,Receptor binding protein,PhReD,PhReD: The Phage Receptor Database (Bio-conversion Databank Foundation). https://phred.biodf.org,2026-07-10,False,,high,medium,high
φIF3,True,contractile,Myoviridae,Serratia marcescens,615,Serratia marcescens,Gram negative,cell wall,O-antigen of LPS,LPS,Glycan,Narrow,predicted-from-receptor,medium,specific O-antigen/serotype -> narrow predicted,Petty et al. 2006,10.1099/mic.0.28712-0, ,True,True,https://www.ncbi.nlm.nih.gov/nuccore/NZ_CP192733.1,NZ_CP192733.1,host genome (fallback),,False,,,none,,PhReD,PhReD: The Phage Receptor Database (Bio-conversion Databank Foundation). https://phred.biodf.org,2026-07-10,False,,high,medium,none
Ike,False,none (filamentous),Inoviridae,Escherichia coli,562,Escherichia coli,Gram negative,pili,N pili,Pili,Protein,Undetermined,insufficient-data,none,Pili host range is context-dependent; no empirical data in source,Bradley et al. 1983,10.1128/jb.154.1.505-507.1983, ,True,True,https://www.ncbi.nlm.nih.gov/nuccore/NZ_CP187781.1,NZ_CP187781.1,host genome (fallback),,True,https://www.uniprot.org/uniprotkb/P03663,P03663,specific RBP,Attachment protein G3P,PhReD,PhReD: The Phage Receptor Database (Bio-conversion Databank Foundation). https://phred.biodf.org,2026-07-10,False,,high,medium,high
KPP22,True,contractile,Myoviridae,Pseudomonas aeruginosa,287,Pseudomonas aeruginosa,Gram negative,cell wall,O5 antigen of LPS,LPS,Glycan,Narrow,predicted-from-receptor,low,O-antigen LPS generally serotype-specific -> narrow predicted (weak),Uchiyama et al. 2016,10.1128/AEM.00090-16, ,True,True,https://www.ncbi.nlm.nih.gov/nuccore/NZ_OZ484744.1,NZ_OZ484744.1,host genome (fallback),,False,,,none,,PhReD,PhReD: The Phage Receptor Database (Bio-conversion Databank Foundation). https://phred.biodf.org,2026-07-10,False,,high,medium,none
F387,True,contractile,Myoviridae,Campylobacter jejuni,197,Campylobacter jejuni,Gram negative,flagella,rotating flagella,Flagella,Protein,Undetermined,insufficient-data,none,Flagella host range is context-dependent; no empirical data in source,Sørensen et al. 2015,10.1371/journal.pone.0116287, ,True,True,https://www.ncbi.nlm.nih.gov/nuccore/NZ_CP172364.1,NZ_CP172364.1,host genome (fallback),,False,,,none,,PhReD,PhReD: The Phage Receptor Database (Bio-conversion Databank Foundation). https://phred.biodf.org,2026-07-10,False,,high,medium,none
fPS-64,True,short,Podoviridae,Yersinia enterocolitica,630,Yersinia enterocolitica,Gram negative,cell wall,LPS O antigen,LPS,Glycan,Narrow,predicted-from-receptor,medium,specific O-antigen/serotype -> narrow predicted,Salem et al. 2018,10.3390/v10040174, ,True,True,https://www.ncbi.nlm.nih.gov/nuccore/NZ_CP139458.1,NZ_CP139458.1,host genome (fallback),,False,,,none,,PhReD,PhReD: The Phage Receptor Database (Bio-conversion Databank Foundation). https://phred.biodf.org,2026-07-10,False,,high,medium,none
SPN4B,True,short,Podoviridae,Salmonella enterica serovar Typhimurium,90371,Salmonella enterica subsp. enterica serovar Typhimurium,Gram negative,cell wall,LPS O antigen,LPS,Glycan,Narrow,predicted-from-receptor,medium,specific O-antigen/serotype -> narrow predicted,Shin et al. 2012,10.1371/journal.pone.0043392, ,True,True,https://www.ncbi.nlm.nih.gov/nuccore/NZ_CP104816.1,NZ_CP104816.1,host genome (fallback),,False,,,none,,PhReD,PhReD: The Phage Receptor Database (Bio-conversion Databank Foundation). https://phred.biodf.org,2026-07-10,False,,high,medium,none
K3,True,contractile,Myoviridae,Escherichia coli,562,Escherichia coli,Gram negative,cell wall,Protein d or 3A (OmpA) with LPS ,Membrane Proteins,Protein,Broad,predicted-from-receptor,medium,conserved outer membrane protein receptor -> broad predicted,Skurray et al. 1974; Manning and Reeves 1976; Van Alphen et al. 1977,"10.1128/jb.119.3.726-735.1974 (Skurray et al), 10.1128/jb.127.3.1070-1079.1976 (Manning and Reeves), 10.1016/0014-5793(77)80104-x (Van Alphen)", ,True,True,https://www.ncbi.nlm.nih.gov/nuccore/EU183344.1,EU183344.1,specific gene,OmpA,True,https://www.uniprot.org/uniprotkb/Q38394,Q38394,specific RBP,Long tail fiber protein Gp37,PhReD,PhReD: The Phage Receptor Database (Bio-conversion Databank Foundation). https://phred.biodf.org,2026-07-10,True,low-confidence domain assignment,low,high,high
OWB,True,short,Podoviridae,Vibrio parahaemolyticus,670,Vibrio parahaemolyticus,Gram negative,cell wall,Vp0980,N/A,,Undetermined,insufficient-data,none,receptor does not support a host-range prediction,Hu et al. 2020,10.1080/22221751.2020.1754134, ,True,True,https://www.ncbi.nlm.nih.gov/nuccore/NZ_CP150876.1,NZ_CP150876.1,host genome (fallback),,False,,,none,,PhReD,PhReD: The Phage Receptor Database (Bio-conversion Databank Foundation). https://phred.biodf.org,2026-07-10,False,,none,medium,none
ϕJA 1,True,contractile,Myoviridae,Yersinia pestis,632,Yersinia pestis,Gram negative,cell wall,LPS inner and outer core and Kdo/Ko residues of LPS,LPS,Glycan,Broad,predicted-from-receptor,low,conserved LPS core -> broad predicted,Filippov et al. 2011,10.1371/journal.pone.0025486, ,True,True,https://www.ncbi.nlm.nih.gov/nuccore/NZ_CP033699.1,NZ_CP033699.1,host genome (fallback),,False,,,none,,PhReD,PhReD: The Phage Receptor Database (Bio-conversion Databank Foundation). https://phred.biodf.org,2026-07-10,False,,high,medium,none
S120,True,long non-contractile,Siphoviridae,Salmonella enterica serovar Typhimurium,90371,Salmonella enterica subsp. enterica serovar Typhimurium,Gram negative,cell wall,O-antigen,LPS,Glycan,Narrow,predicted-from-receptor,medium,specific O-antigen/serotype -> narrow predicted,Gencay et al. 2019,10.1111/1462-2920.14597, ,True,True,https://www.ncbi.nlm.nih.gov/nuccore/NZ_CP104816.1,NZ_CP104816.1,host genome (fallback),,False,,,none,,PhReD,PhReD: The Phage Receptor Database (Bio-conversion Databank Foundation). https://phred.biodf.org,2026-07-10,False,,high,medium,none
P475,True,long non-contractile,Siphoviridae,Lactococcus lactis,1358,Lactococcus lactis,Gram positive,cell wall,cell wall polysaccharides,N/A,,Undetermined,insufficient-data,none,receptor does not support a host-range prediction,Mahony et al. 2013,10.1128/AEM.00653-13, ,True,True,https://www.ncbi.nlm.nih.gov/nuccore/NZ_CP184687.1,NZ_CP184687.1,host genome (fallback),,True,https://www.uniprot.org/uniprotkb/Q71AV6,Q71AV6,specific RBP,Putative receptor binding protein,PhReD,PhReD: The Phage Receptor Database (Bio-conversion Databank Foundation). https://phred.biodf.org,2026-07-10,False,,none,medium,high
F198,True,contractile,Myoviridae,Campylobacter jejuni,197,Campylobacter jejuni,Gram negative,cell wall,MeOPN modification of GalfNAc of capsular polysaccharides,Capsular Polysaccharide,Glycan,Narrow,predicted-from-receptor,medium,capsule/K-antigen is strain/serotype specific -> narrow predicted,Gencay et al. 2018,10.3389/fmicb.2018.00082, ,True,True,https://www.ncbi.nlm.nih.gov/nuccore/NZ_CP172364.1,NZ_CP172364.1,host genome (fallback),,False,,,none,,PhReD,PhReD: The Phage Receptor Database (Bio-conversion Databank Foundation). https://phred.biodf.org,2026-07-10,False,,high,medium,none
DT57C,True,long non-contractile,Siphoviridae,Escherichia coli,562,Escherichia coli,Gram negative,cell wall,protein BtuB and O-polysaccharide (OPS),Membrane Proteins,Protein,Broad,predicted-from-receptor,medium,conserved outer membrane protein receptor -> broad predicted,Golomidova et al. 2015,10.3390/v8010026, ,True,True,https://www.ncbi.nlm.nih.gov/nuccore/M57568.1,M57568.1,specific gene,BtuB,True,https://www.uniprot.org/uniprotkb/A0A0A7RZA8,A0A0A7RZA8,specific RBP,Receptor binding protein,PhReD,PhReD: The Phage Receptor Database (Bio-conversion Databank Foundation). https://phred.biodf.org,2026-07-10,True,low-confidence domain assignment,low,high,high
B6,True,short,Podoviridae,Acinetobacter baumannii,470,Acinetobacter baumannii,Gram negative,cell wall,capsular polysaccharides,Capsular Polysaccharide,Glycan,Narrow,predicted-from-receptor,medium,capsule/K-antigen is strain/serotype specific -> narrow predicted,Oliveira et al. 2017,10.1111/1462-2920.13970, ,True,True,https://www.ncbi.nlm.nih.gov/nuccore/NZ_CP156044.1,NZ_CP156044.1,host genome (fallback),,False,,,none,,PhReD,PhReD: The Phage Receptor Database (Bio-conversion Databank Foundation). https://phred.biodf.org,2026-07-10,False,,high,medium,none
Gifsy-2,True,long non-contractile,Siphoviridae,Salmonella enterica serovar Typhimurium,90371,Salmonella enterica subsp. enterica serovar Typhimurium,Gram negative,cell wall,OmpC,Membrane Proteins,Protein,Broad,predicted-from-receptor,medium,conserved outer membrane protein receptor -> broad predicted,Ho and Slauch 2001,10.1128/JB.183.4.1495–1498.2001, ,True,True,https://www.ncbi.nlm.nih.gov/nuccore/KY421795.1,KY421795.1,specific gene,OmpC,False,,,none,,PhReD,PhReD: The Phage Receptor Database (Bio-conversion Databank Foundation). https://phred.biodf.org,2026-07-10,False,,high,high,none
MP22,True,long non-contractile,Siphoviridae,Pseudomonas aeruginosa,287,Pseudomonas aeruginosa,Gram negative,pili,PilA of type IV pilus,Pili,Protein,Undetermined,insufficient-data,none,Pili host range is context-dependent; no empirical data in source,Heo et al. 2007,10.1099/mic.0.2007/007260-0, ,True,True,https://www.ncbi.nlm.nih.gov/nuccore/AF331072.1,AF331072.1,specific gene,PilA,True,https://www.uniprot.org/uniprotkb/A7Y8R6,A7Y8R6,specific RBP,Tip attachment protein J domain-containing protein,PhReD,PhReD: The Phage Receptor Database (Bio-conversion Databank Foundation). https://phred.biodf.org,2026-07-10,False,,high,high,high
SPN19,True,long non-contractile,Siphoviridae,Salmonella enterica serovar Typhimurium,90371,Salmonella enterica subsp. enterica serovar Typhimurium,Gram negative,flagella,FliC or FljB,Flagella,Protein,Undetermined,insufficient-data,none,Flagella host range is context-dependent; no empirical data in source,Shin et al. 2012,10.1371/journal.pone.0043392, ,True,True,https://www.ncbi.nlm.nih.gov/nuccore/JN587177.1,JN587177.1,specific gene,FliC,True,https://www.uniprot.org/uniprotkb/K4F848,K4F848,specific RBP,Tail fiber protein,PhReD,PhReD: The Phage Receptor Database (Bio-conversion Databank Foundation). https://phred.biodf.org,2026-07-10,False,,high,high,high
fPS-85,True,short,Podoviridae,Yersinia enterocolitica,630,Yersinia enterocolitica,Gram negative,cell wall,LPS outer core,LPS,Glycan,Broad,predicted-from-receptor,low,conserved LPS core -> broad predicted,Salem et al. 2018,10.3390/v10040174, ,True,True,https://www.ncbi.nlm.nih.gov/nuccore/NZ_CP139458.1,NZ_CP139458.1,host genome (fallback),,False,,,none,,PhReD,PhReD: The Phage Receptor Database (Bio-conversion Databank Foundation). https://phred.biodf.org,2026-07-10,False,,high,medium,none
fPS-59,True,short,Podoviridae,Yersinia enterocolitica,630,Yersinia enterocolitica,Gram negative,cell wall,LPS O antigen,LPS,Glycan,Narrow,predicted-from-receptor,medium,specific O-antigen/serotype -> narrow predicted,Salem et al. 2018,10.3390/v10040174, ,True,True,https://www.ncbi.nlm.nih.gov/nuccore/NZ_CP139458.1,NZ_CP139458.1,host genome (fallback),,True,https://www.uniprot.org/uniprotkb/A0A2D0PEC5,A0A2D0PEC5,specific RBP,Phage tail fibers,PhReD,PhReD: The Phage Receptor Database (Bio-conversion Databank Foundation). https://phred.biodf.org,2026-07-10,False,,high,medium,high
fPS-90,True,contractile,Myoviridae,Yersinia pesudotuberculosis,633,Yersinia pseudotuberculosis,Gram negative,cell wall,OmpF and LPS outer core oligosaccharides,Membrane Proteins,Protein,Broad,predicted-from-receptor,medium,conserved outer membrane protein receptor -> broad predicted,Salem et al. 2021,10.3390/v13020296, ,True,True,https://www.ncbi.nlm.nih.gov/nuccore/AY855840.1,AY855840.1,specific gene,OmpF,True,https://www.uniprot.org/uniprotkb/A0A449C408,A0A449C408,specific RBP,Long tail fiber protein Gp37,PhReD,PhReD: The Phage Receptor Database (Bio-conversion Databank Foundation). https://phred.biodf.org,2026-07-10,True,low-confidence domain assignment,low,high,high
φM14,True,contractile,Myoviridae,Sinorhizobium meliloti,382,Sinorhizobium meliloti,Gram negative,cell wall,lipopolysaccharide core residues,LPS,Glycan,Broad,predicted-from-receptor,low,conserved LPS core -> broad predicted,Crook et al. 2013,10.1128/JB.00480-13, ,True,True,https://www.ncbi.nlm.nih.gov/nuccore/NZ_CP021219.1,NZ_CP021219.1,host genome (fallback),,False,,,none,,PhReD,PhReD: The Phage Receptor Database (Bio-conversion Databank Foundation). https://phred.biodf.org,2026-07-10,False,,high,medium,none
B40-8,True,long non-contractile,Siphoviridae,Bacteriodes fragilis,817,Bacteroides fragilis,Gram negative,cell wall,BactA and BactB,N/A,,Undetermined,insufficient-data,none,receptor does not support a host-range prediction,Puig et al. 2001,10.1099/00221287-147-2-281, ,True,True,https://www.ncbi.nlm.nih.gov/nuccore/NZ_CP196750.1,NZ_CP196750.1,host genome (fallback),,False,,,none,,PhReD,PhReD: The Phage Receptor Database (Bio-conversion Databank Foundation). https://phred.biodf.org,2026-07-10,False,,none,medium,none
Iα,False,"none (icosahedral, ssRNA)",Leviviridae,Escherichia coli,562,Escherichia coli,Gram negative,pili,I pili,Pili,Protein,Undetermined,insufficient-data,none,Pili host range is context-dependent; no empirical data in source,Coetzee et al. 1982,10.1099/00221287-128-11-2797, ,True,True,https://www.ncbi.nlm.nih.gov/nuccore/NZ_CP187781.1,NZ_CP187781.1,host genome (fallback),,False,,,none,,PhReD,PhReD: The Phage Receptor Database (Bio-conversion Databank Foundation). https://phred.biodf.org,2026-07-10,False,,high,medium,none
LeviOr01,False,"none (icosahedral, ssRNA)",Leviviridae,Pseudomonas aeruginosa,287,Pseudomonas aeruginosa,Gram negative,pili,type IV pilus,Pili,Protein,Undetermined,insufficient-data,none,Pili host range is context-dependent; no empirical data in source,Porcel et al. 2017,10.1099/jgv.0.000883, ,True,True,https://www.ncbi.nlm.nih.gov/nuccore/NZ_OZ484744.1,NZ_OZ484744.1,host genome (fallback),,False,,,none,,PhReD,PhReD: The Phage Receptor Database (Bio-conversion Databank Foundation). https://phred.biodf.org,2026-07-10,False,,high,medium,none
M6165,True,long non-contractile,Siphoviridae,Lactococcus lactis,1358,Lactococcus lactis,Gram positive,cell wall,YjaE,N/A,,Undetermined,insufficient-data,none,receptor does not support a host-range prediction,Millen et al. 2020,10.1099/jgv.0.000499, ,True,True,https://www.ncbi.nlm.nih.gov/nuccore/NZ_CP184687.1,NZ_CP184687.1,host genome (fallback),,False,,,none,,PhReD,PhReD: The Phage Receptor Database (Bio-conversion Databank Foundation). https://phred.biodf.org,2026-07-10,False,,none,medium,none
fPS-52,True,short,Podoviridae,Yersinia enterocolitica,630,Yersinia enterocolitica,Gram negative,cell wall,LPS O antigen,LPS,Glycan,Narrow,predicted-from-receptor,medium,specific O-antigen/serotype -> narrow predicted,Salem et al. 2018,10.3390/v10040174, ,True,True,https://www.ncbi.nlm.nih.gov/nuccore/NZ_CP139458.1,NZ_CP139458.1,host genome (fallback),,False,,,none,,PhReD,PhReD: The Phage Receptor Database (Bio-conversion Databank Foundation). https://phred.biodf.org,2026-07-10,False,,high,medium,none
φR1-RT,True,contractile,Myoviridae,Yersinia enterocolitica,630,Yersinia enterocolitica,Gram negative,cell wall,Protein OmpF and LPS inner core heptose residues,Membrane Proteins,Protein,Broad,predicted-from-receptor,medium,conserved outer membrane protein receptor -> broad predicted,Leon-Velarde et al. 2016,10.1128/AEM.01594-16, ,True,True,https://www.ncbi.nlm.nih.gov/nuccore/NZ_CP139458.1,NZ_CP139458.1,host genome (fallback),,True,https://www.uniprot.org/uniprotkb/I7LES1,I7LES1,specific RBP,Tail fiber protein Gp35,PhReD,PhReD: The Phage Receptor Database (Bio-conversion Databank Foundation). https://phred.biodf.org,2026-07-10,True,low-confidence domain assignment,low,medium,high
B4,True,short,Podoviridae,Acinetobacter baumannii,470,Acinetobacter baumannii,Gram negative,cell wall,capsular polysaccharides,Capsular Polysaccharide,Glycan,Narrow,predicted-from-receptor,medium,capsule/K-antigen is strain/serotype specific -> narrow predicted,Oliveira et al. 2017,10.1111/1462-2920.13970, ,True,True,https://www.ncbi.nlm.nih.gov/nuccore/NZ_CP156044.1,NZ_CP156044.1,host genome (fallback),,True,https://www.uniprot.org/uniprotkb/J9PVK4,J9PVK4,specific RBP,Putative tail fiber,PhReD,PhReD: The Phage Receptor Database (Bio-conversion Databank Foundation). https://phred.biodf.org,2026-07-10,False,,high,medium,high
Phage A1,True,short,Podoviridae,Mesorhizobium loti,381,Mesorhizobium loti,Gram negative,cell wall,LPS,LPS,Glycan,Narrow,predicted-from-receptor,low,O-antigen LPS generally serotype-specific -> narrow predicted (weak),Turska-Szewczuk and Russa 2000,10.1007/s002849910067, ,True,True,https://www.ncbi.nlm.nih.gov/nuccore/NZ_CP033367.1,NZ_CP033367.1,host genome (fallback),,False,,,none,,PhReD,PhReD: The Phage Receptor Database (Bio-conversion Databank Foundation). https://phred.biodf.org,2026-07-10,False,,high,medium,none
mEp390,True,long non-contractile,Siphoviridae,Escherichia coli,562,Escherichia coli,Gram negative,cell wall,FhuA,Membrane Proteins,Protein,Broad,predicted-from-receptor,medium,conserved outer membrane protein receptor -> broad predicted,"Uc-Mass et al. 2004, Hernandez-Sanchez et al. 2008","10.1016/j.virol.2004.09.005 (Uc-Mass et al), 10.1007/s00705-008-0111-0 (Hernandez-Sanchez et al)", ,True,True,https://www.ncbi.nlm.nih.gov/nuccore/M12486.1,M12486.1,specific gene,FhuA,False,,,none,,PhReD,PhReD: The Phage Receptor Database (Bio-conversion Databank Foundation). https://phred.biodf.org,2026-07-10,False,,high,high,none
F303,True,contractile,Myoviridae,Campylobacter jejuni,197,Campylobacter jejuni,Gram negative,cell wall,MeOPN modification of GalfNAc of capsular polysaccharides,Capsular Polysaccharide,Glycan,Narrow,predicted-from-receptor,medium,capsule/K-antigen is strain/serotype specific -> narrow predicted,Gencay et al. 2018,10.3389/fmicb.2018.00082, ,True,True,https://www.ncbi.nlm.nih.gov/nuccore/NZ_CP172364.1,NZ_CP172364.1,host genome (fallback),,False,,,none,,PhReD,PhReD: The Phage Receptor Database (Bio-conversion Databank Foundation). https://phred.biodf.org,2026-07-10,False,,high,medium,none
mEp416,True,long non-contractile,Siphoviridae,Escherichia coli,562,Escherichia coli,Gram negative,cell wall,FhuA,Membrane Proteins,Protein,Broad,predicted-from-receptor,medium,conserved outer membrane protein receptor -> broad predicted,"Uc-Mass et al. 2004, Hernandez-Sanchez et al. 2008","10.1016/j.virol.2004.09.005 (Uc-Mass et al), 10.1007/s00705-008-0111-0 (Hernandez-Sanchez et al)", ,True,True,https://www.ncbi.nlm.nih.gov/nuccore/M12486.1,M12486.1,specific gene,FhuA,False,,,none,,PhReD,PhReD: The Phage Receptor Database (Bio-conversion Databank Foundation). https://phred.biodf.org,2026-07-10,False,,high,high,none
Mu G(-) (alternate host),True,contractile,Myoviridae,Escherichia coli,562,Escherichia coli,Gram negative,cell wall,"Terminal glucose with a βl,3 glycosidic linkage",N/A,,Undetermined,insufficient-data,none,receptor does not support a host-range prediction,Sandulache et al. 1984,10.1128/jb.160.1.299-303.1984, ,True,True,https://www.ncbi.nlm.nih.gov/nuccore/NZ_CP187781.1,NZ_CP187781.1,host genome (fallback),,False,,,none,,PhReD,PhReD: The Phage Receptor Database (Bio-conversion Databank Foundation). https://phred.biodf.org,2026-07-10,False,,none,medium,none
χ,True,long non-contractile,Siphoviridae,Escherichia coli,562,Escherichia coli,Gram negative,flagella,"loose association with flagella filament, secondary attachment to base of flagella",Flagella,Protein,Undetermined,insufficient-data,none,Flagella host range is context-dependent; no empirical data in source,Schade et al. 1967,10.1128/jvi.1.3.599-609.1967, ,True,True,https://www.ncbi.nlm.nih.gov/nuccore/NZ_CP187781.1,NZ_CP187781.1,host genome (fallback),,False,,,none,,PhReD,PhReD: The Phage Receptor Database (Bio-conversion Databank Foundation). https://phred.biodf.org,2026-07-10,False,,high,medium,none
D4412,True,long non-contractile,Siphoviridae,Lactococcus lactis,1358,Lactococcus lactis,Gram positive,cell wall,Pip,Membrane Proteins,Protein,Broad,predicted-from-receptor,medium,conserved outer membrane protein receptor -> broad predicted,Millen et al. 2016,10.1099/jgv.0.000499, ,True,True,https://www.ncbi.nlm.nih.gov/nuccore/NZ_CP184687.1,NZ_CP184687.1,host genome (fallback),,True,https://www.uniprot.org/uniprotkb/A0A192YAK7,A0A192YAK7,specific RBP,Tail fibers protein,PhReD,PhReD: The Phage Receptor Database (Bio-conversion Databank Foundation). https://phred.biodf.org,2026-07-10,True,receptor text does not support domain 'Membrane Proteins',high,medium,high
M6653,True,long non-contractile,Siphoviridae,Lactococcus lactis,1358,Lactococcus lactis,Gram positive,cell wall,YjaE,N/A,,Undetermined,insufficient-data,none,receptor does not support a host-range prediction,Millen et al. 2022,10.1099/jgv.0.000499, ,True,True,https://www.ncbi.nlm.nih.gov/nuccore/NZ_CP184687.1,NZ_CP184687.1,host genome (fallback),,False,,,none,,PhReD,PhReD: The Phage Receptor Database (Bio-conversion Databank Foundation). https://phred.biodf.org,2026-07-10,False,,none,medium,none
F375,True,contractile,Myoviridae,Campylobacter jejuni,197,Campylobacter jejuni,Gram negative,cell wall,capsular polysaccharides,Capsular Polysaccharide,Glycan,Narrow,predicted-from-receptor,medium,capsule/K-antigen is strain/serotype specific -> narrow predicted,Sørensen et al. 2015,10.1371/journal.pone.0116287, ,True,True,https://www.ncbi.nlm.nih.gov/nuccore/NZ_CP172364.1,NZ_CP172364.1,host genome (fallback),,False,,,none,,PhReD,PhReD: The Phage Receptor Database (Bio-conversion Databank Foundation). https://phred.biodf.org,2026-07-10,False,,high,medium,none
Ff,False,none (filamentous),Inoviridae,Escherichia coli,562,Escherichia coli,Gram negative,Pilum and mating pair formation structure,Tip of the F pilus followed by TolQRA complex in membrane after pilus retraction,Pili,Protein,Undetermined,insufficient-data,none,Pili host range is context-dependent; no empirical data in source,Loeb 1960; Caro and Schnos 1966; Russel et al. 1988; Click and Webster 1998,"10.1126/science.131.3404.932 (Loeb), 10.1073/pnas.56.1.126 (Caro and Schnos), 10.1128/jb.170.11.5312-5316.1988 (Russel et al), 10.1128/jb.180.7.1723-1728.1998 (Click and Webster)", ,True,True,https://www.ncbi.nlm.nih.gov/nuccore/NZ_CP187781.1,NZ_CP187781.1,host genome (fallback),,False,,,none,,PhReD,PhReD: The Phage Receptor Database (Bio-conversion Databank Foundation). https://phred.biodf.org,2026-07-10,True,low-confidence domain assignment,low,medium,none
F116,True,short,Podoviridae,Pseudomonas aeruginosa,287,Pseudomonas aeruginosa,Gram negative,pili,pili,Pili,Protein,Undetermined,insufficient-data,none,Pili host range is context-dependent; no empirical data in source,Pemberton 1973,10.1016/0042-6822(73)90203-1, ,True,True,https://www.ncbi.nlm.nih.gov/nuccore/NZ_OZ484744.1,NZ_OZ484744.1,host genome (fallback),,True,https://www.uniprot.org/uniprotkb/Q5QF65,Q5QF65,specific RBP,Tail fiber protein,PhReD,PhReD: The Phage Receptor Database (Bio-conversion Databank Foundation). https://phred.biodf.org,2026-07-10,False,,high,medium,high
S149,True,short,Podoviridae,Salmonella enterica serovar Typhimurium,90371,Salmonella enterica subsp. enterica serovar Typhimurium,Gram negative,cell wall,O-antigen,LPS,Glycan,Narrow,predicted-from-receptor,medium,specific O-antigen/serotype -> narrow predicted,Gencay et al. 2019,10.1111/1462-2920.14597, ,True,True,https://www.ncbi.nlm.nih.gov/nuccore/NZ_CP104816.1,NZ_CP104816.1,host genome (fallback),,False,,,none,,PhReD,PhReD: The Phage Receptor Database (Bio-conversion Databank Foundation). https://phred.biodf.org,2026-07-10,False,,high,medium,none
F384,True,contractile,Myoviridae,Campylobacter jejuni,197,Campylobacter jejuni,Gram negative,flagella,rotating flagella,Flagella,Protein,Undetermined,insufficient-data,none,Flagella host range is context-dependent; no empirical data in source,Sørensen et al. 2015,10.1371/journal.pone.0116287, ,True,True,https://www.ncbi.nlm.nih.gov/nuccore/NZ_CP172364.1,NZ_CP172364.1,host genome (fallback),,False,,,none,,PhReD,PhReD: The Phage Receptor Database (Bio-conversion Databank Foundation). https://phred.biodf.org,2026-07-10,False,,high,medium,none
645,True,long non-contractile,Siphoviridae,Lactococcus lactis,1358,Lactococcus lactis,Gram positive,cell wall,cell wall polysaccharides,N/A,,Undetermined,insufficient-data,none,receptor does not support a host-range prediction,Mahony et al. 2013,10.1128/AEM.00653-13, ,True,True,https://www.ncbi.nlm.nih.gov/nuccore/NZ_CP184687.1,NZ_CP184687.1,host genome (fallback),,False,,,none,,PhReD,PhReD: The Phage Receptor Database (Bio-conversion Databank Foundation). https://phred.biodf.org,2026-07-10,False,,none,medium,none
mEp138,True,long non-contractile,Siphoviridae,Escherichia coli,562,Escherichia coli,Gram negative,cell wall,FhuA,Membrane Proteins,Protein,Broad,predicted-from-receptor,medium,conserved outer membrane protein receptor -> broad predicted,Hernandez-Sanchez et al. 2008,10.1007/s00705-008-0111-0, ,True,True,https://www.ncbi.nlm.nih.gov/nuccore/M12486.1,M12486.1,specific gene,FhuA,False,,,none,,PhReD,PhReD: The Phage Receptor Database (Bio-conversion Databank Foundation). https://phred.biodf.org,2026-07-10,False,,high,high,none
φKMV,True,short,Podoviridae,Pseudomonas aeruginosa,287,Pseudomonas aeruginosa,Gram negative,pili,type IV pili,Pili,Protein,Undetermined,insufficient-data,none,Pili host range is context-dependent; no empirical data in source,Chibeu et al. 2009,10.1111/j.1574-6968.2009.01640.x, ,True,True,https://www.ncbi.nlm.nih.gov/nuccore/NZ_OZ484744.1,NZ_OZ484744.1,host genome (fallback),,True,https://www.uniprot.org/uniprotkb/Q7Y2F5,Q7Y2F5,specific RBP,Tail fiber protein,PhReD,PhReD: The Phage Receptor Database (Bio-conversion Databank Foundation). https://phred.biodf.org,2026-07-10,False,,high,medium,high
S107,True,long non-contractile,Siphoviridae,Salmonella enterica serovar Typhimurium,90371,Salmonella enterica subsp. enterica serovar Typhimurium,Gram negative,cell wall,O-antigen,LPS,Glycan,Narrow,predicted-from-receptor,medium,specific O-antigen/serotype -> narrow predicted,Gencay et al. 2019,10.1111/1462-2920.14597, ,True,True,https://www.ncbi.nlm.nih.gov/nuccore/NZ_CP104816.1,NZ_CP104816.1,host genome (fallback),,False,,,none,,PhReD,PhReD: The Phage Receptor Database (Bio-conversion Databank Foundation). https://phred.biodf.org,2026-07-10,False,,high,medium,none
φ187,True,long non-contractile,Siphoviridae,Staphylococcus aureus,1280,Staphylococcus aureus,Gram positive,cell wall,α-O-GalNAc modified wall teichoic acid,Teichoic Acids,Glycan,Undetermined,insufficient-data,none,Teichoic Acids host range is context-dependent; no empirical data in source,Winstel et al. 2014,10.1128/mBio.00869-14, ,True,True,https://www.ncbi.nlm.nih.gov/nuccore/NZ_CP195878.1,NZ_CP195878.1,host genome (fallback),,False,,,none,,PhReD,PhReD: The Phage Receptor Database (Bio-conversion Databank Foundation). https://phred.biodf.org,2026-07-10,False,,high,medium,none
FC3-3,True,contractile,Myoviridae,Klebsiella pneumoniae,573,Klebsiella pneumoniae,Gram negative,cell wall,LPS O antigen,LPS,Glycan,Narrow,predicted-from-receptor,medium,specific O-antigen/serotype -> narrow predicted,Tomas et al. 1987,10.1111/j.1574-6968.1987.tb02201.x, ,True,True,https://www.ncbi.nlm.nih.gov/nuccore/NZ_OZ477362.1,NZ_OZ477362.1,host genome (fallback),,False,,,none,,PhReD,PhReD: The Phage Receptor Database (Bio-conversion Databank Foundation). https://phred.biodf.org,2026-07-10,False,,high,medium,none
S142,True,long non-contractile,Siphoviridae,Salmonella enterica serovar Typhimurium,90371,Salmonella enterica subsp. enterica serovar Typhimurium,Gram negative,cell wall,O-antigen,LPS,Glycan,Narrow,predicted-from-receptor,medium,specific O-antigen/serotype -> narrow predicted,Gencay et al. 2019,10.1111/1462-2920.14597, ,True,True,https://www.ncbi.nlm.nih.gov/nuccore/NZ_CP104816.1,NZ_CP104816.1,host genome (fallback),,False,,,none,,PhReD,PhReD: The Phage Receptor Database (Bio-conversion Databank Foundation). https://phred.biodf.org,2026-07-10,False,,high,medium,none
SPP1,True,long non-contractile,Siphoviridae,Bacillus subtilis,1423,Bacillus subtilis,Gram positive,cell wall,glucosylated wall teichoic acid and YueB,Teichoic Acids,Glycan,Undetermined,insufficient-data,none,Teichoic Acids host range is context-dependent; no empirical data in source,"Sao Jose et al. 2004, Baptista et al. 2008","10.1128/JB.186.24.8337–8346.2004 (Sao Jose et al), 10.1128/JB.00349-08 (Baptista et al)", ,True,True,https://www.ncbi.nlm.nih.gov/nuccore/NZ_CP160208.1,NZ_CP160208.1,host genome (fallback),,True,https://www.uniprot.org/uniprotkb/Q0PDK6,Q0PDK6,specific RBP,Tail spike protein,PhReD,PhReD: The Phage Receptor Database (Bio-conversion Databank Foundation). https://phred.biodf.org,2026-07-10,False,,high,medium,high
BF23,True,long non-contractile,Siphoviridae,Escherichia coli,562,Escherichia coli,Gram negative,cell wall,Protein BtuB (vitamin B12 receptor),Membrane Proteins,Protein,Broad,predicted-from-receptor,medium,conserved outer membrane protein receptor -> broad predicted,Bradbeer et al. 1976,10.1128/jb.125.3.1032-1039.1976, ,True,True,https://www.ncbi.nlm.nih.gov/nuccore/M57568.1,M57568.1,specific gene,BtuB,True,https://www.uniprot.org/uniprotkb/Q4FAC3,Q4FAC3,specific RBP,Receptor-binding protein,PhReD,PhReD: The Phage Receptor Database (Bio-conversion Databank Foundation). https://phred.biodf.org,2026-07-10,False,,high,high,high
φCbK,True,long non-contractile,Siphoviridae,Caulobacter crescentus,155892,Caulobacter vibrioides,Gram negative,"flagella, pili","initial contact with flagellum, counter clockwise rotation brings phage down to pilus portals at the pole ",Flagella,Protein,Undetermined,insufficient-data,none,Flagella host range is context-dependent; no empirical data in source,Guerrero-Ferreira et al. 2010,10.1073/pnas.1012388108, ,True,True,https://www.ncbi.nlm.nih.gov/nuccore/NZ_CP023315.3,NZ_CP023315.3,host genome (fallback),,True,https://www.uniprot.org/uniprotkb/J3U9Q7,J3U9Q7,other tail protein,Tail protein,PhReD,PhReD: The Phage Receptor Database (Bio-conversion Databank Foundation). https://phred.biodf.org,2026-07-10,False,,medium,medium,medium
fPS-16,True,short,Podoviridae,Yersinia enterocolitica,630,Yersinia enterocolitica,Gram negative,cell wall,LPS O antigen,LPS,Glycan,Narrow,predicted-from-receptor,medium,specific O-antigen/serotype -> narrow predicted,Salem et al. 2018,10.3390/v10040174, ,True,True,https://www.ncbi.nlm.nih.gov/nuccore/NZ_CP139458.1,NZ_CP139458.1,host genome (fallback),,False,,,none,,PhReD,PhReD: The Phage Receptor Database (Bio-conversion Databank Foundation). https://phred.biodf.org,2026-07-10,False,,high,medium,none
φK,True,contractile,Myoviridae,Staphylococcus aureus,1280,Staphylococcus aureus,Gram positive,cell wall,anionic backbone of wall teichoic acid,Teichoic Acids,Glycan,Undetermined,insufficient-data,none,Teichoic Acids host range is context-dependent; no empirical data in source,Xia et al. 2011,10.1128/JB.01412-10, ,True,True,https://www.ncbi.nlm.nih.gov/nuccore/NZ_CP195878.1,NZ_CP195878.1,host genome (fallback),,True,https://www.uniprot.org/uniprotkb/Q38042,Q38042,specific RBP,Major spike protein G,PhReD,PhReD: The Phage Receptor Database (Bio-conversion Databank Foundation). https://phred.biodf.org,2026-07-10,False,,high,medium,high
φHN10,True,contractile,Myoviridae,Clostridium difficile,1496,Clostridioides difficile,Gram positive,cell wall,S-layer proteins,N/A,,Undetermined,insufficient-data,none,receptor does not support a host-range prediction,Phothichasiri et al. 2018,10.3389/fmicb.2018.01701, ,True,True,https://www.ncbi.nlm.nih.gov/nuccore/NZ_CP149660.1,NZ_CP149660.1,host genome (fallback),,False,,,none,,PhReD,PhReD: The Phage Receptor Database (Bio-conversion Databank Foundation). https://phred.biodf.org,2026-07-10,False,,none,medium,none
F365,True,contractile,Myoviridae,Campylobacter jejuni,197,Campylobacter jejuni,Gram negative,cell wall,capsular polysaccharides,Capsular Polysaccharide,Glycan,Narrow,predicted-from-receptor,medium,capsule/K-antigen is strain/serotype specific -> narrow predicted,Sørensen et al. 2015,10.1371/journal.pone.0116287, ,True,True,https://www.ncbi.nlm.nih.gov/nuccore/NZ_CP172364.1,NZ_CP172364.1,host genome (fallback),,False,,,none,,PhReD,PhReD: The Phage Receptor Database (Bio-conversion Databank Foundation). https://phred.biodf.org,2026-07-10,False,,high,medium,none
φKpNIH-2,True,long non-contractile,Siphoviridae,Klebsiella pneumoniae,573,Klebsiella pneumoniae,Gram negative,cell wall,LPS and OmpC,LPS,Glycan,Narrow,predicted-from-receptor,low,O-antigen LPS generally serotype-specific -> narrow predicted (weak),Hesse et al. 2020,10.1128/mBio.02530-19, ,True,True,https://www.ncbi.nlm.nih.gov/nuccore/KJ481789.1,KJ481789.1,specific gene,OmpC,True,https://www.uniprot.org/uniprotkb/A0A6B9LS15,A0A6B9LS15,specific RBP,Putative tail fiber protein,PhReD,PhReD: The Phage Receptor Database (Bio-conversion Databank Foundation). https://phred.biodf.org,2026-07-10,True,low-confidence domain assignment,low,high,high
F352,True,contractile,Myoviridae,Campylobacter jejuni,197,Campylobacter jejuni,Gram negative,cell wall,capsular polysaccharides,Capsular Polysaccharide,Glycan,Narrow,predicted-from-receptor,medium,capsule/K-antigen is strain/serotype specific -> narrow predicted,Sørensen et al. 2015,10.1371/journal.pone.0116287, ,True,True,https://www.ncbi.nlm.nih.gov/nuccore/NZ_CP172364.1,NZ_CP172364.1,host genome (fallback),,False,,,none,,PhReD,PhReD: The Phage Receptor Database (Bio-conversion Databank Foundation). https://phred.biodf.org,2026-07-10,False,,high,medium,none
fPS-19,True,short,Podoviridae,Yersinia enterocolitica,630,Yersinia enterocolitica,Gram negative,cell wall,LPS O antigen,LPS,Glycan,Narrow,predicted-from-receptor,medium,specific O-antigen/serotype -> narrow predicted,Salem et al. 2018,10.3390/v10040174, ,True,True,https://www.ncbi.nlm.nih.gov/nuccore/NZ_CP139458.1,NZ_CP139458.1,host genome (fallback),,False,,,none,,PhReD,PhReD: The Phage Receptor Database (Bio-conversion Databank Foundation). https://phred.biodf.org,2026-07-10,False,,high,medium,none
AP50,False,"none (icosahedral, internal membrane)",Tectiviridae,Bacillus anthracis,1392,Bacillus anthracis,Gram positive,S-layer,Sap,N/A,,Undetermined,insufficient-data,none,receptor does not support a host-range prediction,Plaut et al. 2014,10.1128/JB.00739-13, ,True,True,https://www.ncbi.nlm.nih.gov/nuccore/NZ_CP009902.1,NZ_CP009902.1,host genome (fallback),,True,https://www.uniprot.org/uniprotkb/B6RT59,B6RT59,specific RBP,Trimeric spike protein,PhReD,PhReD: The Phage Receptor Database (Bio-conversion Databank Foundation). https://phred.biodf.org,2026-07-10,False,,none,medium,high
φ645,True,long non-contractile,Siphoviridae,Lactococcus lactis,1358,Lactococcus lactis,Gram positive,cell wall,cell wall polysaccharides,N/A,,Undetermined,insufficient-data,none,receptor does not support a host-range prediction,Dupont et al. 2004,10.1128/AEM.70.10.5825–5832.2004, ,True,True,https://www.ncbi.nlm.nih.gov/nuccore/NZ_CP184687.1,NZ_CP184687.1,host genome (fallback),,False,,,none,,PhReD,PhReD: The Phage Receptor Database (Bio-conversion Databank Foundation). https://phred.biodf.org,2026-07-10,False,,none,medium,none
F207,True,contractile,Myoviridae,Campylobacter jejuni,197,Campylobacter jejuni,Gram negative,cell wall,MeOPN modification of GalfNAc of capsular polysaccharides,Capsular Polysaccharide,Glycan,Narrow,predicted-from-receptor,medium,capsule/K-antigen is strain/serotype specific -> narrow predicted,Gencay et al. 2018,10.3389/fmicb.2018.00082, ,True,True,https://www.ncbi.nlm.nih.gov/nuccore/NZ_CP172364.1,NZ_CP172364.1,host genome (fallback),,True,https://www.uniprot.org/uniprotkb/A0A7T3KCZ2,A0A7T3KCZ2,specific RBP,Receptor binding protein 3,PhReD,PhReD: The Phage Receptor Database (Bio-conversion Databank Foundation). https://phred.biodf.org,2026-07-10,False,,high,medium,high
l,True,long non-contractile,Siphoviridae,Escherichia coli,562,Escherichia coli,Gram negative,cell wall,Protein LamB,Membrane Proteins,Protein,Broad,predicted-from-receptor,medium,conserved outer membrane protein receptor -> broad predicted,Randall-Hazelbauer and Schwartz 1973,10.1128/jb.116.3.1436-1446.1973, ,True,True,https://www.ncbi.nlm.nih.gov/nuccore/M26131.1,M26131.1,specific gene,LamB,False,,,none,,PhReD,PhReD: The Phage Receptor Database (Bio-conversion Databank Foundation). https://phred.biodf.org,2026-07-10,False,,high,high,none
fPS-89,True,short,Podoviridae,Yersinia enterocolitica,630,Yersinia enterocolitica,Gram negative,cell wall,LPS outer core,LPS,Glycan,Broad,predicted-from-receptor,low,conserved LPS core -> broad predicted,Salem et al. 2018,10.3390/v10040174, ,True,True,https://www.ncbi.nlm.nih.gov/nuccore/NZ_CP139458.1,NZ_CP139458.1,host genome (fallback),,False,,,none,,PhReD,PhReD: The Phage Receptor Database (Bio-conversion Databank Foundation). https://phred.biodf.org,2026-07-10,False,,high,medium,none
mEp147,True,long non-contractile,Siphoviridae,Escherichia coli,562,Escherichia coli,Gram negative,cell wall,FhuA,Membrane Proteins,Protein,Broad,predicted-from-receptor,medium,conserved outer membrane protein receptor -> broad predicted,Hernandez-Sanchez et al. 2008,10.1007/s00705-008-0111-0, ,True,True,https://www.ncbi.nlm.nih.gov/nuccore/M12486.1,M12486.1,specific gene,FhuA,False,,,none,,PhReD,PhReD: The Phage Receptor Database (Bio-conversion Databank Foundation). https://phred.biodf.org,2026-07-10,False,,high,high,none
fPS-65,True,contractile,Myoviridae,Yersinia pesudotuberculosis,633,Yersinia pseudotuberculosis,Gram negative,cell wall,heptose region of LPS inner core,LPS,Glycan,Broad,predicted-from-receptor,low,conserved LPS core -> broad predicted,Salem et al. 2021,10.3390/v13020296, ,True,True,https://www.ncbi.nlm.nih.gov/nuccore/NZ_AP031363.1,NZ_AP031363.1,host genome (fallback),,True,https://www.uniprot.org/uniprotkb/A0A449C5U1,A0A449C5U1,specific RBP,Long tail fiber protein Gp37,PhReD,PhReD: The Phage Receptor Database (Bio-conversion Databank Foundation). https://phred.biodf.org,2026-07-10,False,,high,medium,high
P2,True,short,Podoviridae,Acinetobacter baumannii,470,Acinetobacter baumannii,Gram negative,cell wall,capsular polysaccharides,Capsular Polysaccharide,Glycan,Narrow,predicted-from-receptor,medium,capsule/K-antigen is strain/serotype specific -> narrow predicted,Oliveira et al. 2017,10.1111/1462-2920.13970, ,True,True,https://www.ncbi.nlm.nih.gov/nuccore/NZ_CP156044.1,NZ_CP156044.1,host genome (fallback),,True,https://www.uniprot.org/uniprotkb/A0A9E8GIS5,A0A9E8GIS5,specific RBP,Tail fiber protein,PhReD,PhReD: The Phage Receptor Database (Bio-conversion Databank Foundation). https://phred.biodf.org,2026-07-10,True,low-confidence UniProt assignment | ambiguous phage name across organisms,high,medium,low
APK2,True,short,Autographiviridae,Acinetobacter baumannii,470,Acinetobacter baumannii,Gram negative,cell wall,capsular polysaccharides,Capsular Polysaccharide,Glycan,Narrow,predicted-from-receptor,medium,capsule/K-antigen is strain/serotype specific -> narrow predicted,Popova et al. 2021,10.1128/JVI.01714-20, ,True,True,https://www.ncbi.nlm.nih.gov/nuccore/NZ_CP156044.1,NZ_CP156044.1,host genome (fallback),,False,,,none,,PhReD,PhReD: The Phage Receptor Database (Bio-conversion Databank Foundation). https://phred.biodf.org,2026-07-10,False,,high,medium,none
mEp003,True,long non-contractile,Siphoviridae,Escherichia coli,562,Escherichia coli,Gram negative,cell wall,FhuA,Membrane Proteins,Protein,Broad,predicted-from-receptor,medium,conserved outer membrane protein receptor -> broad predicted,"Uc-Mass et al. 2004, Hernandez-Sanchez et al. 2008","10.1016/j.virol.2004.09.005 (Uc-Mass et al), 10.1007/s00705-008-0111-0 (Hernandez-Sanchez et al)", ,True,True,https://www.ncbi.nlm.nih.gov/nuccore/M12486.1,M12486.1,specific gene,FhuA,False,,,none,,PhReD,PhReD: The Phage Receptor Database (Bio-conversion Databank Foundation). https://phred.biodf.org,2026-07-10,False,,high,high,none
APK37,True,short,Autographiviridae,Acinetobacter baumannii,470,Acinetobacter baumannii,Gram negative,cell wall,capsular polysaccharides,Capsular Polysaccharide,Glycan,Narrow,predicted-from-receptor,medium,capsule/K-antigen is strain/serotype specific -> narrow predicted,Popova et al. 2021,10.1128/JVI.01714-20, ,True,True,https://www.ncbi.nlm.nih.gov/nuccore/NZ_CP156044.1,NZ_CP156044.1,host genome (fallback),,True,https://www.uniprot.org/uniprotkb/A0AAE9BPQ3,A0AAE9BPQ3,specific RBP,Tailspike protein,PhReD,PhReD: The Phage Receptor Database (Bio-conversion Databank Foundation). https://phred.biodf.org,2026-07-10,False,,high,medium,high
A25,True,long non-contractile,Siphoviridae,Streptococcus sp. (group A),1301,Streptococcus,Gram negative,cell wall,peptidoclycan,N/A,,Undetermined,insufficient-data,none,receptor does not support a host-range prediction,Cleary et al. 1977,10.1084/jem.145.3.578, ,True,True,https://www.ncbi.nlm.nih.gov/nuccore/NZ_CP162268.1,NZ_CP162268.1,host genome (fallback),,True,https://www.uniprot.org/uniprotkb/A0A0M4QXC2,A0A0M4QXC2,other tail protein,Putative tail protein,PhReD,PhReD: The Phage Receptor Database (Bio-conversion Databank Foundation). https://phred.biodf.org,2026-07-10,False,,none,medium,medium
ICP2,True,short,Podoviridae,Vibrio cholerae,666,Vibrio cholerae,Gram negative,cell wall,OmpU,Membrane Proteins,Protein,Broad,predicted-from-receptor,medium,conserved outer membrane protein receptor -> broad predicted,Seed et al. 2014,10.7554/eLife.03497, ,True,True,https://www.ncbi.nlm.nih.gov/nuccore/U73751.1,U73751.1,specific gene,OmpU,True,https://www.uniprot.org/uniprotkb/F1D0V5,F1D0V5,specific RBP,Putative phage tail fiber protein,PhReD,PhReD: The Phage Receptor Database (Bio-conversion Databank Foundation). https://phred.biodf.org,2026-07-10,False,,high,high,high
mEp144,True,long non-contractile,Siphoviridae,Escherichia coli,562,Escherichia coli,Gram negative,cell wall,FhuA,Membrane Proteins,Protein,Broad,predicted-from-receptor,medium,conserved outer membrane protein receptor -> broad predicted,Hernandez-Sanchez et al. 2008,10.1007/s00705-008-0111-0, ,True,True,https://www.ncbi.nlm.nih.gov/nuccore/M12486.1,M12486.1,specific gene,FhuA,False,,,none,,PhReD,PhReD: The Phage Receptor Database (Bio-conversion Databank Foundation). https://phred.biodf.org,2026-07-10,False,,high,high,none
SPN2TCW,True,short,Podoviridae,Salmonella enterica serovar Typhimurium,90371,Salmonella enterica subsp. enterica serovar Typhimurium,Gram negative,cell wall,LPS O antigen,LPS,Glycan,Narrow,predicted-from-receptor,medium,specific O-antigen/serotype -> narrow predicted,Shin et al. 2012,10.1371/journal.pone.0043392, ,True,True,https://www.ncbi.nlm.nih.gov/nuccore/NZ_CP104816.1,NZ_CP104816.1,host genome (fallback),,False,,,none,,PhReD,PhReD: The Phage Receptor Database (Bio-conversion Databank Foundation). https://phred.biodf.org,2026-07-10,False,,high,medium,none
mEp533,True,long non-contractile,Siphoviridae,Escherichia coli,562,Escherichia coli,Gram negative,cell wall,FhuA,Membrane Proteins,Protein,Broad,predicted-from-receptor,medium,conserved outer membrane protein receptor -> broad predicted,Hernandez-Sanchez et al. 2008,10.1007/s00705-008-0111-0, ,True,True,https://www.ncbi.nlm.nih.gov/nuccore/M12486.1,M12486.1,specific gene,FhuA,False,,,none,,PhReD,PhReD: The Phage Receptor Database (Bio-conversion Databank Foundation). https://phred.biodf.org,2026-07-10,False,,high,high,none
F368,True,contractile,Myoviridae,Campylobacter jejuni,197,Campylobacter jejuni,Gram negative,cell wall,capsular polysaccharides,Capsular Polysaccharide,Glycan,Narrow,predicted-from-receptor,medium,capsule/K-antigen is strain/serotype specific -> narrow predicted,Sørensen et al. 2015,10.1371/journal.pone.0116287, ,True,True,https://www.ncbi.nlm.nih.gov/nuccore/NZ_CP172364.1,NZ_CP172364.1,host genome (fallback),,False,,,none,,PhReD,PhReD: The Phage Receptor Database (Bio-conversion Databank Foundation). https://phred.biodf.org,2026-07-10,False,,high,medium,none
WRP3,True,long non-contractile,Siphoviridae,Lactococcus lactis,1358,Lactococcus lactis,Gram positive,cell wall,cell wall polysaccharides,N/A,,Undetermined,insufficient-data,none,receptor does not support a host-range prediction,Mahony et al. 2015,10.1128/AEM.00143-15, ,True,True,https://www.ncbi.nlm.nih.gov/nuccore/NZ_CP184687.1,NZ_CP184687.1,host genome (fallback),,True,https://www.uniprot.org/uniprotkb/A0A0D3MSW2,A0A0D3MSW2,specific RBP,Tail fiber protein,PhReD,PhReD: The Phage Receptor Database (Bio-conversion Databank Foundation). https://phred.biodf.org,2026-07-10,False,,none,medium,high
O4,True,short,Podoviridae,Pseudomonas aeruginosa,287,Pseudomonas aeruginosa,Gram negative,cell wall,O-specific antigen of LPS,LPS,Glycan,Narrow,predicted-from-receptor,medium,specific O-antigen/serotype -> narrow predicted,Zhang et al. 2018,10.1007/s00705-018-3866-y, ,True,True,https://www.ncbi.nlm.nih.gov/nuccore/NZ_OZ484744.1,NZ_OZ484744.1,host genome (fallback),,False,,,none,,PhReD,PhReD: The Phage Receptor Database (Bio-conversion Databank Foundation). https://phred.biodf.org,2026-07-10,False,,high,medium,none
mEp235,True,long non-contractile,Siphoviridae,Escherichia coli,562,Escherichia coli,Gram negative,cell wall,FhuA,Membrane Proteins,Protein,Broad,predicted-from-receptor,medium,conserved outer membrane protein receptor -> broad predicted,Hernandez-Sanchez et al. 2008,10.1007/s00705-008-0111-0, ,True,True,https://www.ncbi.nlm.nih.gov/nuccore/M12486.1,M12486.1,specific gene,FhuA,True,https://www.uniprot.org/uniprotkb/K7PM75,K7PM75,specific RBP,Tail fiber,PhReD,PhReD: The Phage Receptor Database (Bio-conversion Databank Foundation). https://phred.biodf.org,2026-07-10,False,,high,high,high
fs2,False,none (filamentous),Inoviridae,Vibrio cholerae,666,Vibrio cholerae,Gram negative,fimbriae,type 4 fimbriae,Pili,Protein,Undetermined,insufficient-data,none,Pili host range is context-dependent; no empirical data in source,Ehara et al. 1997,10.1016/s0378-1097(97)00345-5, ,True,True,https://www.ncbi.nlm.nih.gov/nuccore/NZ_CP191367.1,NZ_CP191367.1,host genome (fallback),,False,,,none,,PhReD,PhReD: The Phage Receptor Database (Bio-conversion Databank Foundation). https://phred.biodf.org,2026-07-10,False,,high,medium,none
Sf6,True,short,Podoviridae,Shigella flexneri,623,Shigella flexneri,Gram negative,cell wall,OmpA and OmpC as secondary receptors,Membrane Proteins,Protein,Broad,predicted-from-receptor,medium,conserved outer membrane protein receptor -> broad predicted,Parent et al. 2014,10.1111/mmi.12536, ,True,True,https://www.ncbi.nlm.nih.gov/nuccore/JX848601.1,JX848601.1,specific gene,OmpA,True,https://www.uniprot.org/uniprotkb/Q9XJP3,Q9XJP3,specific RBP,Tail spike protein,PhReD,PhReD: The Phage Receptor Database (Bio-conversion Databank Foundation). https://phred.biodf.org,2026-07-10,False,,high,high,high
φM10,True,contractile,Myoviridae,Sinorhizobium meliloti,382,Sinorhizobium meliloti,Gram negative,cell wall,lipopolysaccharide core residues,LPS,Glycan,Broad,predicted-from-receptor,low,conserved LPS core -> broad predicted,Crook et al. 2013,10.1128/JB.00480-13, ,True,True,https://www.ncbi.nlm.nih.gov/nuccore/NZ_CP021219.1,NZ_CP021219.1,host genome (fallback),,False,,,none,,PhReD,PhReD: The Phage Receptor Database (Bio-conversion Databank Foundation). https://phred.biodf.org,2026-07-10,False,,high,medium,none
SPN17T,True,long non-contractile,Siphoviridae,Salmonella enterica serovar Typhimurium,90371,Salmonella enterica subsp. enterica serovar Typhimurium,Gram negative,cell wall,"BtuB, vitamin B12 membrane transporter",Membrane Proteins,Protein,Broad,predicted-from-receptor,medium,conserved outer membrane protein receptor -> broad predicted,Shin et al. 2012,10.1371/journal.pone.0043392, ,True,True,https://www.ncbi.nlm.nih.gov/nuccore/M89481.1,M89481.1,specific gene,BtuB,False,,,none,,PhReD,PhReD: The Phage Receptor Database (Bio-conversion Databank Foundation). https://phred.biodf.org,2026-07-10,False,,high,high,none
T1,True,long non-contractile,Siphoviridae,Escherichia coli,562,Escherichia coli,Gram negative,cell wall,"Proteins TonA (FhuA, involved in ferrichrome uptake) and TonB",Membrane Proteins,Protein,Broad,predicted-from-receptor,medium,conserved outer membrane protein receptor -> broad predicted,Hantke and Braun 1975; Hancock and Braun 1976; Hantke and Braun 1978,"10.1016/0014-5793(75)80771-x (Hantke and Braun 1975),  10.1128/jb.125.2.409-415.1976 (Hancock and Braun), 10.1128/jb.135.1.190-197.1978 (Hantke and Braun 1978)", ,True,True,https://www.ncbi.nlm.nih.gov/nuccore/M12486.1,M12486.1,specific gene,FhuA,True,https://www.uniprot.org/uniprotkb/Q6XQB2,Q6XQB2,specific RBP,Probable tail fiber protein,PhReD,PhReD: The Phage Receptor Database (Bio-conversion Databank Foundation). https://phred.biodf.org,2026-07-10,False,,high,high,high
Bp7,True,contractile,Myoviridae,Escherichia coli,562,Escherichia coli,Gram negative,cell wall,"LamB and OmpC primary receptors, inner core polysaccharide secondary receptors",Membrane Proteins,Protein,Broad,predicted-from-receptor,medium,conserved outer membrane protein receptor -> broad predicted,Chen et al. 2020,10.1128/JVI.00325-20, ,True,True,https://www.ncbi.nlm.nih.gov/nuccore/M26131.1,M26131.1,specific gene,LamB,True,https://www.uniprot.org/uniprotkb/G3MUK5,G3MUK5,specific RBP,Long tail fiber protein Gp37,PhReD,PhReD: The Phage Receptor Database (Bio-conversion Databank Foundation). https://phred.biodf.org,2026-07-10,False,,high,high,high
JM3,True,long non-contractile,Siphoviridae,Lactococcus lactis,1358,Lactococcus lactis,Gram positive,cell wall,cell wall polysaccharides,N/A,,Undetermined,insufficient-data,none,receptor does not support a host-range prediction,Mahony et al. 2013,10.1128/AEM.00653-13, ,True,True,https://www.ncbi.nlm.nih.gov/nuccore/NZ_CP184687.1,NZ_CP184687.1,host genome (fallback),,True,https://www.uniprot.org/uniprotkb/R9R2A2,R9R2A2,specific RBP,Receptor binding protein,PhReD,PhReD: The Phage Receptor Database (Bio-conversion Databank Foundation). https://phred.biodf.org,2026-07-10,False,,none,medium,high
S133,True,long non-contractile,Siphoviridae,Salmonella enterica serovar Typhimurium,90371,Salmonella enterica subsp. enterica serovar Typhimurium,Gram negative,cell wall,O-antigen,LPS,Glycan,Narrow,predicted-from-receptor,medium,specific O-antigen/serotype -> narrow predicted,Gencay et al. 2019,10.1111/1462-2920.14597, ,True,True,https://www.ncbi.nlm.nih.gov/nuccore/NZ_CP104816.1,NZ_CP104816.1,host genome (fallback),,True,https://www.uniprot.org/uniprotkb/A0A2Z5HS10,A0A2Z5HS10,specific RBP,Receptor-binding protein,PhReD,PhReD: The Phage Receptor Database (Bio-conversion Databank Foundation). https://phred.biodf.org,2026-07-10,False,,high,medium,high
P3,True,short,Podoviridae,Acinetobacter baumannii,470,Acinetobacter baumannii,Gram negative,cell wall,capsular polysaccharides,Capsular Polysaccharide,Glycan,Narrow,predicted-from-receptor,medium,capsule/K-antigen is strain/serotype specific -> narrow predicted,Oliveira et al. 2017,10.1111/1462-2920.13970, ,True,True,https://www.ncbi.nlm.nih.gov/nuccore/NZ_CP156044.1,NZ_CP156044.1,host genome (fallback),,False,,,none,,PhReD,PhReD: The Phage Receptor Database (Bio-conversion Databank Foundation). https://phred.biodf.org,2026-07-10,False,,high,medium,none
JG024,True,contractile,Myoviridae,Pseudomonas aeruginosa,287,Pseudomonas aeruginosa,Gram negative,cell wall,LPS core and common antigen,LPS,Glycan,Broad,predicted-from-receptor,low,conserved LPS core -> broad predicted,Garbe et al. 2010,10.1186/1471-2180-10-301, ,True,True,https://www.ncbi.nlm.nih.gov/nuccore/NZ_OZ484744.1,NZ_OZ484744.1,host genome (fallback),,True,https://www.uniprot.org/uniprotkb/E5E3G8,E5E3G8,specific RBP,Putative tail fiber protein,PhReD,PhReD: The Phage Receptor Database (Bio-conversion Databank Foundation). https://phred.biodf.org,2026-07-10,False,,high,medium,high
φPLS-1,True,contractile,Myoviridae,Pseudomonas aeruginosa,287,Pseudomonas aeruginosa,Gram negative,cell wall,LPS,LPS,Glycan,Narrow,predicted-from-receptor,low,O-antigen LPS generally serotype-specific -> narrow predicted (weak),Jarrell and Kropinski 1976,10.1099/0022-1317-33-1-99, ,True,True,https://www.ncbi.nlm.nih.gov/nuccore/NZ_OZ484744.1,NZ_OZ484744.1,host genome (fallback),,False,,,none,,PhReD,PhReD: The Phage Receptor Database (Bio-conversion Databank Foundation). https://phred.biodf.org,2026-07-10,False,,high,medium,none
B2 (alternate family),True,long non-contractile,Siphoviridae,Lactobacillus plantarum,1590,Lactiplantibacillus plantarum,Gram positive,cell wall,Glucose substituents in teichoic acid,Teichoic Acids,Glycan,Undetermined,insufficient-data,none,Teichoic Acids host range is context-dependent; no empirical data in source,Douglas and Wolin 1971,10.1021/bi00785a007, ,True,True,https://www.ncbi.nlm.nih.gov/nuccore/NZ_CP185953.1,NZ_CP185953.1,host genome (fallback),,False,,,none,,PhReD,PhReD: The Phage Receptor Database (Bio-conversion Databank Foundation). https://phred.biodf.org,2026-07-10,False,,high,medium,none
B8,True,short,Podoviridae,Acinetobacter baumannii,470,Acinetobacter baumannii,Gram negative,cell wall,capsular polysaccharides,Capsular Polysaccharide,Glycan,Narrow,predicted-from-receptor,medium,capsule/K-antigen is strain/serotype specific -> narrow predicted,Oliveira et al. 2017,10.1111/1462-2920.13970, ,True,True,https://www.ncbi.nlm.nih.gov/nuccore/NZ_CP156044.1,NZ_CP156044.1,host genome (fallback),,False,,,none,,PhReD,PhReD: The Phage Receptor Database (Bio-conversion Databank Foundation). https://phred.biodf.org,2026-07-10,False,,high,medium,none
φ241,True,contractile,Myoviridae,Escherichia coli,562,Escherichia coli,Gram negative,cell wall,O-antigen of LPS,LPS,Glycan,Narrow,predicted-from-receptor,medium,specific O-antigen/serotype -> narrow predicted,Lu and Breidt 2015,10.3389/fmicb.2015.00067, ,True,True,https://www.ncbi.nlm.nih.gov/nuccore/NZ_CP187781.1,NZ_CP187781.1,host genome (fallback),,False,,,none,,PhReD,PhReD: The Phage Receptor Database (Bio-conversion Databank Foundation). https://phred.biodf.org,2026-07-10,False,,high,medium,none
M5939,True,long non-contractile,Siphoviridae,Lactococcus lactis,1358,Lactococcus lactis,Gram positive,cell wall,Pip,Membrane Proteins,Protein,Broad,predicted-from-receptor,medium,conserved outer membrane protein receptor -> broad predicted,Millen et al. 2017,10.1099/jgv.0.000499, ,True,True,https://www.ncbi.nlm.nih.gov/nuccore/NZ_CP184687.1,NZ_CP184687.1,host genome (fallback),,False,,,none,,PhReD,PhReD: The Phage Receptor Database (Bio-conversion Databank Foundation). https://phred.biodf.org,2026-07-10,True,receptor text does not support domain 'Membrane Proteins',high,medium,none
SPN2T,True,long non-contractile,Siphoviridae,Salmonella enterica serovar Typhimurium,90371,Salmonella enterica subsp. enterica serovar Typhimurium,Gram negative,flagella,FliC,Flagella,Protein,Undetermined,insufficient-data,none,Flagella host range is context-dependent; no empirical data in source,Shin et al. 2012,10.1371/journal.pone.0043392, ,True,True,https://www.ncbi.nlm.nih.gov/nuccore/JN587177.1,JN587177.1,specific gene,FliC,False,,,none,,PhReD,PhReD: The Phage Receptor Database (Bio-conversion Databank Foundation). https://phred.biodf.org,2026-07-10,False,,high,high,none
phi-Axp-1,True,long non-contractile,Siphoviridae,Achromobacter xylosoxidans,85698,Achromobacter xylosoxidans,Gram negative,cell wall,LPS,LPS,Glycan,Narrow,predicted-from-receptor,low,O-antigen LPS generally serotype-specific -> narrow predicted (weak),Li et al. 2016 A,10.1038/srep21943, ,True,True,https://www.ncbi.nlm.nih.gov/nuccore/NZ_AP028040.1,NZ_AP028040.1,host genome (fallback),,False,,,none,,PhReD,PhReD: The Phage Receptor Database (Bio-conversion Databank Foundation). https://phred.biodf.org,2026-07-10,False,,high,medium,none
Sano,True,long non-contractile,Siphoviridae,Xylella fastidiosa,2371,Xylella fastidiosa,Gram negative,pili,PilA,Pili,Protein,Undetermined,insufficient-data,none,Pili host range is context-dependent; no empirical data in source,Ahern et al. 2014,10.1128/JB.01080-13, ,True,True,https://www.ncbi.nlm.nih.gov/nuccore/MN590488.1,MN590488.1,specific gene,PilA,True,https://www.uniprot.org/uniprotkb/V5Q7G5,V5Q7G5,specific RBP,Tail fiber protein,PhReD,PhReD: The Phage Receptor Database (Bio-conversion Databank Foundation). https://phred.biodf.org,2026-07-10,False,,high,high,high
IME340,True,contractile,Myoviridae,Escherichia coli,562,Escherichia coli,Gram negative,cell wall,OmpA,Membrane Proteins,Protein,Broad,predicted-from-receptor,medium,conserved outer membrane protein receptor -> broad predicted,Li et al. 2019,10.3389/fmicb.2019.00850, ,True,True,https://www.ncbi.nlm.nih.gov/nuccore/EU183344.1,EU183344.1,specific gene,OmpA,False,,,none,,PhReD,PhReD: The Phage Receptor Database (Bio-conversion Databank Foundation). https://phred.biodf.org,2026-07-10,False,,high,high,none
IME18,True,long non-contractile,Siphoviridae,Escherichia coli,562,Escherichia coli,Gram negative,cell wall,FhuA,Membrane Proteins,Protein,Broad,predicted-from-receptor,medium,conserved outer membrane protein receptor -> broad predicted,Li et al. 2019,10.3389/fmicb.2019.00850, ,True,True,https://www.ncbi.nlm.nih.gov/nuccore/M12486.1,M12486.1,specific gene,FhuA,False,,,none,,PhReD,PhReD: The Phage Receptor Database (Bio-conversion Databank Foundation). https://phred.biodf.org,2026-07-10,False,,high,high,none
G7C,True,short,Podoviridae,Escherichia coli,562,Escherichia coli,Gram negative,cell wall,LPS O antigen,LPS,Glycan,Narrow,predicted-from-receptor,medium,specific O-antigen/serotype -> narrow predicted,Prokhorov et al. 2017,doi:10.1111/mmi.13710, ,True,True,https://www.ncbi.nlm.nih.gov/nuccore/NZ_CP187781.1,NZ_CP187781.1,host genome (fallback),,False,,,none,,PhReD,PhReD: The Phage Receptor Database (Bio-conversion Databank Foundation). https://phred.biodf.org,2026-07-10,False,,high,medium,none
TuIa,True,contractile,Myoviridae,Escherichia coli,562,Escherichia coli,Gram negative,cell wall,Protein Ia (OmpF) with LPS,Membrane Proteins,Protein,Broad,predicted-from-receptor,medium,conserved outer membrane protein receptor -> broad predicted,Datta et al. 1977,10.1128/jb.131.3.821-829.1977, ,True,True,https://www.ncbi.nlm.nih.gov/nuccore/GQ465827.1,GQ465827.1,specific gene,OmpF,False,,,none,,PhReD,PhReD: The Phage Receptor Database (Bio-conversion Databank Foundation). https://phred.biodf.org,2026-07-10,True,low-confidence domain assignment,low,high,none
F362,True,contractile,Myoviridae,Campylobacter jejuni,197,Campylobacter jejuni,Gram negative,cell wall,capsular polysaccharides,Capsular Polysaccharide,Glycan,Narrow,predicted-from-receptor,medium,capsule/K-antigen is strain/serotype specific -> narrow predicted,Sørensen et al. 2015,10.1371/journal.pone.0116287, ,True,True,https://www.ncbi.nlm.nih.gov/nuccore/NZ_CP172364.1,NZ_CP172364.1,host genome (fallback),,False,,,none,,PhReD,PhReD: The Phage Receptor Database (Bio-conversion Databank Foundation). https://phred.biodf.org,2026-07-10,False,,high,medium,none
F376,True,contractile,Myoviridae,Campylobacter jejuni,197,Campylobacter jejuni,Gram negative,flagella,rotating flagella,Flagella,Protein,Undetermined,insufficient-data,none,Flagella host range is context-dependent; no empirical data in source,Sørensen et al. 2015,10.1371/journal.pone.0116287, ,True,True,https://www.ncbi.nlm.nih.gov/nuccore/NZ_CP172364.1,NZ_CP172364.1,host genome (fallback),,False,,,none,,PhReD,PhReD: The Phage Receptor Database (Bio-conversion Databank Foundation). https://phred.biodf.org,2026-07-10,False,,high,medium,none
c2,True,long non-contractile,Siphoviridae,Lactococcus lactis,1358,Lactococcus lactis,Gram positive,cell wall,"rhamnose in carbohydrates in cell wall for reversible binding, Pip (phage infection protein)  for irreversible binding",Membrane Proteins,Protein,Broad,predicted-from-receptor,medium,conserved outer membrane protein receptor -> broad predicted,"Geller et al. 1993, Monteville et al. 1994","10.1128/jb.175.17.5510-5519.1993 (Geller et al), 10.1128/aem.60.9.3204-3211.1994 (Monteville et al)", ,True,True,https://www.ncbi.nlm.nih.gov/nuccore/NZ_CP184687.1,NZ_CP184687.1,host genome (fallback),,True,https://www.uniprot.org/uniprotkb/A0A649WKG1,A0A649WKG1,specific RBP,Tail fiber protein,PhReD,PhReD: The Phage Receptor Database (Bio-conversion Databank Foundation). https://phred.biodf.org,2026-07-10,True,receptor text does not support domain 'Membrane Proteins',high,medium,high
CHPC926,True,long non-contractile,Siphoviridae,Streptococcus thermophilus,1308,Streptococcus thermophilus,Gram negative,cell wall,exocellular polysaccharides associated with the cell surface,Capsular Polysaccharide,Glycan,Narrow,predicted-from-receptor,medium,capsule/K-antigen is strain/serotype specific -> narrow predicted,Szymczak et al. 2018,10.1128/AEM.01847-18, ,True,True,https://www.ncbi.nlm.nih.gov/nuccore/NZ_CP065485.1,NZ_CP065485.1,host genome (fallback),,True,https://www.uniprot.org/uniprotkb/A0A1L2JXQ1,A0A1L2JXQ1,other tail protein,Tail protein,PhReD,PhReD: The Phage Receptor Database (Bio-conversion Databank Foundation). https://phred.biodf.org,2026-07-10,False,,high,medium,medium
I3,True,contractile,Myoviridae,Mycobacterium smegmatis,1772,Mycolicibacterium smegmatis,Acid fast,cell wall,fatty acyl tetrapeptide cores containing di- or tri-O-methylated rhamnose,N/A,,Undetermined,insufficient-data,none,receptor does not support a host-range prediction,Chen et al. 2009,10.1099/mic.0.033209-0, ,True,True,https://www.ncbi.nlm.nih.gov/nuccore/NZ_CP027541.1,NZ_CP027541.1,host genome (fallback),,True,https://www.uniprot.org/uniprotkb/A0A8F2IWU4,A0A8F2IWU4,specific RBP,Tail fiber protein,PhReD,PhReD: The Phage Receptor Database (Bio-conversion Databank Foundation). https://phred.biodf.org,2026-07-10,False,,none,medium,high
F382,True,contractile,Myoviridae,Campylobacter jejuni,197,Campylobacter jejuni,Gram negative,flagella,rotating flagella,Flagella,Protein,Undetermined,insufficient-data,none,Flagella host range is context-dependent; no empirical data in source,Sørensen et al. 2015,10.1371/journal.pone.0116287, ,True,True,https://www.ncbi.nlm.nih.gov/nuccore/NZ_CP172364.1,NZ_CP172364.1,host genome (fallback),,False,,,none,,PhReD,PhReD: The Phage Receptor Database (Bio-conversion Databank Foundation). https://phred.biodf.org,2026-07-10,False,,high,medium,none
φRSM3,False,none (filamentous),Inoviridae,Ralstonia solanacearum,305,Ralstonia solanacearum,Gram negative,pili,type IV pili,Pili,Protein,Undetermined,insufficient-data,none,Pili host range is context-dependent; no empirical data in source,Askora et al. 2009,10.1016/j.virol.2008.11.007, ,True,True,https://www.ncbi.nlm.nih.gov/nuccore/NZ_CP139480.1,NZ_CP139480.1,host genome (fallback),,False,,,none,,PhReD,PhReD: The Phage Receptor Database (Bio-conversion Databank Foundation). https://phred.biodf.org,2026-07-10,False,,high,medium,none
φSM,True,long non-contractile,Siphoviridae,Citrobacter rodentium,67825,Citrobacter rodentium,Gram negative,cell wall,LPS GlcIII residue,LPS,Glycan,Narrow,predicted-from-receptor,low,O-antigen LPS generally serotype-specific -> narrow predicted (weak),Magaziner et al. 2019,10.1128/JB.00638-18, ,True,True,https://www.ncbi.nlm.nih.gov/nuccore/NZ_CP038008.1,NZ_CP038008.1,host genome (fallback),,False,,,none,,PhReD,PhReD: The Phage Receptor Database (Bio-conversion Databank Foundation). https://phred.biodf.org,2026-07-10,False,,high,medium,none
TP901-1erm,True,long non-contractile,Siphoviridae,Lactococcus lactis,1358,Lactococcus lactis,Gram positive,cell wall,cell wall polysaccharides subtype C2,N/A,,Undetermined,insufficient-data,none,receptor does not support a host-range prediction,Ainsworth et al. 2014,10.1128/mBio.00880-14, ,True,True,https://www.ncbi.nlm.nih.gov/nuccore/NZ_CP184687.1,NZ_CP184687.1,host genome (fallback),,False,,,none,,PhReD,PhReD: The Phage Receptor Database (Bio-conversion Databank Foundation). https://phred.biodf.org,2026-07-10,False,,none,medium,none
SPN14,True,long non-contractile,Siphoviridae,Salmonella enterica serovar Typhimurium,90371,Salmonella enterica subsp. enterica serovar Typhimurium,Gram negative,cell wall,"BtuB, vitamin B12 membrane transporter",Membrane Proteins,Protein,Broad,predicted-from-receptor,medium,conserved outer membrane protein receptor -> broad predicted,Shin et al. 2012,10.1371/journal.pone.0043392, ,True,True,https://www.ncbi.nlm.nih.gov/nuccore/M89481.1,M89481.1,specific gene,BtuB,False,,,none,,PhReD,PhReD: The Phage Receptor Database (Bio-conversion Databank Foundation). https://phred.biodf.org,2026-07-10,False,,high,high,none
KVP40,True,contractile,Myoviridae,Vibrio sp.,678,Vibrio sp.,Gram negative,cell wall,Protein OmpK,Membrane Proteins,Protein,Broad,predicted-from-receptor,medium,conserved outer membrane protein receptor -> broad predicted,Inuoe et al. 1995,10.1111/j.1574-6968.1995.tb07342.x, ,True,False,,,none,,True,https://www.uniprot.org/uniprotkb/Q6WHK5,Q6WHK5,specific RBP,Long tail fiber protein Gp37,PhReD,PhReD: The Phage Receptor Database (Bio-conversion Databank Foundation). https://phred.biodf.org,2026-07-10,False,,high,none,high
fPS-50,True,short,Podoviridae,Yersinia enterocolitica,630,Yersinia enterocolitica,Gram negative,cell wall,LPS O antigen,LPS,Glycan,Narrow,predicted-from-receptor,medium,specific O-antigen/serotype -> narrow predicted,Salem et al. 2018,10.3390/v10040174, ,True,True,https://www.ncbi.nlm.nih.gov/nuccore/NZ_CP139458.1,NZ_CP139458.1,host genome (fallback),,False,,,none,,PhReD,PhReD: The Phage Receptor Database (Bio-conversion Databank Foundation). https://phred.biodf.org,2026-07-10,False,,high,medium,none
T2,True,contractile,Myoviridae,Escherichia coli,562,Escherichia coli,Gram negative,cell wall,Protein Ia (OmpF) with LPS and the outer membrane protein FadL (involved in the uptake of long-chain fatty acids),Membrane Proteins,Protein,Broad,predicted-from-receptor,medium,conserved outer membrane protein receptor -> broad predicted,Hantke 1978; Morona and Henning 1986; Black 1988 ,"10.1128/jb.135.1.190-197.1978 (Hantke and Braun 1978), 10.1128/jb.159.2.579-582.1984 (Morona and Henning), 10.1128/jb.170.6.2850-2854.1988 (Black)", ,True,True,https://www.ncbi.nlm.nih.gov/nuccore/GQ465827.1,GQ465827.1,specific gene,OmpF,True,https://www.uniprot.org/uniprotkb/P07067,P07067,specific RBP,Long tail fiber protein Gp37,PhReD,PhReD: The Phage Receptor Database (Bio-conversion Databank Foundation). https://phred.biodf.org,2026-07-10,True,low-confidence domain assignment,low,high,high
936,True,long non-contractile,Siphoviridae,Lactococcus lactis,1358,Lactococcus lactis,Gram positive,cell wall,cell wall polysaccharides,N/A,,Undetermined,insufficient-data,none,receptor does not support a host-range prediction,Mahony et al. 2013,10.1128/AEM.00653-13, ,True,True,https://www.ncbi.nlm.nih.gov/nuccore/NZ_CP184687.1,NZ_CP184687.1,host genome (fallback),,True,https://www.uniprot.org/uniprotkb/Q71AV7,Q71AV7,specific RBP,Putative receptor binding protein,PhReD,PhReD: The Phage Receptor Database (Bio-conversion Databank Foundation). https://phred.biodf.org,2026-07-10,False,,none,medium,high
F370,True,contractile,Myoviridae,Campylobacter jejuni,197,Campylobacter jejuni,Gram negative,cell wall,MeOPN modification of GalfNAc of capsular polysaccharides,Capsular Polysaccharide,Glycan,Narrow,predicted-from-receptor,medium,capsule/K-antigen is strain/serotype specific -> narrow predicted,Sørensen et al. 2015,10.1371/journal.pone.0116287, ,True,True,https://www.ncbi.nlm.nih.gov/nuccore/NZ_CP172364.1,NZ_CP172364.1,host genome (fallback),,False,,,none,,PhReD,PhReD: The Phage Receptor Database (Bio-conversion Databank Foundation). https://phred.biodf.org,2026-07-10,False,,high,medium,none
Vi Phage VI,True,short,Podoviridae,Salmonella enterica serovar Typhi,90370,Salmonella enterica subsp. enterica serovar Typhi,Gram negative,cell wall,Vi exopolysaccharide,Capsular Polysaccharide,Glycan,Narrow,predicted-from-receptor,medium,capsule/K-antigen is strain/serotype specific -> narrow predicted,Pickard et al. 2010,10.1128/JB.00659-10, ,True,True,https://www.ncbi.nlm.nih.gov/nuccore/NZ_LR590081.1,NZ_LR590081.1,host genome (fallback),,False,,,none,,PhReD,PhReD: The Phage Receptor Database (Bio-conversion Databank Foundation). https://phred.biodf.org,2026-07-10,False,,high,medium,none
Thanatos-1,True,contractile,Myoviridae,Shewanella oneidensis,70863,Shewanella oneidensis,Gram negative,cell wall,LPS,LPS,Glycan,Narrow,predicted-from-receptor,low,O-antigen LPS generally serotype-specific -> narrow predicted (weak),Kreienbaum et al. 2020,10.3389/fmicb.2020.573260, ,True,True,https://www.ncbi.nlm.nih.gov/nuccore/NZ_CP053946.1,NZ_CP053946.1,host genome (fallback),,False,,,none,,PhReD,PhReD: The Phage Receptor Database (Bio-conversion Databank Foundation). https://phred.biodf.org,2026-07-10,False,,high,medium,none
φAcM4,True,long non-contractile,Siphoviridae,Asticcacaulis biprosthecium,76891,Asticcacaulis biprosthecium,Gram negative,flagella,flagella,Flagella,Protein,Undetermined,insufficient-data,none,Flagella host range is context-dependent; no empirical data in source,Pate et al. 1979,10.1016/0042-6822(79)90435-5, ,True,False,,,none,,False,,,none,,PhReD,PhReD: The Phage Receptor Database (Bio-conversion Databank Foundation). https://phred.biodf.org,2026-07-10,False,,high,none,none
SP10,True,contractile,Herelleviridae,Bacillus subtilis,1423,Bacillus subtilis,Gram positive,cell wall,glucosylation of polyglycerol  teichoic acid,Teichoic Acids,Glycan,Undetermined,insufficient-data,none,Teichoic Acids host range is context-dependent; no empirical data in source,Young 1967,10.1073/pnas.58.6.2377, ,True,True,https://www.ncbi.nlm.nih.gov/nuccore/NZ_CP160208.1,NZ_CP160208.1,host genome (fallback),,False,,,none,,PhReD,PhReD: The Phage Receptor Database (Bio-conversion Databank Foundation). https://phred.biodf.org,2026-07-10,False,,high,medium,none
SPN12C,True,long non-contractile,Siphoviridae,Salmonella enterica serovar Typhimurium,90371,Salmonella enterica subsp. enterica serovar Typhimurium,Gram negative,cell wall,"BtuB, vitamin B12 membrane transporter",Membrane Proteins,Protein,Broad,predicted-from-receptor,medium,conserved outer membrane protein receptor -> broad predicted,Shin et al. 2012,10.1371/journal.pone.0043392, ,True,True,https://www.ncbi.nlm.nih.gov/nuccore/M89481.1,M89481.1,specific gene,BtuB,False,,,none,,PhReD,PhReD: The Phage Receptor Database (Bio-conversion Databank Foundation). https://phred.biodf.org,2026-07-10,False,,high,high,none
φeiAU,True,long non-contractile,Siphoviridae,Edwardsiella ictaluri,67780,Edwardsiella ictaluri,Gram negative,cell wall,OmpLC,Membrane Proteins,Protein,Broad,predicted-from-receptor,medium,conserved outer membrane protein receptor -> broad predicted,Hossain et al. 2012,10.1099/mic.0.054866-0, ,True,True,https://www.ncbi.nlm.nih.gov/nuccore/NZ_CP180729.1,NZ_CP180729.1,host genome (fallback),,True,https://www.uniprot.org/uniprotkb/W0LM01,W0LM01,specific RBP,Host specificity protein,PhReD,PhReD: The Phage Receptor Database (Bio-conversion Databank Foundation). https://phred.biodf.org,2026-07-10,False,,high,medium,high
fd,False,none (filamentous),Inoviridae,Escherichia coli,562,Escherichia coli,Gram negative,"pilus, periplasm","F pilus as primary receptor, TolA (C-terminal domain) coreceptor for infection",Pili,Protein,Undetermined,insufficient-data,none,Pili host range is context-dependent; no empirical data in source,Riechmann and Holliger 1997,10.1016/s0092-8674(00)80342-6, ,True,True,https://www.ncbi.nlm.nih.gov/nuccore/M28232.1,M28232.1,specific gene,TolA,True,https://www.uniprot.org/uniprotkb/P03661,P03661,specific RBP,Attachment protein G3P,PhReD,PhReD: The Phage Receptor Database (Bio-conversion Databank Foundation). https://phred.biodf.org,2026-07-10,False,,medium,high,high
VP3,True,short,Podoviridae,Vibrio cholerae,666,Vibrio cholerae,Gram negative,cell wall,"core oligosaccharides of LPS, outer membrane protein TolC",LPS,Glycan,Broad,predicted-from-receptor,low,conserved LPS core -> broad predicted,"Zhang et al. 2009, Fan et al. 2018","10.1128/JB.01370-08 (Zhang et al 2009), 10.1074/jbc.M117.805689 (Fan et al 2018)", ,True,True,https://www.ncbi.nlm.nih.gov/nuccore/AF282892.1,AF282892.1,specific gene,TolC,True,https://www.uniprot.org/uniprotkb/B8XCQ2,B8XCQ2,specific RBP,Tail fiber protein,PhReD,PhReD: The Phage Receptor Database (Bio-conversion Databank Foundation). https://phred.biodf.org,2026-07-10,True,low-confidence domain assignment,low,high,high
SPN8T,True,long non-contractile,Siphoviridae,Salmonella enterica serovar Typhimurium,90371,Salmonella enterica subsp. enterica serovar Typhimurium,Gram negative,flagella,FliC,Flagella,Protein,Undetermined,insufficient-data,none,Flagella host range is context-dependent; no empirical data in source,Shin et al. 2012,10.1371/journal.pone.0043392, ,True,True,https://www.ncbi.nlm.nih.gov/nuccore/JN587177.1,JN587177.1,specific gene,FliC,False,,,none,,PhReD,PhReD: The Phage Receptor Database (Bio-conversion Databank Foundation). https://phred.biodf.org,2026-07-10,False,,high,high,none
APK48,True,short,Autographiviridae,Acinetobacter baumannii,470,Acinetobacter baumannii,Gram negative,cell wall,capsular polysaccharides,Capsular Polysaccharide,Glycan,Narrow,predicted-from-receptor,medium,capsule/K-antigen is strain/serotype specific -> narrow predicted,Popova et al. 2021,10.1128/JVI.01714-20, ,True,True,https://www.ncbi.nlm.nih.gov/nuccore/NZ_CP156044.1,NZ_CP156044.1,host genome (fallback),,False,,,none,,PhReD,PhReD: The Phage Receptor Database (Bio-conversion Databank Foundation). https://phred.biodf.org,2026-07-10,False,,high,medium,none
T7 Yp,True,short,Podoviridae,Yersinia pestis,632,Yersinia pestis,Gram negative,cell wall,HepI/Glc residues of LPS,LPS,Glycan,Narrow,predicted-from-receptor,low,O-antigen LPS generally serotype-specific -> narrow predicted (weak),Filippov et al. 2011,10.1371/journal.pone.0025486, ,True,True,https://www.ncbi.nlm.nih.gov/nuccore/NZ_CP033699.1,NZ_CP033699.1,host genome (fallback),,False,,,none,,PhReD,PhReD: The Phage Receptor Database (Bio-conversion Databank Foundation). https://phred.biodf.org,2026-07-10,False,,high,medium,none
F358,True,contractile,Myoviridae,Campylobacter jejuni,197,Campylobacter jejuni,Gram negative,cell wall,capsular polysaccharides,Capsular Polysaccharide,Glycan,Narrow,predicted-from-receptor,medium,capsule/K-antigen is strain/serotype specific -> narrow predicted,Sørensen et al. 2015,10.1371/journal.pone.0116287, ,True,True,https://www.ncbi.nlm.nih.gov/nuccore/NZ_CP172364.1,NZ_CP172364.1,host genome (fallback),,False,,,none,,PhReD,PhReD: The Phage Receptor Database (Bio-conversion Databank Foundation). https://phred.biodf.org,2026-07-10,False,,high,medium,none
φeiDWF,True,long non-contractile,Siphoviridae,Edwardsiella ictaluri,67780,Edwardsiella ictaluri,Gram negative,cell wall,OmpLC,Membrane Proteins,Protein,Broad,predicted-from-receptor,medium,conserved outer membrane protein receptor -> broad predicted,Hossain et al. 2012,10.1099/mic.0.054866-0, ,True,True,https://www.ncbi.nlm.nih.gov/nuccore/NZ_CP180729.1,NZ_CP180729.1,host genome (fallback),,False,,,none,,PhReD,PhReD: The Phage Receptor Database (Bio-conversion Databank Foundation). https://phred.biodf.org,2026-07-10,False,,high,medium,none
F389,True,contractile,Myoviridae,Campylobacter jejuni,197,Campylobacter jejuni,Gram negative,flagella,rotating flagella,Flagella,Protein,Undetermined,insufficient-data,none,Flagella host range is context-dependent; no empirical data in source,Sørensen et al. 2015,10.1371/journal.pone.0116287, ,True,True,https://www.ncbi.nlm.nih.gov/nuccore/NZ_CP172364.1,NZ_CP172364.1,host genome (fallback),,False,,,none,,PhReD,PhReD: The Phage Receptor Database (Bio-conversion Databank Foundation). https://phred.biodf.org,2026-07-10,False,,high,medium,none
Prado,True,short,Podoviridae,Xylella fastidiosa,2371,Xylella fastidiosa,Gram negative,pili,PilA,Pili,Protein,Undetermined,insufficient-data,none,Pili host range is context-dependent; no empirical data in source,Ahern et al. 2014,10.1128/JB.01080-13, ,True,True,https://www.ncbi.nlm.nih.gov/nuccore/MN590488.1,MN590488.1,specific gene,PilA,True,https://www.uniprot.org/uniprotkb/V5Q7S0,V5Q7S0,specific RBP,Tail fiber protein,PhReD,PhReD: The Phage Receptor Database (Bio-conversion Databank Foundation). https://phred.biodf.org,2026-07-10,False,,high,high,high
φR1-37,True,contractile,Myoviridae,Yersinia enterocolitica,630,Yersinia enterocolitica,Gram negative,cell wall,outer core hexasaccharide of LPS,LPS,Glycan,Broad,predicted-from-receptor,low,conserved LPS core -> broad predicted,Kiljunen et al. 2005,10.1099/mic.0.28265-0, ,True,True,https://www.ncbi.nlm.nih.gov/nuccore/NZ_CP139458.1,NZ_CP139458.1,host genome (fallback),,False,,,none,,PhReD,PhReD: The Phage Receptor Database (Bio-conversion Databank Foundation). https://phred.biodf.org,2026-07-10,False,,high,medium,none
φNJS1,True,long non-contractile,Siphoviridae,Klebsiella pneumoniae,573,Klebsiella pneumoniae,Gram negative,cell wall,"O antigen of LPS (reversible binding), FepA (irreversible binding)",Membrane Proteins,Protein,Broad,predicted-from-receptor,medium,conserved outer membrane protein receptor -> broad predicted,Hao et al. 2021,10.1016/j.micpath.2021.104897, ,True,True,https://www.ncbi.nlm.nih.gov/nuccore/AJ292298.1,AJ292298.1,specific gene,FepA,True,https://www.uniprot.org/uniprotkb/A0A345ARD4,A0A345ARD4,specific RBP,Tail fiber protein,PhReD,PhReD: The Phage Receptor Database (Bio-conversion Databank Foundation). https://phred.biodf.org,2026-07-10,False,,medium,high,high
S108,True,long non-contractile,Siphoviridae,Salmonella enterica serovar Typhimurium,90371,Salmonella enterica subsp. enterica serovar Typhimurium,Gram negative,cell wall,O-antigen,LPS,Glycan,Narrow,predicted-from-receptor,medium,specific O-antigen/serotype -> narrow predicted,Gencay et al. 2019,10.1111/1462-2920.14597, ,True,True,https://www.ncbi.nlm.nih.gov/nuccore/NZ_CP104816.1,NZ_CP104816.1,host genome (fallback),,False,,,none,,PhReD,PhReD: The Phage Receptor Database (Bio-conversion Databank Foundation). https://phred.biodf.org,2026-07-10,False,,high,medium,none
SA97,True,long non-contractile,Siphoviridae,Staphylococcus aureus,1280,Staphylococcus aureus,Gram positive,cell wall,wall teichoic acid,Teichoic Acids,Glycan,Undetermined,insufficient-data,none,Teichoic Acids host range is context-dependent; no empirical data in source,Chang et al. 2015,10.3390/v7102870, ,True,True,https://www.ncbi.nlm.nih.gov/nuccore/NZ_CP195878.1,NZ_CP195878.1,host genome (fallback),,True,https://www.uniprot.org/uniprotkb/A0A0F6N3G7,A0A0F6N3G7,specific RBP,Tail fiber protein,PhReD,PhReD: The Phage Receptor Database (Bio-conversion Databank Foundation). https://phred.biodf.org,2026-07-10,False,,high,medium,high
Gifsy-1,True,long non-contractile,Siphoviridae,Salmonella enterica serovar Typhimurium,90371,Salmonella enterica subsp. enterica serovar Typhimurium,Gram negative,cell wall,OmpC,Membrane Proteins,Protein,Broad,predicted-from-receptor,medium,conserved outer membrane protein receptor -> broad predicted,Ho and Slauch 2001,10.1128/JB.183.4.1495–1498.2001, ,True,True,https://www.ncbi.nlm.nih.gov/nuccore/KY421795.1,KY421795.1,specific gene,OmpC,False,,,none,,PhReD,PhReD: The Phage Receptor Database (Bio-conversion Databank Foundation). https://phred.biodf.org,2026-07-10,False,,high,high,none
SSU5,True,long non-contractile,Siphoviridae,Salmonella enterica serovar Typhimurium,90371,Salmonella enterica subsp. enterica serovar Typhimurium,Gram negative,cell wall,outer core oligosaccharides of LPS,LPS,Glycan,Broad,predicted-from-receptor,low,conserved LPS core -> broad predicted,Kim et al. 2014,10.1128/AEM.03494-13, ,True,True,https://www.ncbi.nlm.nih.gov/nuccore/NZ_CP104816.1,NZ_CP104816.1,host genome (fallback),,False,,,none,,PhReD,PhReD: The Phage Receptor Database (Bio-conversion Databank Foundation). https://phred.biodf.org,2026-07-10,False,,high,medium,none
DLP2,True,long non-contractile,Siphoviridae,Stenotrophomonas maltophilia,40324,Stenotrophomonas maltophilia,Gram negative,pilus,type IV pili,Pili,Protein,Undetermined,insufficient-data,none,Pili host range is context-dependent; no empirical data in source,McCutcheon et al. 2018,10.3390/v10060338, ,True,True,https://www.ncbi.nlm.nih.gov/nuccore/NZ_CP031058.1,NZ_CP031058.1,host genome (fallback),,False,,,none,,PhReD,PhReD: The Phage Receptor Database (Bio-conversion Databank Foundation). https://phred.biodf.org,2026-07-10,False,,high,medium,none
TuII*,True,contractile,Myoviridae,Escherichia coli,562,Escherichia coli,Gram negative,cell wall,Protein II* (OmpA) with LPS,Membrane Proteins,Protein,Broad,predicted-from-receptor,medium,conserved outer membrane protein receptor -> broad predicted,Datta et al. 1977,10.1128/jb.131.3.821-829.1977, ,True,True,https://www.ncbi.nlm.nih.gov/nuccore/EU183344.1,EU183344.1,specific gene,OmpA,False,,,none,,PhReD,PhReD: The Phage Receptor Database (Bio-conversion Databank Foundation). https://phred.biodf.org,2026-07-10,True,low-confidence domain assignment,low,high,none
U3,False,"none (icosahedral, ssDNA)",Microviridae,Escherichia coli,562,Escherichia coli,Gram negative,cell wall,Terminal galactose residue in LPS,LPS,Glycan,Narrow,predicted-from-receptor,low,O-antigen LPS generally serotype-specific -> narrow predicted (weak),Picken and Beacham 1977,10.1099/00221287-102-2-305, ,True,True,https://www.ncbi.nlm.nih.gov/nuccore/NZ_CP187781.1,NZ_CP187781.1,host genome (fallback),,False,,,none,,PhReD,PhReD: The Phage Receptor Database (Bio-conversion Databank Foundation). https://phred.biodf.org,2026-07-10,False,,high,medium,none
F386,True,contractile,Myoviridae,Campylobacter jejuni,197,Campylobacter jejuni,Gram negative,flagella,rotating flagella,Flagella,Protein,Undetermined,insufficient-data,none,Flagella host range is context-dependent; no empirical data in source,Sørensen et al. 2015,10.1371/journal.pone.0116287, ,True,True,https://www.ncbi.nlm.nih.gov/nuccore/NZ_CP172364.1,NZ_CP172364.1,host genome (fallback),,False,,,none,,PhReD,PhReD: The Phage Receptor Database (Bio-conversion Databank Foundation). https://phred.biodf.org,2026-07-10,False,,high,medium,none
P113g,True,long non-contractile,Siphoviridae,Lactococcus lactis,1358,Lactococcus lactis,Gram positive,cell wall,cell wall polysaccharides,N/A,,Undetermined,insufficient-data,none,receptor does not support a host-range prediction,Mahony et al. 2013,10.1128/AEM.00653-13, ,True,True,https://www.ncbi.nlm.nih.gov/nuccore/NZ_CP184687.1,NZ_CP184687.1,host genome (fallback),,True,https://www.uniprot.org/uniprotkb/Q71AV2,Q71AV2,specific RBP,Putative receptor binding protein,PhReD,PhReD: The Phage Receptor Database (Bio-conversion Databank Foundation). https://phred.biodf.org,2026-07-10,False,,none,medium,high
ϕLC3,True,long non-contractile,Siphoviridae,Lactococcus lactis,1358,Lactococcus lactis,Gram positive,cell wall,cell wall polysaccharides subtype C2,N/A,,Undetermined,insufficient-data,none,receptor does not support a host-range prediction,Ainsworth et al. 2014,10.1128/mBio.00880-14, ,True,True,https://www.ncbi.nlm.nih.gov/nuccore/NZ_CP184687.1,NZ_CP184687.1,host genome (fallback),,False,,,none,,PhReD,PhReD: The Phage Receptor Database (Bio-conversion Databank Foundation). https://phred.biodf.org,2026-07-10,False,,none,medium,none
N3,True,contractile,Myoviridae,Sinorhizobium meliloti,382,Sinorhizobium meliloti,Gram negative,cell wall,outer membrane porin RopA1,Membrane Proteins,Protein,Broad,predicted-from-receptor,medium,conserved outer membrane protein receptor -> broad predicted,Crook et al. 2013,10.1128/JB.00480-13, ,True,True,https://www.ncbi.nlm.nih.gov/nuccore/NZ_CP021219.1,NZ_CP021219.1,host genome (fallback),,False,,,none,,PhReD,PhReD: The Phage Receptor Database (Bio-conversion Databank Foundation). https://phred.biodf.org,2026-07-10,False,,high,medium,none
φAcM2,True,long non-contractile,Siphoviridae,Asticcacaulis biprosthecium,76891,Asticcacaulis biprosthecium,Gram negative,pili,pili,Pili,Protein,Undetermined,insufficient-data,none,Pili host range is context-dependent; no empirical data in source,Pate et al. 1979,10.1016/0042-6822(79)90435-5, ,True,False,,,none,,False,,,none,,PhReD,PhReD: The Phage Receptor Database (Bio-conversion Databank Foundation). https://phred.biodf.org,2026-07-10,False,,high,none,none
T6,True,contractile,Myoviridae,Escherichia coli,562,Escherichia coli,Gram negative,cell wall,Outer membrane protein Tsx (involved in nucleoside uptake),Membrane Proteins,Protein,Broad,predicted-from-receptor,medium,conserved outer membrane protein receptor -> broad predicted,Manning and Reeves 1976; Manning and Reeves 1978,"10.1128/jb.127.3.1070-1079.1976 (Manning and Reeves 1976), 10.1007/bf00267199 (Maning and Reeves 1978)", ,True,True,https://www.ncbi.nlm.nih.gov/nuccore/NZ_CP187781.1,NZ_CP187781.1,host genome (fallback),,True,https://www.uniprot.org/uniprotkb/A0A346FJX9,A0A346FJX9,specific RBP,Long tail fiber protein Gp37,PhReD,PhReD: The Phage Receptor Database (Bio-conversion Databank Foundation). https://phred.biodf.org,2026-07-10,False,,high,medium,high
SPN8TCW,True,short,Podoviridae,Salmonella enterica serovar Typhimurium,90371,Salmonella enterica subsp. enterica serovar Typhimurium,Gram negative,cell wall,LPS O antigen,LPS,Glycan,Narrow,predicted-from-receptor,medium,specific O-antigen/serotype -> narrow predicted,Shin et al. 2012,10.1371/journal.pone.0043392, ,True,True,https://www.ncbi.nlm.nih.gov/nuccore/NZ_CP104816.1,NZ_CP104816.1,host genome (fallback),,False,,,none,,PhReD,PhReD: The Phage Receptor Database (Bio-conversion Databank Foundation). https://phred.biodf.org,2026-07-10,False,,high,medium,none
Weirdo19ES,True,long non-contractile,Siphoviridae,Mycobacterium smegmatis,1772,Mycolicibacterium smegmatis,Acid fast,cell wall,glycopeptidolipids,N/A,,Undetermined,insufficient-data,none,receptor does not support a host-range prediction,Suarez et al. 2020,10.1371/journal.pone.0231881, ,True,True,https://www.ncbi.nlm.nih.gov/nuccore/NZ_CP027541.1,NZ_CP027541.1,host genome (fallback),,False,,,none,,PhReD,PhReD: The Phage Receptor Database (Bio-conversion Databank Foundation). https://phred.biodf.org,2026-07-10,False,,none,medium,none
PRR1,False,"none (icosahedral, ssRNA)",Leviviridae,"Escherichia coli, Pseudomonas aeruginosa",562,Escherichia coli,Gram negative,pili,R pili,Pili,Protein,Undetermined,insufficient-data,none,Pili host range is context-dependent; no empirical data in source,Bradley 1974,10.1016/0006-291x(74)90630-5, ,True,True,https://www.ncbi.nlm.nih.gov/nuccore/NZ_CP187781.1,NZ_CP187781.1,host genome (fallback),,False,,,none,,PhReD,PhReD: The Phage Receptor Database (Bio-conversion Databank Foundation). https://phred.biodf.org,2026-07-10,False,,high,medium,none
φNP,True,contractile,Myoviridae,Citrobacter rodentium,67825,Citrobacter rodentium,Gram negative,cell wall,LPS GlcII residue,LPS,Glycan,Narrow,predicted-from-receptor,low,O-antigen LPS generally serotype-specific -> narrow predicted (weak),Magaziner et al. 2019,10.1128/JB.00638-18, ,True,True,https://www.ncbi.nlm.nih.gov/nuccore/NZ_CP038008.1,NZ_CP038008.1,host genome (fallback),,False,,,none,,PhReD,PhReD: The Phage Receptor Database (Bio-conversion Databank Foundation). https://phred.biodf.org,2026-07-10,False,,high,medium,none
B1 (alternate family),True,long non-contractile,Siphoviridae,Lactobacillus plantarum,1590,Lactiplantibacillus plantarum,Gram positive,cell wall,Galactose component of the wall polysaccharide,N/A,,Undetermined,insufficient-data,none,receptor does not support a host-range prediction,Douglas and Wolin 1971,10.1021/bi00785a007, ,True,True,https://www.ncbi.nlm.nih.gov/nuccore/NZ_CP185953.1,NZ_CP185953.1,host genome (fallback),,False,,,none,,PhReD,PhReD: The Phage Receptor Database (Bio-conversion Databank Foundation). https://phred.biodf.org,2026-07-10,False,,none,medium,none
φMAM1,True,contractile,Myoviridae,Serratia plymuthica,82996,Serratia plymuthica,Gram negative,cell wall,capsular polysaccharides,Capsular Polysaccharide,Glycan,Narrow,predicted-from-receptor,medium,capsule/K-antigen is strain/serotype specific -> narrow predicted,Matilla and Salmond 2014,10.1128/AEM.01546-14, ,True,True,https://www.ncbi.nlm.nih.gov/nuccore/NZ_OZ405148.1,NZ_OZ405148.1,host genome (fallback),,True,https://www.uniprot.org/uniprotkb/K7YGQ9,K7YGQ9,specific RBP,Putative tail spike protein,PhReD,PhReD: The Phage Receptor Database (Bio-conversion Databank Foundation). https://phred.biodf.org,2026-07-10,False,,high,medium,high
PO4,True,long non-contractile,Siphoviridae,Pseudomonas aeruginosa,287,Pseudomonas aeruginosa,Gram negative,pili,pilus,Pili,Protein,Undetermined,insufficient-data,none,Pili host range is context-dependent; no empirical data in source,Bradley 1973,10.1016/0042-6822(73)90448-0, ,True,True,https://www.ncbi.nlm.nih.gov/nuccore/NZ_OZ484744.1,NZ_OZ484744.1,host genome (fallback),,False,,,none,,PhReD,PhReD: The Phage Receptor Database (Bio-conversion Databank Foundation). https://phred.biodf.org,2026-07-10,False,,high,medium,none
IME281,True,contractile,Myoviridae,Escherichia coli,562,Escherichia coli,Gram negative,cell wall,OmpF,Membrane Proteins,Protein,Broad,predicted-from-receptor,medium,conserved outer membrane protein receptor -> broad predicted,Li et al. 2019,10.3389/fmicb.2019.00850, ,True,True,https://www.ncbi.nlm.nih.gov/nuccore/GQ465827.1,GQ465827.1,specific gene,OmpF,False,,,none,,PhReD,PhReD: The Phage Receptor Database (Bio-conversion Databank Foundation). https://phred.biodf.org,2026-07-10,False,,high,high,none
FC3-1,True,contractile,Myoviridae,Klebsiella pneumoniae,573,Klebsiella pneumoniae,Gram negative,cell wall,lipopolysaccharide,LPS,Glycan,Narrow,predicted-from-receptor,low,O-antigen LPS generally serotype-specific -> narrow predicted (weak),Tomas and Jofre 1985,10.1128/jb.162.3.1276-1279.1985, ,True,True,https://www.ncbi.nlm.nih.gov/nuccore/NZ_OZ477362.1,NZ_OZ477362.1,host genome (fallback),,False,,,none,,PhReD,PhReD: The Phage Receptor Database (Bio-conversion Databank Foundation). https://phred.biodf.org,2026-07-10,False,,high,medium,none
SPN6TCW,True,short,Podoviridae,Salmonella enterica serovar Typhimurium,90371,Salmonella enterica subsp. enterica serovar Typhimurium,Gram negative,cell wall,LPS O antigen,LPS,Glycan,Narrow,predicted-from-receptor,medium,specific O-antigen/serotype -> narrow predicted,Shin et al. 2012,10.1371/journal.pone.0043392, ,True,True,https://www.ncbi.nlm.nih.gov/nuccore/NZ_CP104816.1,NZ_CP104816.1,host genome (fallback),,False,,,none,,PhReD,PhReD: The Phage Receptor Database (Bio-conversion Databank Foundation). https://phred.biodf.org,2026-07-10,False,,high,medium,none
M,False,"none (icosahedral, ssRNA)",Leviviridae,Escherichia coli,562,Escherichia coli,Gram negative,pili,M pili,Pili,Protein,Undetermined,insufficient-data,none,Pili host range is context-dependent; no empirical data in source,Coetzee et al. 1983,10.1099/00221287-129-7-2271, ,True,True,https://www.ncbi.nlm.nih.gov/nuccore/NZ_CP187781.1,NZ_CP187781.1,host genome (fallback),,True,https://www.uniprot.org/uniprotkb/A0A6S6ML91,A0A6S6ML91,specific RBP,Tail fiber protein,PhReD,PhReD: The Phage Receptor Database (Bio-conversion Databank Foundation). https://phred.biodf.org,2026-07-10,True,low-confidence UniProt assignment | ambiguous phage name across organisms,high,medium,low
5,True,long non-contractile,Siphoviridae,Lactococcus lactis,1358,Lactococcus lactis,Gram positive,cell wall,"rhamnose in carbohydrates in cell wall for reversible binding, Pip (phage infection protein)  for irreversible binding",Membrane Proteins,Protein,Broad,predicted-from-receptor,medium,conserved outer membrane protein receptor -> broad predicted,Monteville et al. 1994,10.1128/aem.60.9.3204-3211.1994, ,True,True,https://www.ncbi.nlm.nih.gov/nuccore/NZ_CP184687.1,NZ_CP184687.1,host genome (fallback),,False,,,none,,PhReD,PhReD: The Phage Receptor Database (Bio-conversion Databank Foundation). https://phred.biodf.org,2026-07-10,True,receptor text does not support domain 'Membrane Proteins',high,medium,none
φ812,True,contractile,Myoviridae,Staphylococcus aureus,1280,Staphylococcus aureus,Gram positive,cell wall,anionic backbone of wall teichoic acid,Teichoic Acids,Glycan,Undetermined,insufficient-data,none,Teichoic Acids host range is context-dependent; no empirical data in source,Xia et al. 2011,10.1128/JB.01412-10, ,True,True,https://www.ncbi.nlm.nih.gov/nuccore/NZ_CP195878.1,NZ_CP195878.1,host genome (fallback),,True,https://www.uniprot.org/uniprotkb/A0A0U1WIJ9,A0A0U1WIJ9,specific RBP,Receptor binding protein,PhReD,PhReD: The Phage Receptor Database (Bio-conversion Databank Foundation). https://phred.biodf.org,2026-07-10,False,,high,medium,high
TLS,True,long non-contractile,Drexlerviridae,Escherichia coli,562,Escherichia coli,Gram negative,cell wall,TolC and LPS,Membrane Proteins,Protein,Broad,predicted-from-receptor,medium,conserved outer membrane protein receptor -> broad predicted,German et al. 2001,10.1006/jmbi.2001.4578, ,True,True,https://www.ncbi.nlm.nih.gov/nuccore/FJ768952.1,FJ768952.1,specific gene,TolC,True,https://www.uniprot.org/uniprotkb/A5PJ08,A5PJ08,specific RBP,Tail fiber,PhReD,PhReD: The Phage Receptor Database (Bio-conversion Databank Foundation). https://phred.biodf.org,2026-07-10,True,low-confidence domain assignment,low,high,high
PVP-SE1,True,contractile,Myoviridae,Salmonella enterica,28901,Salmonella enterica,Gram negative,cell wall,LPS inner core,LPS,Glycan,Broad,predicted-from-receptor,low,conserved LPS core -> broad predicted,Santos et al. 2011,10.1128/JVI.01769-10, ,True,True,https://www.ncbi.nlm.nih.gov/nuccore/NZ_CP186307.1,NZ_CP186307.1,host genome (fallback),,False,,,none,,PhReD,PhReD: The Phage Receptor Database (Bio-conversion Databank Foundation). https://phred.biodf.org,2026-07-10,False,,high,medium,none
mEp543,True,long non-contractile,Siphoviridae,Escherichia coli,562,Escherichia coli,Gram negative,cell wall,FhuA,Membrane Proteins,Protein,Broad,predicted-from-receptor,medium,conserved outer membrane protein receptor -> broad predicted,Hernandez-Sanchez et al. 2008,10.1007/s00705-008-0111-0, ,True,True,https://www.ncbi.nlm.nih.gov/nuccore/M12486.1,M12486.1,specific gene,FhuA,False,,,none,,PhReD,PhReD: The Phage Receptor Database (Bio-conversion Databank Foundation). https://phred.biodf.org,2026-07-10,False,,high,high,none
IF2,False,none (filamentous),Inoviridae,Escherichia coli,562,Escherichia coli,Gram negative,pili,I pili,Pili,Protein,Undetermined,insufficient-data,none,Pili host range is context-dependent; no empirical data in source,Meynell and Lawn  1968,10.1038/2171184a0, ,True,True,https://www.ncbi.nlm.nih.gov/nuccore/NZ_CP187781.1,NZ_CP187781.1,host genome (fallback),,False,,,none,,PhReD,PhReD: The Phage Receptor Database (Bio-conversion Databank Foundation). https://phred.biodf.org,2026-07-10,False,,high,medium,none
B3 (alternate family),True,contractile,Myoviridae,Pseudomonas aeruginosa,287,Pseudomonas aeruginosa,Gram negative,pili,pilus,Pili,Protein,Undetermined,insufficient-data,none,Pili host range is context-dependent; no empirical data in source,Roncero et al. 1990,10.1128/jb.172.4.1899-1904.1990, ,True,True,https://www.ncbi.nlm.nih.gov/nuccore/NZ_OZ484744.1,NZ_OZ484744.1,host genome (fallback),,False,,,none,,PhReD,PhReD: The Phage Receptor Database (Bio-conversion Databank Foundation). https://phred.biodf.org,2026-07-10,False,,high,medium,none
mEp123,True,long non-contractile,Siphoviridae,Escherichia coli,562,Escherichia coli,Gram negative,cell wall,FhuA,Membrane Proteins,Protein,Broad,predicted-from-receptor,medium,conserved outer membrane protein receptor -> broad predicted,Hernandez-Sanchez et al. 2008,10.1007/s00705-008-0111-0, ,True,True,https://www.ncbi.nlm.nih.gov/nuccore/M12486.1,M12486.1,specific gene,FhuA,False,,,none,,PhReD,PhReD: The Phage Receptor Database (Bio-conversion Databank Foundation). https://phred.biodf.org,2026-07-10,False,,high,high,none
ϕX216,True,contractile,Myoviridae,Burkholderia mallei,13373,Burkholderia mallei,Gram negative,cell wall,O-antigen of LPS,LPS,Glycan,Narrow,predicted-from-receptor,medium,specific O-antigen/serotype -> narrow predicted,Kvitko et al. 2012,10.1186/1471-2180-12-289, ,True,True,https://www.ncbi.nlm.nih.gov/nuccore/NZ_CP009731.1,NZ_CP009731.1,host genome (fallback),,True,https://www.uniprot.org/uniprotkb/K4NZW8,K4NZW8,specific RBP,Putative phage tail fiber protein,PhReD,PhReD: The Phage Receptor Database (Bio-conversion Databank Foundation). https://phred.biodf.org,2026-07-10,True,UniProt organism 'Burkholderia phage phiX216' does not name phage 'ϕX216',high,medium,high
φOT8,True,long non-contractile,Siphoviridae,Serratia marcescens,615,Serratia marcescens,Gram negative,flagella,rotating flagella,Flagella,Protein,Undetermined,insufficient-data,none,Flagella host range is context-dependent; no empirical data in source,Evans et al. 2010,10.1099/mic.0.032797-0, ,True,True,https://www.ncbi.nlm.nih.gov/nuccore/NZ_CP192733.1,NZ_CP192733.1,host genome (fallback),,False,,,none,,PhReD,PhReD: The Phage Receptor Database (Bio-conversion Databank Foundation). https://phred.biodf.org,2026-07-10,False,,high,medium,none
LP-125,True,contractile,Myoviridae,Listeria monocytogenes,1639,Listeria monocytogenes,Gram positive,cell wall,N-acetylglucosamine in the wall teichoic acid,Teichoic Acids,Glycan,Undetermined,insufficient-data,none,Teichoic Acids host range is context-dependent; no empirical data in source,Denes et al. 2015,10.1128/AEM.00087-15, ,True,True,https://www.ncbi.nlm.nih.gov/nuccore/NZ_CP190322.1,NZ_CP190322.1,host genome (fallback),,True,https://www.uniprot.org/uniprotkb/S4U6W5,S4U6W5,specific RBP,Receptor binding protein,PhReD,PhReD: The Phage Receptor Database (Bio-conversion Databank Foundation). https://phred.biodf.org,2026-07-10,False,,high,medium,high
Pf,False,none (filamentous),Inoviridae,Pseudomonas aeruginosa,287,Pseudomonas aeruginosa,Gram negative,pili,pilus,Pili,Protein,Undetermined,insufficient-data,none,Pili host range is context-dependent; no empirical data in source,Bradley 1973b,10.1139/m73-103, ,True,True,https://www.ncbi.nlm.nih.gov/nuccore/NZ_OZ484744.1,NZ_OZ484744.1,host genome (fallback),,True,https://www.uniprot.org/uniprotkb/A0A0A0YX94,A0A0A0YX94,specific RBP,Tail fiber protein,PhReD,PhReD: The Phage Receptor Database (Bio-conversion Databank Foundation). https://phred.biodf.org,2026-07-10,False,,high,medium,high
KSF-1φ,False,none (filamentous),Inoviridae,Vibrio cholerae,666,Vibrio cholerae,Gram negative,pili,MSHA pilus,Pili,Protein,Undetermined,insufficient-data,none,Pili host range is context-dependent; no empirical data in source,Faruque et al. 2005,10.1128/JB.187.12.4095–4103.2005, ,True,True,https://www.ncbi.nlm.nih.gov/nuccore/NZ_CP191367.1,NZ_CP191367.1,host genome (fallback),,False,,,none,,PhReD,PhReD: The Phage Receptor Database (Bio-conversion Databank Foundation). https://phred.biodf.org,2026-07-10,False,,high,medium,none
S125,True,long non-contractile,Siphoviridae,Salmonella enterica serovar Typhimurium,90371,Salmonella enterica subsp. enterica serovar Typhimurium,Gram negative,cell wall,"BtuB, vitamin B12 membrane transporter",Membrane Proteins,Protein,Broad,predicted-from-receptor,medium,conserved outer membrane protein receptor -> broad predicted,Gencay et al. 2019,10.1111/1462-2920.14597, ,True,True,https://www.ncbi.nlm.nih.gov/nuccore/M89481.1,M89481.1,specific gene,BtuB,False,,,none,,PhReD,PhReD: The Phage Receptor Database (Bio-conversion Databank Foundation). https://phred.biodf.org,2026-07-10,False,,high,high,none
OMKO1,True,contractile,Myoviridae,Pseudomonas aeruginosa,287,Pseudomonas aeruginosa,Gram negative,outer membrane,OprM,Membrane Proteins,Protein,Broad,predicted-from-receptor,medium,conserved outer membrane protein receptor -> broad predicted,Chan et al. 2016,10.1038/srep26717, ,True,True,https://www.ncbi.nlm.nih.gov/nuccore/L11616.1,L11616.1,specific gene,OprM,False,,,none,,PhReD,PhReD: The Phage Receptor Database (Bio-conversion Databank Foundation). https://phred.biodf.org,2026-07-10,False,,high,high,none
APK32,True,short,Autographiviridae,Acinetobacter baumannii,470,Acinetobacter baumannii,Gram negative,cell wall,capsular polysaccharides,Capsular Polysaccharide,Glycan,Narrow,predicted-from-receptor,medium,capsule/K-antigen is strain/serotype specific -> narrow predicted,Popova et al. 2021,10.1128/JVI.01714-20, ,True,True,https://www.ncbi.nlm.nih.gov/nuccore/NZ_CP156044.1,NZ_CP156044.1,host genome (fallback),,False,,,none,,PhReD,PhReD: The Phage Receptor Database (Bio-conversion Databank Foundation). https://phred.biodf.org,2026-07-10,False,,high,medium,none
HK620,True,short,Podoviridae,Escherichia coli,562,Escherichia coli,Gram negative,cell wall,LPS,LPS,Glycan,Narrow,predicted-from-receptor,low,O-antigen LPS generally serotype-specific -> narrow predicted (weak),Broeker et al. 2018,10.3390/v10060289, ,True,True,https://www.ncbi.nlm.nih.gov/nuccore/NZ_CP187781.1,NZ_CP187781.1,host genome (fallback),,True,https://www.uniprot.org/uniprotkb/Q9AYY6,Q9AYY6,specific RBP,Tail spike protein,PhReD,PhReD: The Phage Receptor Database (Bio-conversion Databank Foundation). https://phred.biodf.org,2026-07-10,False,,high,medium,high
ES18,True,long non-contractile,Siphoviridae,Samonella enterica,28901,Salmonella enterica,Gram negative,cell wall,FhuA,Membrane Proteins,Protein,Broad,predicted-from-receptor,medium,conserved outer membrane protein receptor -> broad predicted,Casjens et al. 2005,10.1128/JB.187.3.1091–1104.2005, ,True,True,https://www.ncbi.nlm.nih.gov/nuccore/Y14067.1,Y14067.1,specific gene,FhuA,False,,,none,,PhReD,PhReD: The Phage Receptor Database (Bio-conversion Databank Foundation). https://phred.biodf.org,2026-07-10,False,,high,high,none
PP01,True,contractile,Myoviridae,Escherichia coli,562,Escherichia coli,Gram negative,cell wall,OmpC and R core and lipid A components of LPS,Membrane Proteins,Protein,Broad,predicted-from-receptor,medium,conserved outer membrane protein receptor -> broad predicted,"Morita et al. 2002, Mizoguchi et al. 2003","10.1111/j.1574-6968.2002.tb11206.x (Morita et al), 10.1128/AEM.69.1.170–176.2003 (Mizoguchi et al)", ,True,True,https://www.ncbi.nlm.nih.gov/nuccore/GQ167032.1,GQ167032.1,specific gene,OmpC,True,https://www.uniprot.org/uniprotkb/A0A2Z5WLD4,A0A2Z5WLD4,specific RBP,Long tail fiber protein Gp37,PhReD,PhReD: The Phage Receptor Database (Bio-conversion Databank Foundation). https://phred.biodf.org,2026-07-10,True,low-confidence domain assignment,low,high,high
S139,True,long non-contractile,Siphoviridae,Salmonella enterica serovar Typhimurium,90371,Salmonella enterica subsp. enterica serovar Typhimurium,Gram negative,cell wall,"BtuB, vitamin B12 membrane transporter",Membrane Proteins,Protein,Broad,predicted-from-receptor,medium,conserved outer membrane protein receptor -> broad predicted,Gencay et al. 2019,10.1111/1462-2920.14597, ,True,True,https://www.ncbi.nlm.nih.gov/nuccore/M89481.1,M89481.1,specific gene,BtuB,False,,,none,,PhReD,PhReD: The Phage Receptor Database (Bio-conversion Databank Foundation). https://phred.biodf.org,2026-07-10,False,,high,high,none
F364,True,contractile,Myoviridae,Campylobacter jejuni,197,Campylobacter jejuni,Gram negative,cell wall,capsular polysaccharides,Capsular Polysaccharide,Glycan,Narrow,predicted-from-receptor,medium,capsule/K-antigen is strain/serotype specific -> narrow predicted,Sørensen et al. 2015,10.1371/journal.pone.0116287, ,True,True,https://www.ncbi.nlm.nih.gov/nuccore/NZ_CP172364.1,NZ_CP172364.1,host genome (fallback),,False,,,none,,PhReD,PhReD: The Phage Receptor Database (Bio-conversion Databank Foundation). https://phred.biodf.org,2026-07-10,False,,high,medium,none
PM1,True,contractile,Myoviridae,Aeromonas hydrophila,644,Aeromonas hydrophila,Gram negative,cell wall,O antigen of LPS,LPS,Glycan,Narrow,predicted-from-receptor,medium,specific O-antigen/serotype -> narrow predicted,Merino et al. 1991,10.1139/m92-040, ,True,True,https://www.ncbi.nlm.nih.gov/nuccore/NZ_CP118942.1,NZ_CP118942.1,host genome (fallback),,True,https://www.uniprot.org/uniprotkb/A0A088DPD4,A0A088DPD4,specific RBP,Putative tail fiber,PhReD,PhReD: The Phage Receptor Database (Bio-conversion Databank Foundation). https://phred.biodf.org,2026-07-10,True,low-confidence UniProt assignment | ambiguous phage name across organisms,high,medium,low
fPS-26,True,short,Podoviridae,Yersinia enterocolitica,630,Yersinia enterocolitica,Gram negative,cell wall,LPS O antigen,LPS,Glycan,Narrow,predicted-from-receptor,medium,specific O-antigen/serotype -> narrow predicted,Salem et al. 2018,10.3390/v10040174, ,True,True,https://www.ncbi.nlm.nih.gov/nuccore/NZ_CP139458.1,NZ_CP139458.1,host genome (fallback),,False,,,none,,PhReD,PhReD: The Phage Receptor Database (Bio-conversion Databank Foundation). https://phred.biodf.org,2026-07-10,False,,high,medium,none
E79,True,contractile,Myoviridae,Pseudomonas aeruginosa,287,Pseudomonas aeruginosa,Gram negative,cell wall,LPS,LPS,Glycan,Narrow,predicted-from-receptor,low,O-antigen LPS generally serotype-specific -> narrow predicted (weak),Jarrell and Kropinski 1977,10.1128/jvi.23.3.461-466.1977, ,True,True,https://www.ncbi.nlm.nih.gov/nuccore/NZ_OZ484744.1,NZ_OZ484744.1,host genome (fallback),,False,,,none,,PhReD,PhReD: The Phage Receptor Database (Bio-conversion Databank Foundation). https://phred.biodf.org,2026-07-10,False,,high,medium,none
φ47,True,long non-contractile,Siphoviridae,Staphylococcus aureus,1280,Staphylococcus aureus,Gram positive,cell wall,α-GlcNAc residues of wall teichoic acid,Teichoic Acids,Glycan,Undetermined,insufficient-data,none,Teichoic Acids host range is context-dependent; no empirical data in source,Xia et al. 2011,10.1128/JB.01412-10, ,True,True,https://www.ncbi.nlm.nih.gov/nuccore/NZ_CP195878.1,NZ_CP195878.1,host genome (fallback),,False,,,none,,PhReD,PhReD: The Phage Receptor Database (Bio-conversion Databank Foundation). https://phred.biodf.org,2026-07-10,False,,high,medium,none
BPP-1,True,short,Podoviridae,Bordetella pertussis,520,Bordetella pertussis,Gram negative,outer membrane,pertactin,N/A,,Undetermined,insufficient-data,none,receptor does not support a host-range prediction,Liu et al. 2002,10.1126/science.1067467, ,True,True,https://www.ncbi.nlm.nih.gov/nuccore/NZ_CP054096.1,NZ_CP054096.1,host genome (fallback),,True,https://www.uniprot.org/uniprotkb/Q775D6,Q775D6,specific RBP,Tail fiber receptor-binding protein,PhReD,PhReD: The Phage Receptor Database (Bio-conversion Databank Foundation). https://phred.biodf.org,2026-07-10,False,,none,medium,high
GH-K3,True,long non-contractile,Siphoviridae,Klebsiella pneumoniae,573,Klebsiella pneumoniae,Gram negative,cell wall,OmpC,Membrane Proteins,Protein,Broad,predicted-from-receptor,medium,conserved outer membrane protein receptor -> broad predicted,Cat et al. 2018,10.1128/AEM.01585-18, ,True,True,https://www.ncbi.nlm.nih.gov/nuccore/KJ481789.1,KJ481789.1,specific gene,OmpC,True,https://www.uniprot.org/uniprotkb/A0A3S7W7I0,A0A3S7W7I0,specific RBP,Putative tail fiber protein,PhReD,PhReD: The Phage Receptor Database (Bio-conversion Databank Foundation). https://phred.biodf.org,2026-07-10,False,,high,high,high
F379,True,contractile,Myoviridae,Campylobacter jejuni,197,Campylobacter jejuni,Gram negative,flagella,rotating flagella,Flagella,Protein,Undetermined,insufficient-data,none,Flagella host range is context-dependent; no empirical data in source,Sørensen et al. 2015,10.1371/journal.pone.0116287, ,True,True,https://www.ncbi.nlm.nih.gov/nuccore/NZ_CP172364.1,NZ_CP172364.1,host genome (fallback),,True,https://www.uniprot.org/uniprotkb/A0A7L8ZK14,A0A7L8ZK14,other tail protein,Putative baseplate hub subunit and tail lysozyme,PhReD,PhReD: The Phage Receptor Database (Bio-conversion Databank Foundation). https://phred.biodf.org,2026-07-10,False,,high,medium,medium
mEp506,True,long non-contractile,Siphoviridae,Escherichia coli,562,Escherichia coli,Gram negative,cell wall,FhuA,Membrane Proteins,Protein,Broad,predicted-from-receptor,medium,conserved outer membrane protein receptor -> broad predicted,"Uc-Mass et al. 2004, Hernandez-Sanchez et al. 2008","10.1016/j.virol.2004.09.005 (Uc-Mass et al), 10.1007/s00705-008-0111-0 (Hernandez-Sanchez et al)", ,True,True,https://www.ncbi.nlm.nih.gov/nuccore/M12486.1,M12486.1,specific gene,FhuA,False,,,none,,PhReD,PhReD: The Phage Receptor Database (Bio-conversion Databank Foundation). https://phred.biodf.org,2026-07-10,False,,high,high,none
fd13,True,long non-contractile,Siphoviridae,Lactococcus lactis,1358,Lactococcus lactis,Gram positive,cell wall,cell wall polysaccharides,N/A,,Undetermined,insufficient-data,none,receptor does not support a host-range prediction,Mahony et al. 2013,10.1128/AEM.00653-13, ,True,True,https://www.ncbi.nlm.nih.gov/nuccore/NZ_CP184687.1,NZ_CP184687.1,host genome (fallback),,True,https://www.uniprot.org/uniprotkb/Q71AV9,Q71AV9,specific RBP,Putative receptor binding protein,PhReD,PhReD: The Phage Receptor Database (Bio-conversion Databank Foundation). https://phred.biodf.org,2026-07-10,False,,none,medium,high
S138,True,long non-contractile,Siphoviridae,Salmonella enterica serovar Typhimurium,90371,Salmonella enterica subsp. enterica serovar Typhimurium,Gram negative,cell wall,O-antigen,LPS,Glycan,Narrow,predicted-from-receptor,medium,specific O-antigen/serotype -> narrow predicted,Gencay et al. 2019,10.1111/1462-2920.14597, ,True,True,https://www.ncbi.nlm.nih.gov/nuccore/NZ_CP104816.1,NZ_CP104816.1,host genome (fallback),,False,,,none,,PhReD,PhReD: The Phage Receptor Database (Bio-conversion Databank Foundation). https://phred.biodf.org,2026-07-10,False,,high,medium,none
fPS-2,True,contractile,Myoviridae,Yersinia pesudotuberculosis,633,Yersinia pseudotuberculosis,Gram negative,cell wall,OmpF and LPS outer core oligosaccharides,Membrane Proteins,Protein,Broad,predicted-from-receptor,medium,conserved outer membrane protein receptor -> broad predicted,Salem et al. 2021,10.3390/v13020296, ,True,True,https://www.ncbi.nlm.nih.gov/nuccore/AY855840.1,AY855840.1,specific gene,OmpF,True,https://www.uniprot.org/uniprotkb/A0A449C6I1,A0A449C6I1,specific RBP,Long tail fiber protein Gp37,PhReD,PhReD: The Phage Receptor Database (Bio-conversion Databank Foundation). https://phred.biodf.org,2026-07-10,True,low-confidence domain assignment,low,high,high
A511,True,contractile,Myoviridae,Listeria monocytogenes,1639,Listeria monocytogenes,Gram positive,cell wall,"peptidoglycan as primary receptor, N-acetylglucosamine and rhamnose in the wall teichoic acid",Teichoic Acids,Glycan,Undetermined,insufficient-data,none,Teichoic Acids host range is context-dependent; no empirical data in source,"Wendlinger et al. 1996, Habann et al. 2014","10.1099/00221287-142-4-985 (Wendlinger et al), 10.1111/mmi.12539 (Habann et al)", ,True,True,https://www.ncbi.nlm.nih.gov/nuccore/NZ_CP190322.1,NZ_CP190322.1,host genome (fallback),,True,https://www.uniprot.org/uniprotkb/Q37916,Q37916,"tail protein (internal, low value)",Major tail sheath protein,PhReD,PhReD: The Phage Receptor Database (Bio-conversion Databank Foundation). https://phred.biodf.org,2026-07-10,True,low-confidence UniProt assignment,high,medium,low
H8,True,long non-contractile,Siphoviridae,Salmonella enterica,28901,Salmonella enterica,Gram negative,outer membrane,"outer membrane protein FepA as surface receptor, requires TonB for infectivity",Membrane Proteins,Protein,Broad,predicted-from-receptor,medium,conserved outer membrane protein receptor -> broad predicted,Rabsch et al. 2007,10.1128/JB.00437-07, ,True,True,https://www.ncbi.nlm.nih.gov/nuccore/AY029471.1,AY029471.1,specific gene,TonB,False,,,none,,PhReD,PhReD: The Phage Receptor Database (Bio-conversion Databank Foundation). https://phred.biodf.org,2026-07-10,False,,high,high,none
SPN11T,True,long non-contractile,Siphoviridae,Salmonella enterica serovar Typhimurium,90371,Salmonella enterica subsp. enterica serovar Typhimurium,Gram negative,flagella,FliC,Flagella,Protein,Undetermined,insufficient-data,none,Flagella host range is context-dependent; no empirical data in source,Shin et al. 2012,10.1371/journal.pone.0043392, ,True,True,https://www.ncbi.nlm.nih.gov/nuccore/JN587177.1,JN587177.1,specific gene,FliC,False,,,none,,PhReD,PhReD: The Phage Receptor Database (Bio-conversion Databank Foundation). https://phred.biodf.org,2026-07-10,False,,high,high,none
Mu G(-),True,contractile,Myoviridae,Erwinia sp.,558,Erwinia sp.,Gram negative,cell wall,"Terminal glucose linked in βl,6 configuration",N/A,,Undetermined,insufficient-data,none,receptor does not support a host-range prediction,Sandulache et al. 1984,10.1128/jb.160.1.299-303.1984, ,True,False,,,none,,False,,,none,,PhReD,PhReD: The Phage Receptor Database (Bio-conversion Databank Foundation). https://phred.biodf.org,2026-07-10,False,,none,none,none
LP-048,True,contractile,Myoviridae,Listeria monocytogenes,1639,Listeria monocytogenes,Gram positive,cell wall,N-acetylglucosamine in the wall teichoic acid,Teichoic Acids,Glycan,Undetermined,insufficient-data,none,Teichoic Acids host range is context-dependent; no empirical data in source,Denes et al. 2015,10.1128/AEM.00087-15, ,True,True,https://www.ncbi.nlm.nih.gov/nuccore/NZ_CP190322.1,NZ_CP190322.1,host genome (fallback),,True,https://www.uniprot.org/uniprotkb/A0A059T910,A0A059T910,specific RBP,Receptor binding protein,PhReD,PhReD: The Phage Receptor Database (Bio-conversion Databank Foundation). https://phred.biodf.org,2026-07-10,False,,high,medium,high
F388,True,contractile,Myoviridae,Campylobacter jejuni,197,Campylobacter jejuni,Gram negative,flagella,rotating flagella,Flagella,Protein,Undetermined,insufficient-data,none,Flagella host range is context-dependent; no empirical data in source,Sørensen et al. 2015,10.1371/journal.pone.0116287, ,True,True,https://www.ncbi.nlm.nih.gov/nuccore/NZ_CP172364.1,NZ_CP172364.1,host genome (fallback),,False,,,none,,PhReD,PhReD: The Phage Receptor Database (Bio-conversion Databank Foundation). https://phred.biodf.org,2026-07-10,False,,high,medium,none
Ba1,True,contractile,Myoviridae,Bordetella avium,521,Bordetella avium,Gram negative,cell wall,LPS,LPS,Glycan,Narrow,predicted-from-receptor,low,O-antigen LPS generally serotype-specific -> narrow predicted (weak),Shelton et al. 2002,10.1128/IAI.70.3.1219–1224.2002, ,True,True,https://www.ncbi.nlm.nih.gov/nuccore/NZ_CP025522.1,NZ_CP025522.1,host genome (fallback),,False,,,none,,PhReD,PhReD: The Phage Receptor Database (Bio-conversion Databank Foundation). https://phred.biodf.org,2026-07-10,False,,high,medium,none
Mlo30,True,short,Podoviridae,Mesorhizobium loti,381,Mesorhizobium loti,Gram negative,cell wall,smooth LPS O antigens,LPS,Glycan,Narrow,predicted-from-receptor,medium,specific O-antigen/serotype -> narrow predicted,Turska-Szewczuk et al. 2010,10.1007/s00284-010-9613-6, ,True,True,https://www.ncbi.nlm.nih.gov/nuccore/NZ_CP033367.1,NZ_CP033367.1,host genome (fallback),,False,,,none,,PhReD,PhReD: The Phage Receptor Database (Bio-conversion Databank Foundation). https://phred.biodf.org,2026-07-10,False,,high,medium,none
φM1,True,contractile,Myoviridae,Sinorhizobium meliloti,382,Sinorhizobium meliloti,Gram negative,cell wall,lipopolysaccharide core residues and outer membrane porin RopA1,LPS,Glycan,Broad,predicted-from-receptor,low,conserved LPS core -> broad predicted,Crook et al. 2013,10.1128/JB.00480-13, ,True,True,https://www.ncbi.nlm.nih.gov/nuccore/NZ_CP021219.1,NZ_CP021219.1,host genome (fallback),,True,https://www.uniprot.org/uniprotkb/A0A1P7WFW6,A0A1P7WFW6,specific RBP,Phage tailspike protein,PhReD,PhReD: The Phage Receptor Database (Bio-conversion Databank Foundation). https://phred.biodf.org,2026-07-10,True,low-confidence domain assignment,low,medium,high
phi-Axp-3,True,short,Podoviridae,Achromobacter xylosoxidans,85698,Achromobacter xylosoxidans,Gram negative,cell wall,LPS,LPS,Glycan,Narrow,predicted-from-receptor,low,O-antigen LPS generally serotype-specific -> narrow predicted (weak),Ma et al. 2016,10.1038/srep24776, ,True,True,https://www.ncbi.nlm.nih.gov/nuccore/NZ_AP028040.1,NZ_AP028040.1,host genome (fallback),,False,,,none,,PhReD,PhReD: The Phage Receptor Database (Bio-conversion Databank Foundation). https://phred.biodf.org,2026-07-10,False,,high,medium,none
PM2,True,contractile,Myoviridae,Aeromonas hydrophila,644,Aeromonas hydrophila,Gram negative,cell wall,LPS core oligosaccharides,LPS,Glycan,Broad,predicted-from-receptor,low,conserved LPS core -> broad predicted,Merino et al. 1990 A,10.1111/j.1574-6968.1990.tb13944.x, ,True,True,https://www.ncbi.nlm.nih.gov/nuccore/NZ_CP118942.1,NZ_CP118942.1,host genome (fallback),,True,https://www.uniprot.org/uniprotkb/A0A0A0Q2H3,A0A0A0Q2H3,specific RBP,Tail fiber protein,PhReD,PhReD: The Phage Receptor Database (Bio-conversion Databank Foundation). https://phred.biodf.org,2026-07-10,True,low-confidence UniProt assignment | ambiguous phage name across organisms,high,medium,low
F380,True,contractile,Myoviridae,Campylobacter jejuni,197,Campylobacter jejuni,Gram negative,flagella,rotating flagella,Flagella,Protein,Undetermined,insufficient-data,none,Flagella host range is context-dependent; no empirical data in source,Sørensen et al. 2015,10.1371/journal.pone.0116287, ,True,True,https://www.ncbi.nlm.nih.gov/nuccore/NZ_CP172364.1,NZ_CP172364.1,host genome (fallback),,False,,,none,,PhReD,PhReD: The Phage Receptor Database (Bio-conversion Databank Foundation). https://phred.biodf.org,2026-07-10,False,,high,medium,none
CBA120,True,contractile,Myoviridae,Escherichia coli,562,Escherichia coli,Gram negative,cell wall,O-antigen of LPS,LPS,Glycan,Narrow,predicted-from-receptor,medium,specific O-antigen/serotype -> narrow predicted,Plattner et al. 2019,10.1016/j.jmb.2019.07.022, ,True,True,https://www.ncbi.nlm.nih.gov/nuccore/NZ_CP187781.1,NZ_CP187781.1,host genome (fallback),,True,https://www.uniprot.org/uniprotkb/G3M191,G3M191,specific RBP,Tailspike protein,PhReD,PhReD: The Phage Receptor Database (Bio-conversion Databank Foundation). https://phred.biodf.org,2026-07-10,False,,high,medium,high
S106,True,long non-contractile,Siphoviridae,Salmonella enterica serovar Typhimurium,90371,Salmonella enterica subsp. enterica serovar Typhimurium,Gram negative,cell wall,O-antigen,LPS,Glycan,Narrow,predicted-from-receptor,medium,specific O-antigen/serotype -> narrow predicted,Gencay et al. 2019,10.1111/1462-2920.14597, ,True,True,https://www.ncbi.nlm.nih.gov/nuccore/NZ_CP104816.1,NZ_CP104816.1,host genome (fallback),,False,,,none,,PhReD,PhReD: The Phage Receptor Database (Bio-conversion Databank Foundation). https://phred.biodf.org,2026-07-10,False,,high,medium,none
SPN3UB,True,long non-contractile,Siphoviridae,Salmonella enterica serovar Typhimurium,90371,Salmonella enterica subsp. enterica serovar Typhimurium,Gram negative,cell wall,O-antigen of LPS,LPS,Glycan,Narrow,predicted-from-receptor,medium,specific O-antigen/serotype -> narrow predicted,Lee et al. 2012,10.1371/journal.pone.0043392, ,True,True,https://www.ncbi.nlm.nih.gov/nuccore/NZ_CP104816.1,NZ_CP104816.1,host genome (fallback),,False,,,none,,PhReD,PhReD: The Phage Receptor Database (Bio-conversion Databank Foundation). https://phred.biodf.org,2026-07-10,False,,high,medium,none
φPA01,True,contractile,Myoviridae,Pseudomonas aeruginosa,287,Pseudomonas aeruginosa,Gram negative,cell wall,LPS,LPS,Glycan,Narrow,predicted-from-receptor,low,O-antigen LPS generally serotype-specific -> narrow predicted (weak),Ong et al. 2020,10.1016/j.jbiosc.2020.02.001, ,True,True,https://www.ncbi.nlm.nih.gov/nuccore/NZ_OZ484744.1,NZ_OZ484744.1,host genome (fallback),,True,https://www.uniprot.org/uniprotkb/A0A455VY02,A0A455VY02,specific RBP,Phage tail fiber protein,PhReD,PhReD: The Phage Receptor Database (Bio-conversion Databank Foundation). https://phred.biodf.org,2026-07-10,False,,high,medium,high
F353,True,contractile,Myoviridae,Campylobacter jejuni,197,Campylobacter jejuni,Gram negative,cell wall,capsular polysaccharides,Capsular Polysaccharide,Glycan,Narrow,predicted-from-receptor,medium,capsule/K-antigen is strain/serotype specific -> narrow predicted,Sørensen et al. 2015,10.1371/journal.pone.0116287, ,True,True,https://www.ncbi.nlm.nih.gov/nuccore/NZ_CP172364.1,NZ_CP172364.1,host genome (fallback),,False,,,none,,PhReD,PhReD: The Phage Receptor Database (Bio-conversion Databank Foundation). https://phred.biodf.org,2026-07-10,False,,high,medium,none
fPS-21,True,short,Podoviridae,Yersinia enterocolitica,630,Yersinia enterocolitica,Gram negative,cell wall,LPS O antigen,LPS,Glycan,Narrow,predicted-from-receptor,medium,specific O-antigen/serotype -> narrow predicted,Salem et al. 2018,10.3390/v10040174, ,True,True,https://www.ncbi.nlm.nih.gov/nuccore/NZ_CP139458.1,NZ_CP139458.1,host genome (fallback),,False,,,none,,PhReD,PhReD: The Phage Receptor Database (Bio-conversion Databank Foundation). https://phred.biodf.org,2026-07-10,False,,high,medium,none
S118,True,contractile,Myoviridae,Salmonella enterica serovar Typhimurium,90371,Salmonella enterica subsp. enterica serovar Typhimurium,Gram negative,cell wall,O-antigen,LPS,Glycan,Narrow,predicted-from-receptor,medium,specific O-antigen/serotype -> narrow predicted,Gencay et al. 2019,10.1111/1462-2920.14597, ,True,True,https://www.ncbi.nlm.nih.gov/nuccore/NZ_CP104816.1,NZ_CP104816.1,host genome (fallback),,True,https://www.uniprot.org/uniprotkb/A0A2Z5HLW4,A0A2Z5HLW4,specific RBP,Tail fiber protein,PhReD,PhReD: The Phage Receptor Database (Bio-conversion Databank Foundation). https://phred.biodf.org,2026-07-10,False,,high,medium,high
φSa039,True,contractile,Myoviridae,Staphylococcus aureus,1280,Staphylococcus aureus,Gram positive,cell wall,β-GlcNAc residue and backbone of wall teichoic acids,Teichoic Acids,Glycan,Undetermined,insufficient-data,none,Teichoic Acids host range is context-dependent; no empirical data in source,Azam et al. 2018,10.1007/s00253-018-9269-x, ,True,True,https://www.ncbi.nlm.nih.gov/nuccore/NZ_CP195878.1,NZ_CP195878.1,host genome (fallback),,False,,,none,,PhReD,PhReD: The Phage Receptor Database (Bio-conversion Databank Foundation). https://phred.biodf.org,2026-07-10,False,,high,medium,none
B7,True,short,Podoviridae,Acinetobacter baumannii,470,Acinetobacter baumannii,Gram negative,cell wall,capsular polysaccharides,Capsular Polysaccharide,Glycan,Narrow,predicted-from-receptor,medium,capsule/K-antigen is strain/serotype specific -> narrow predicted,Oliveira et al. 2017,10.1111/1462-2920.13970, ,True,True,https://www.ncbi.nlm.nih.gov/nuccore/NZ_CP156044.1,NZ_CP156044.1,host genome (fallback),,False,,,none,,PhReD,PhReD: The Phage Receptor Database (Bio-conversion Databank Foundation). https://phred.biodf.org,2026-07-10,False,,high,medium,none
S144,True,contractile,Myoviridae,Salmonella enterica serovar Infantis,28901,Salmonella enterica,Gram negative,cell wall,O-antigen,LPS,Glycan,Narrow,predicted-from-receptor,medium,specific O-antigen/serotype -> narrow predicted,Gambino et al. 2020,10.3390/ijms21155196, ,True,True,https://www.ncbi.nlm.nih.gov/nuccore/NZ_CP186307.1,NZ_CP186307.1,host genome (fallback),,True,https://www.uniprot.org/uniprotkb/A0A7G5CF21,A0A7G5CF21,specific RBP,Putative tail fiber protein,PhReD,PhReD: The Phage Receptor Database (Bio-conversion Databank Foundation). https://phred.biodf.org,2026-07-10,False,,high,medium,high
F363,True,contractile,Myoviridae,Campylobacter jejuni,197,Campylobacter jejuni,Gram negative,cell wall,capsular polysaccharides,Capsular Polysaccharide,Glycan,Narrow,predicted-from-receptor,medium,capsule/K-antigen is strain/serotype specific -> narrow predicted,Sørensen et al. 2015,10.1371/journal.pone.0116287, ,True,True,https://www.ncbi.nlm.nih.gov/nuccore/NZ_CP172364.1,NZ_CP172364.1,host genome (fallback),,False,,,none,,PhReD,PhReD: The Phage Receptor Database (Bio-conversion Databank Foundation). https://phred.biodf.org,2026-07-10,False,,high,medium,none
IME253,True,long non-contractile,Siphoviridae,Escherichia coli,562,Escherichia coli,Gram negative,cell wall,FepA,Membrane Proteins,Protein,Broad,predicted-from-receptor,medium,conserved outer membrane protein receptor -> broad predicted,Li et al. 2019,10.3389/fmicb.2019.00850, ,True,True,https://www.ncbi.nlm.nih.gov/nuccore/M13748.1,M13748.1,specific gene,FepA,True,https://www.uniprot.org/uniprotkb/A0A1P8DUS2,A0A1P8DUS2,specific RBP,Tail fiber protein,PhReD,PhReD: The Phage Receptor Database (Bio-conversion Databank Foundation). https://phred.biodf.org,2026-07-10,False,,high,high,high
Vi Phage II,True,long non-contractile,Siphoviridae,Salmonella enterica serovar Typhi,90370,Salmonella enterica subsp. enterica serovar Typhi,Gram negative,cell wall,Vi exopolysaccharide,Capsular Polysaccharide,Glycan,Narrow,predicted-from-receptor,medium,capsule/K-antigen is strain/serotype specific -> narrow predicted,Pickard et al. 2010,10.1128/JB.00659-10, ,True,True,https://www.ncbi.nlm.nih.gov/nuccore/NZ_LR590081.1,NZ_LR590081.1,host genome (fallback),,False,,,none,,PhReD,PhReD: The Phage Receptor Database (Bio-conversion Databank Foundation). https://phred.biodf.org,2026-07-10,False,,high,medium,none
SPO2,True,long non-contractile,Siphoviridae,Bacillus subtilis,1423,Bacillus subtilis,Gram positive,cell wall,glucosylation of polyglycerol  teichoic acid,Teichoic Acids,Glycan,Undetermined,insufficient-data,none,Teichoic Acids host range is context-dependent; no empirical data in source,Young 1967,10.1073/pnas.58.6.2377, ,True,True,https://www.ncbi.nlm.nih.gov/nuccore/NZ_CP160208.1,NZ_CP160208.1,host genome (fallback),,False,,,none,,PhReD,PhReD: The Phage Receptor Database (Bio-conversion Databank Foundation). https://phred.biodf.org,2026-07-10,False,,high,medium,none
S145,True,long non-contractile,Siphoviridae,Salmonella enterica serovar Typhimurium,90371,Salmonella enterica subsp. enterica serovar Typhimurium,Gram negative,cell wall,"BtuB, vitamin B12 membrane transporter",Membrane Proteins,Protein,Broad,predicted-from-receptor,medium,conserved outer membrane protein receptor -> broad predicted,Gencay et al. 2019,10.1111/1462-2920.14597, ,True,True,https://www.ncbi.nlm.nih.gov/nuccore/M89481.1,M89481.1,specific gene,BtuB,False,,,none,,PhReD,PhReD: The Phage Receptor Database (Bio-conversion Databank Foundation). https://phred.biodf.org,2026-07-10,False,,high,high,none
Mu G(+),True,contractile,Myoviridae,Escherichia coli,562,Escherichia coli,Gram negative,cell wall,Terminal Glcα-2Glcα1- or GlcNAcα1-2Glcα1- of the LPS,LPS,Glycan,Narrow,predicted-from-receptor,low,O-antigen LPS generally serotype-specific -> narrow predicted (weak),Sandulache et al. 1984,10.1128/jb.160.1.299-303.1984, ,True,True,https://www.ncbi.nlm.nih.gov/nuccore/NZ_CP187781.1,NZ_CP187781.1,host genome (fallback),,False,,,none,,PhReD,PhReD: The Phage Receptor Database (Bio-conversion Databank Foundation). https://phred.biodf.org,2026-07-10,False,,high,medium,none
mEp213,True,long non-contractile,Siphoviridae,Escherichia coli,562,Escherichia coli,Gram negative,cell wall,FhuA,Membrane Proteins,Protein,Broad,predicted-from-receptor,medium,conserved outer membrane protein receptor -> broad predicted,"Uc-Mass et al. 2004, Hernandez-Sanchez et al. 2008","10.1016/j.virol.2004.09.005 (Uc-Mass et al), 10.1007/s00705-008-0111-0 (Hernandez-Sanchez et al)", ,True,True,https://www.ncbi.nlm.nih.gov/nuccore/M12486.1,M12486.1,specific gene,FhuA,True,https://www.uniprot.org/uniprotkb/K7PH60,K7PH60,specific RBP,Tail fiber,PhReD,PhReD: The Phage Receptor Database (Bio-conversion Databank Foundation). https://phred.biodf.org,2026-07-10,False,,high,high,high
φAT1,True,contractile,Myoviridae,Erwinia carotovora,554,Pectobacterium carotovorum,Gram negative,flagella,flagellin protein,Flagella,Protein,Undetermined,insufficient-data,none,Flagella host range is context-dependent; no empirical data in source,Evans et al. 2009,10.1111/j.1365-2672.2009.04462.x, ,True,True,https://www.ncbi.nlm.nih.gov/nuccore/NZ_CP032619.1,NZ_CP032619.1,host genome (fallback),,False,,,none,,PhReD,PhReD: The Phage Receptor Database (Bio-conversion Databank Foundation). https://phred.biodf.org,2026-07-10,False,,high,medium,none
mEp457,True,long non-contractile,Siphoviridae,Escherichia coli,562,Escherichia coli,Gram negative,cell wall,FhuA,Membrane Proteins,Protein,Broad,predicted-from-receptor,medium,conserved outer membrane protein receptor -> broad predicted,Hernandez-Sanchez et al. 2008,10.1007/s00705-008-0111-0, ,True,True,https://www.ncbi.nlm.nih.gov/nuccore/M12486.1,M12486.1,specific gene,FhuA,False,,,none,,PhReD,PhReD: The Phage Receptor Database (Bio-conversion Databank Foundation). https://phred.biodf.org,2026-07-10,True,no independent literature found for this phage,high,high,none
l (alternate host),True,long non-contractile,Siphoviridae,Lactococcus lactis,1358,Lactococcus lactis,Gram positive,cell wall,"rhamnose in carbohydrates in cell wall for reversible binding, Pip (phage infection protein)  for irreversible binding",Membrane Proteins,Protein,Broad,predicted-from-receptor,medium,conserved outer membrane protein receptor -> broad predicted,Monteville et al. 1994,10.1128/aem.60.9.3204-3211.1994, ,True,True,https://www.ncbi.nlm.nih.gov/nuccore/NZ_CP184687.1,NZ_CP184687.1,host genome (fallback),,False,,,none,,PhReD,PhReD: The Phage Receptor Database (Bio-conversion Databank Foundation). https://phred.biodf.org,2026-07-10,True,receptor text does not support domain 'Membrane Proteins' | no independent literature found for this phage,high,medium,none
S114,True,long non-contractile,Siphoviridae,Salmonella enterica serovar Typhimurium,90371,Salmonella enterica subsp. enterica serovar Typhimurium,Gram negative,cell wall,O-antigen,LPS,Glycan,Narrow,predicted-from-receptor,medium,specific O-antigen/serotype -> narrow predicted,Gencay et al. 2019,10.1111/1462-2920.14597, ,True,True,https://www.ncbi.nlm.nih.gov/nuccore/NZ_CP104816.1,NZ_CP104816.1,host genome (fallback),,True,https://www.uniprot.org/uniprotkb/A0A2Z5HKG8,A0A2Z5HKG8,specific RBP,Receptor-binding protein,PhReD,PhReD: The Phage Receptor Database (Bio-conversion Databank Foundation). https://phred.biodf.org,2026-07-10,False,,high,medium,high
SPN9T,True,long non-contractile,Siphoviridae,Salmonella enterica serovar Typhimurium,90371,Salmonella enterica subsp. enterica serovar Typhimurium,Gram negative,flagella,FliC,Flagella,Protein,Undetermined,insufficient-data,none,Flagella host range is context-dependent; no empirical data in source,Shin et al. 2012,10.1371/journal.pone.0043392, ,True,True,https://www.ncbi.nlm.nih.gov/nuccore/JN587177.1,JN587177.1,specific gene,FliC,False,,,none,,PhReD,PhReD: The Phage Receptor Database (Bio-conversion Databank Foundation). https://phred.biodf.org,2026-07-10,False,,high,high,none
φM9,True,contractile,Myoviridae,Sinorhizobium meliloti,382,Sinorhizobium meliloti,Gram negative,cell wall,lipopolysaccharide core residues and outer membrane porin RopA4,LPS,Glycan,Broad,predicted-from-receptor,low,conserved LPS core -> broad predicted,Crook et al. 2013,10.1128/JB.00480-13, ,True,True,https://www.ncbi.nlm.nih.gov/nuccore/NZ_CP021219.1,NZ_CP021219.1,host genome (fallback),,True,https://www.uniprot.org/uniprotkb/A0A0F6TGR1,A0A0F6TGR1,specific RBP,Tail fiber protein,PhReD,PhReD: The Phage Receptor Database (Bio-conversion Databank Foundation). https://phred.biodf.org,2026-07-10,True,low-confidence domain assignment,low,medium,high
F359,True,contractile,Myoviridae,Campylobacter jejuni,197,Campylobacter jejuni,Gram negative,cell wall,capsular polysaccharides,Capsular Polysaccharide,Glycan,Narrow,predicted-from-receptor,medium,capsule/K-antigen is strain/serotype specific -> narrow predicted,Sørensen et al. 2015,10.1371/journal.pone.0116287, ,True,True,https://www.ncbi.nlm.nih.gov/nuccore/NZ_CP172364.1,NZ_CP172364.1,host genome (fallback),,False,,,none,,PhReD,PhReD: The Phage Receptor Database (Bio-conversion Databank Foundation). https://phred.biodf.org,2026-07-10,False,,high,medium,none
p2,True,long non-contractile,Siphoviridae,Lactococcus lactis,1358,Lactococcus lactis,Gram positive,cell wall,cell wall saccharides for reversible attachment and pellicle; phosphohexasaccharide motifs for irreversible adsorption,N/A,,Undetermined,insufficient-data,none,receptor does not support a host-range prediction,Bebeacua et al. 2013,10.1128/JVI.02033-13, ,True,True,https://www.ncbi.nlm.nih.gov/nuccore/NZ_CP184687.1,NZ_CP184687.1,host genome (fallback),,True,https://www.uniprot.org/uniprotkb/Q71AW2,Q71AW2,specific RBP,Receptor binding protein,PhReD,PhReD: The Phage Receptor Database (Bio-conversion Databank Foundation). https://phred.biodf.org,2026-07-10,False,,none,medium,high
φCr30,True,contractile,Myoviridae,Caulobacter crescentus,155892,Caulobacter vibrioides,Gram negative,capsule,paracrystalline surface (S) layer,N/A,,Undetermined,insufficient-data,none,receptor does not support a host-range prediction,Edwards and Smit 1991,10.1128/jb.173.17.5568-5572.1991, ,True,True,https://www.ncbi.nlm.nih.gov/nuccore/NZ_CP023315.3,NZ_CP023315.3,host genome (fallback),,False,,,none,,PhReD,PhReD: The Phage Receptor Database (Bio-conversion Databank Foundation). https://phred.biodf.org,2026-07-10,False,,none,medium,none
KIL5,True,contractile,Myoviridae,Pseudomonas syringae pv. porri,83964,Pseudomonas coronafaciens pv. porri,Gram negative,cell wall,LPS,LPS,Glycan,Narrow,predicted-from-receptor,low,O-antigen LPS generally serotype-specific -> narrow predicted (weak),Holtappels et al. 2020,10.3390/ijms21082930, ,True,False,,,none,,False,,,none,,PhReD,PhReD: The Phage Receptor Database (Bio-conversion Databank Foundation). https://phred.biodf.org,2026-07-10,False,,high,none,none
ST-1,False,"none (icosahedral, ssDNA)",Microviridae,Escherichia coli,562,Escherichia coli,Gram negative,cell wall,Terminal Glcα-2Glcα1- or GlcNAcα1-2Glcα1- of the LPS,LPS,Glycan,Narrow,predicted-from-receptor,low,O-antigen LPS generally serotype-specific -> narrow predicted (weak),Sandulache et al. 1984,10.1128/jb.160.1.299-303.1984, ,True,True,https://www.ncbi.nlm.nih.gov/nuccore/NZ_CP187781.1,NZ_CP187781.1,host genome (fallback),,True,https://www.uniprot.org/uniprotkb/P03645,P03645,specific RBP,Major spike protein,PhReD,PhReD: The Phage Receptor Database (Bio-conversion Databank Foundation). https://phred.biodf.org,2026-07-10,False,,high,medium,high
TP901-1,True,long non-contractile,Siphoviridae,Lactococcus lactis,1358,Lactococcus lactis,Gram positive,cell wall,cell wall polysaccharides subtype C2,N/A,,Undetermined,insufficient-data,none,receptor does not support a host-range prediction,Ainsworth et al. 2014,10.1128/mBio.00880-14, ,True,True,https://www.ncbi.nlm.nih.gov/nuccore/NZ_CP184687.1,NZ_CP184687.1,host genome (fallback),,False,,,none,,PhReD,PhReD: The Phage Receptor Database (Bio-conversion Databank Foundation). https://phred.biodf.org,2026-07-10,False,,none,medium,none
φSLT,True,long non-contractile,Siphoviridae,Staphylococcus aureus,1280,Staphylococcus aureus,Gram positive,cell wall,Poly(glycerophosphate) moiety of lipoteichoic acid (LTA),Teichoic Acids,Glycan,Undetermined,insufficient-data,none,Teichoic Acids host range is context-dependent; no empirical data in source,Kaneko et al. 2009,10.1128/JB.01793-08, ,True,True,https://www.ncbi.nlm.nih.gov/nuccore/NZ_CP195878.1,NZ_CP195878.1,host genome (fallback),,True,https://www.uniprot.org/uniprotkb/Q783R4,Q783R4,other tail protein,Major tail protein,PhReD,PhReD: The Phage Receptor Database (Bio-conversion Databank Foundation). https://phred.biodf.org,2026-07-10,False,,high,medium,medium
N1,True,short,Podoviridae,Acinetobacter baumannii,470,Acinetobacter baumannii,Gram negative,cell wall,capsular polysaccharides,Capsular Polysaccharide,Glycan,Narrow,predicted-from-receptor,medium,capsule/K-antigen is strain/serotype specific -> narrow predicted,Oliveira et al. 2017,10.1111/1462-2920.13970, ,True,True,https://www.ncbi.nlm.nih.gov/nuccore/NZ_CP156044.1,NZ_CP156044.1,host genome (fallback),,False,,,none,,PhReD,PhReD: The Phage Receptor Database (Bio-conversion Databank Foundation). https://phred.biodf.org,2026-07-10,False,,high,medium,none
M6202,True,long non-contractile,Siphoviridae,Lactococcus lactis,1358,Lactococcus lactis,Gram positive,cell wall,YjaE,N/A,,Undetermined,insufficient-data,none,receptor does not support a host-range prediction,Millen et al. 2021,10.1099/jgv.0.000499, ,True,True,https://www.ncbi.nlm.nih.gov/nuccore/NZ_CP184687.1,NZ_CP184687.1,host genome (fallback),,False,,,none,,PhReD,PhReD: The Phage Receptor Database (Bio-conversion Databank Foundation). https://phred.biodf.org,2026-07-10,False,,none,medium,none
LE4,True,contractile,Myoviridae,Leptospira biflexa,172,Leptospira biflexa,Gram negative,cell wall,LPS,LPS,Glycan,Narrow,predicted-from-receptor,low,O-antigen LPS generally serotype-specific -> narrow predicted (weak),Schiettekatte et al. 2018,10.1038/s41598-018-29983-6, ,True,True,https://www.ncbi.nlm.nih.gov/nuccore/NC_010842.1,NC_010842.1,host genome (fallback),,True,https://www.uniprot.org/uniprotkb/A0A343LEE6,A0A343LEE6,specific RBP,Tail fiber protein,PhReD,PhReD: The Phage Receptor Database (Bio-conversion Databank Foundation). https://phred.biodf.org,2026-07-10,False,,high,medium,high
fs1,False,none (filamentous),Inoviridae,Vibrio cholerae,666,Vibrio cholerae,Gram negative,fimbriae,type 4 fimbriae,Pili,Protein,Undetermined,insufficient-data,none,Pili host range is context-dependent; no empirical data in source,Ehara et al. 1997,10.1016/s0378-1097(97)00345-5, ,True,True,https://www.ncbi.nlm.nih.gov/nuccore/NZ_CP191367.1,NZ_CP191367.1,host genome (fallback),,False,,,none,,PhReD,PhReD: The Phage Receptor Database (Bio-conversion Databank Foundation). https://phred.biodf.org,2026-07-10,False,,high,medium,none
φR1-37 (alternate host),True,contractile,Myoviridae,Yersinia pseudotuberculosis,633,Yersinia pseudotuberculosis,Gram negative,cell wall,O-antigen of LPS,LPS,Glycan,Narrow,predicted-from-receptor,medium,specific O-antigen/serotype -> narrow predicted,Kiljunen et al. 2005,10.1099/mic.0.28265-0,,True,True,https://www.ncbi.nlm.nih.gov/nuccore/NZ_AP031363.1,NZ_AP031363.1,host genome (fallback),,False,,,none,,PhReD,PhReD: The Phage Receptor Database (Bio-conversion Databank Foundation). https://phred.biodf.org,2026-07-10,False,,high,medium,none
mEp498,True,long non-contractile,Siphoviridae,Escherichia coli,562,Escherichia coli,Gram negative,cell wall,FhuA,Membrane Proteins,Protein,Broad,predicted-from-receptor,medium,conserved outer membrane protein receptor -> broad predicted,Hernandez-Sanchez et al. 2008,10.1007/s00705-008-0111-0, ,True,True,https://www.ncbi.nlm.nih.gov/nuccore/M12486.1,M12486.1,specific gene,FhuA,False,,,none,,PhReD,PhReD: The Phage Receptor Database (Bio-conversion Databank Foundation). https://phred.biodf.org,2026-07-10,False,,high,high,none
phi7,True,long non-contractile,Siphoviridae,Lactococcus lactis,1358,Lactococcus lactis,Gram positive,cell wall,cell wall polysaccharides,N/A,,Undetermined,insufficient-data,none,receptor does not support a host-range prediction,Mahony et al. 2013,10.1128/AEM.00653-13, ,True,True,https://www.ncbi.nlm.nih.gov/nuccore/NZ_CP184687.1,NZ_CP184687.1,host genome (fallback),,True,https://www.uniprot.org/uniprotkb/R9R237,R9R237,specific RBP,Putative receptor binding protein,PhReD,PhReD: The Phage Receptor Database (Bio-conversion Databank Foundation). https://phred.biodf.org,2026-07-10,False,,none,medium,high
Vi Phage V,True,short,Podoviridae,Salmonella enterica serovar Typhi,90370,Salmonella enterica subsp. enterica serovar Typhi,Gram negative,cell wall,Vi exopolysaccharide,Capsular Polysaccharide,Glycan,Narrow,predicted-from-receptor,medium,capsule/K-antigen is strain/serotype specific -> narrow predicted,Pickard et al. 2010,10.1128/JB.00659-10, ,True,True,https://www.ncbi.nlm.nih.gov/nuccore/NZ_LR590081.1,NZ_LR590081.1,host genome (fallback),,False,,,none,,PhReD,PhReD: The Phage Receptor Database (Bio-conversion Databank Foundation). https://phred.biodf.org,2026-07-10,False,,high,medium,none
CPS1,True,short,Podoviridae,Clostridium perfringens,1502,Clostridium perfringens,Gram positive,cell wall,capsular polysaccharides,Capsular Polysaccharide,Glycan,Narrow,predicted-from-receptor,medium,capsule/K-antigen is strain/serotype specific -> narrow predicted,Ha et al. 2019,10.3390/v11111002, ,True,True,https://www.ncbi.nlm.nih.gov/nuccore/NZ_CP010994.1,NZ_CP010994.1,host genome (fallback),,True,https://www.uniprot.org/uniprotkb/A0A2D0WXW6,A0A2D0WXW6,specific RBP,Tail fibers protein,PhReD,PhReD: The Phage Receptor Database (Bio-conversion Databank Foundation). https://phred.biodf.org,2026-07-10,False,,high,medium,high
F372,True,contractile,Myoviridae,Campylobacter jejuni,197,Campylobacter jejuni,Gram negative,cell wall,MeOPN modification of GalfNAc of capsular polysaccharides,Capsular Polysaccharide,Glycan,Narrow,predicted-from-receptor,medium,capsule/K-antigen is strain/serotype specific -> narrow predicted,Sørensen et al. 2015,10.1371/journal.pone.0116287, ,True,True,https://www.ncbi.nlm.nih.gov/nuccore/NZ_CP172364.1,NZ_CP172364.1,host genome (fallback),,True,https://www.uniprot.org/uniprotkb/A0A7T3KHK4,A0A7T3KHK4,specific RBP,Receptor binding protein 4,PhReD,PhReD: The Phage Receptor Database (Bio-conversion Databank Foundation). https://phred.biodf.org,2026-07-10,False,,high,medium,high
CP-T1,True,contractile,Myoviridae,Vibrio cholerae,666,Vibrio cholerae,Gram negative,cell wall,O-antigen of LPS,LPS,Glycan,Narrow,predicted-from-receptor,medium,specific O-antigen/serotype -> narrow predicted,Guidolin and Manning 1985,10.1111/j.1432-1033.1985.tb09271.x, ,True,True,https://www.ncbi.nlm.nih.gov/nuccore/NZ_CP191367.1,NZ_CP191367.1,host genome (fallback),,False,,,none,,PhReD,PhReD: The Phage Receptor Database (Bio-conversion Databank Foundation). https://phred.biodf.org,2026-07-10,False,,high,medium,none
F383,True,contractile,Myoviridae,Campylobacter jejuni,197,Campylobacter jejuni,Gram negative,flagella,rotating flagella,Flagella,Protein,Undetermined,insufficient-data,none,Flagella host range is context-dependent; no empirical data in source,Sørensen et al. 2015,10.1371/journal.pone.0116287, ,True,True,https://www.ncbi.nlm.nih.gov/nuccore/NZ_CP172364.1,NZ_CP172364.1,host genome (fallback),,False,,,none,,PhReD,PhReD: The Phage Receptor Database (Bio-conversion Databank Foundation). https://phred.biodf.org,2026-07-10,False,,high,medium,none
F369,True,contractile,Myoviridae,Campylobacter jejuni,197,Campylobacter jejuni,Gram negative,cell wall,capsular polysaccharides,Capsular Polysaccharide,Glycan,Narrow,predicted-from-receptor,medium,capsule/K-antigen is strain/serotype specific -> narrow predicted,Sørensen et al. 2015,10.1371/journal.pone.0116287, ,True,True,https://www.ncbi.nlm.nih.gov/nuccore/NZ_CP172364.1,NZ_CP172364.1,host genome (fallback),,False,,,none,,PhReD,PhReD: The Phage Receptor Database (Bio-conversion Databank Foundation). https://phred.biodf.org,2026-07-10,False,,high,medium,none
S132,True,long non-contractile,Siphoviridae,Salmonella enterica serovar Typhimurium,90371,Salmonella enterica subsp. enterica serovar Typhimurium,Gram negative,cell wall,"BtuB, vitamin B12 membrane transporter",Membrane Proteins,Protein,Broad,predicted-from-receptor,medium,conserved outer membrane protein receptor -> broad predicted,Gencay et al. 2019,10.1111/1462-2920.14597, ,True,True,https://www.ncbi.nlm.nih.gov/nuccore/M89481.1,M89481.1,specific gene,BtuB,True,https://www.uniprot.org/uniprotkb/A0A2Z5HNL1,A0A2Z5HNL1,specific RBP,Receptor binding protein,PhReD,PhReD: The Phage Receptor Database (Bio-conversion Databank Foundation). https://phred.biodf.org,2026-07-10,False,,high,high,high
S16,True,contractile,Myoviridae,Salmonella sp.,599,Salmonella sp.,Gram negative,cell wall,"OmpC primary, LPS secondary receptor",Membrane Proteins,Protein,Broad,predicted-from-receptor,medium,conserved outer membrane protein receptor -> broad predicted,Marti et al. 2013,10.1111/mmi.12134, ,True,False,,,none,,True,https://www.uniprot.org/uniprotkb/M1EAS5,M1EAS5,specific RBP,Long tail fiber protein Gp37,PhReD,PhReD: The Phage Receptor Database (Bio-conversion Databank Foundation). https://phred.biodf.org,2026-07-10,False,,medium,none,high
φ13,False,"none (enveloped, dsRNA)",Cystoviridae,Pseudomonas syringae,317,Pseudomonas syringae,Gram negative,cell wall,Truncated O-chain of LPS,LPS,Glycan,Narrow,predicted-from-receptor,low,O-antigen LPS generally serotype-specific -> narrow predicted (weak),Daugelavicius et al. 2005; Mindich et al. 1999,"10.1128/jb.179.16.5195-5202.1997 (Daugelavicius et al), 10.1128/jb.181.15.4505-4508.1999 (Mindich et al)", ,True,True,https://www.ncbi.nlm.nih.gov/nuccore/NZ_CP032631.1,NZ_CP032631.1,host genome (fallback),,True,https://www.uniprot.org/uniprotkb/Q8SDK4,Q8SDK4,"tail protein (internal, low value)",Tail length tape measure protein,PhReD,PhReD: The Phage Receptor Database (Bio-conversion Databank Foundation). https://phred.biodf.org,2026-07-10,True,low-confidence UniProt assignment,high,medium,low
L-413C,True,contractile,Myoviridae,Yersinia pestis,632,Yersinia pestis,Gram negative,cell wall,terminal GlcNAc residues of LPS,LPS,Glycan,Narrow,predicted-from-receptor,low,O-antigen LPS generally serotype-specific -> narrow predicted (weak),Filippov et al. 2011,10.1371/journal.pone.0025486, ,True,True,https://www.ncbi.nlm.nih.gov/nuccore/NZ_CP033699.1,NZ_CP033699.1,host genome (fallback),,False,,,none,,PhReD,PhReD: The Phage Receptor Database (Bio-conversion Databank Foundation). https://phred.biodf.org,2026-07-10,False,,high,medium,none
S124,True,long non-contractile,Siphoviridae,Salmonella enterica serovar Typhimurium,90371,Salmonella enterica subsp. enterica serovar Typhimurium,Gram negative,cell wall,O-antigen,LPS,Glycan,Narrow,predicted-from-receptor,medium,specific O-antigen/serotype -> narrow predicted,Gencay et al. 2019,10.1111/1462-2920.14597, ,True,True,https://www.ncbi.nlm.nih.gov/nuccore/NZ_CP104816.1,NZ_CP104816.1,host genome (fallback),,True,https://www.uniprot.org/uniprotkb/A0A2Z5HST2,A0A2Z5HST2,specific RBP,Receptor-binding protein,PhReD,PhReD: The Phage Receptor Database (Bio-conversion Databank Foundation). https://phred.biodf.org,2026-07-10,False,,high,medium,high
S111,True,long non-contractile,Siphoviridae,Salmonella enterica serovar Typhimurium,90371,Salmonella enterica subsp. enterica serovar Typhimurium,Gram negative,cell wall,O-antigen,LPS,Glycan,Narrow,predicted-from-receptor,medium,specific O-antigen/serotype -> narrow predicted,Gencay et al. 2019,10.1111/1462-2920.14597, ,True,True,https://www.ncbi.nlm.nih.gov/nuccore/NZ_CP104816.1,NZ_CP104816.1,host genome (fallback),,False,,,none,,PhReD,PhReD: The Phage Receptor Database (Bio-conversion Databank Foundation). https://phred.biodf.org,2026-07-10,False,,high,medium,none
S127,True,long non-contractile,Siphoviridae,Salmonella enterica serovar Typhimurium,90371,Salmonella enterica subsp. enterica serovar Typhimurium,Gram negative,cell wall,"BtuB, vitamin B12 membrane transporter",Membrane Proteins,Protein,Broad,predicted-from-receptor,medium,conserved outer membrane protein receptor -> broad predicted,Gencay et al. 2019,10.1111/1462-2920.14597, ,True,True,https://www.ncbi.nlm.nih.gov/nuccore/M89481.1,M89481.1,specific gene,BtuB,False,,,none,,PhReD,PhReD: The Phage Receptor Database (Bio-conversion Databank Foundation). https://phred.biodf.org,2026-07-10,False,,high,high,none
S137,True,long non-contractile,Siphoviridae,Salmonella enterica serovar Typhimurium,90371,Salmonella enterica subsp. enterica serovar Typhimurium,Gram negative,cell wall,O-antigen,LPS,Glycan,Narrow,predicted-from-receptor,medium,specific O-antigen/serotype -> narrow predicted,Gencay et al. 2019,10.1111/1462-2920.14597, ,True,True,https://www.ncbi.nlm.nih.gov/nuccore/NZ_CP104816.1,NZ_CP104816.1,host genome (fallback),,False,,,none,,PhReD,PhReD: The Phage Receptor Database (Bio-conversion Databank Foundation). https://phred.biodf.org,2026-07-10,False,,high,medium,none
KT28,True,contractile,Myoviridae,Pseudomonas aeruginosa,287,Pseudomonas aeruginosa,Gram negative,cell wall,A- and B-band O antigen,LPS,Glycan,Narrow,predicted-from-receptor,medium,specific O-antigen/serotype -> narrow predicted,Danis-Wlodarczyk et al. 2015,10.1371/journal.pone.0127603, ,True,True,https://www.ncbi.nlm.nih.gov/nuccore/NZ_OZ484744.1,NZ_OZ484744.1,host genome (fallback),,False,,,none,,PhReD,PhReD: The Phage Receptor Database (Bio-conversion Databank Foundation). https://phred.biodf.org,2026-07-10,False,,high,medium,none
t,False,"none (icosahedral, ssRNA)",Leviviridae,Escherichia coli,562,Escherichia coli,Gram negative,pili,T pili,Pili,Protein,Undetermined,insufficient-data,none,Pili host range is context-dependent; no empirical data in source,Bradley et al. 1981 B,10.1099/00221287-126-2-397, ,True,True,https://www.ncbi.nlm.nih.gov/nuccore/NZ_CP187781.1,NZ_CP187781.1,host genome (fallback),,True,https://www.uniprot.org/uniprotkb/A0A0A0PUR1,A0A0A0PUR1,specific RBP,Putative tail fiber protein,PhReD,PhReD: The Phage Receptor Database (Bio-conversion Databank Foundation). https://phred.biodf.org,2026-07-10,True,low-confidence UniProt assignment | ambiguous phage name across organisms,high,medium,low
TG1,True,contractile,Myoviridae,Yersinia enterocolitica,630,Yersinia enterocolitica,Gram negative,cell wall,Protein OmpF and LPS inner core heptose residues,Membrane Proteins,Protein,Broad,predicted-from-receptor,medium,conserved outer membrane protein receptor -> broad predicted,Leon-Velarde et al. 2016,10.1128/AEM.01594-16, ,True,True,https://www.ncbi.nlm.nih.gov/nuccore/NZ_CP139458.1,NZ_CP139458.1,host genome (fallback),,True,https://www.uniprot.org/uniprotkb/K4HYI9,K4HYI9,other tail protein,Minor tail protein,PhReD,PhReD: The Phage Receptor Database (Bio-conversion Databank Foundation). https://phred.biodf.org,2026-07-10,True,low-confidence domain assignment,low,medium,medium
VGJφ,False,none (filamentous),Inoviridae,Vibrio cholerae,666,Vibrio cholerae,Gram negative,pili,mannose sensitive hemagglutinin (MSHA) type IV pilus,Pili,Protein,Undetermined,insufficient-data,none,Pili host range is context-dependent; no empirical data in source,Campos et al. 2003,10.1128/JB.185.19.5685–5696.2003, ,True,True,https://www.ncbi.nlm.nih.gov/nuccore/NZ_CP191367.1,NZ_CP191367.1,host genome (fallback),,False,,,none,,PhReD,PhReD: The Phage Receptor Database (Bio-conversion Databank Foundation). https://phred.biodf.org,2026-07-10,False,,high,medium,none
bIL170,True,long non-contractile,Siphoviridae,Lactococcus lactis,1358,Lactococcus lactis,Gram positive,cell wall,cell wall polysaccharides,N/A,,Undetermined,insufficient-data,none,receptor does not support a host-range prediction,Dupont et al. 2004,10.1128/AEM.70.10.5825–5832.2004, ,True,True,https://www.ncbi.nlm.nih.gov/nuccore/NZ_CP184687.1,NZ_CP184687.1,host genome (fallback),,True,https://www.uniprot.org/uniprotkb/O80116,O80116,"tail protein (internal, low value)",Putative tail tape measure protein,PhReD,PhReD: The Phage Receptor Database (Bio-conversion Databank Foundation). https://phred.biodf.org,2026-07-10,True,low-confidence UniProt assignment,none,medium,low
F350,True,contractile,Myoviridae,Campylobacter jejuni,197,Campylobacter jejuni,Gram negative,cell wall,capsular polysaccharides,Capsular Polysaccharide,Glycan,Narrow,predicted-from-receptor,medium,capsule/K-antigen is strain/serotype specific -> narrow predicted,Sørensen et al. 2015,10.1371/journal.pone.0116287, ,True,True,https://www.ncbi.nlm.nih.gov/nuccore/NZ_CP172364.1,NZ_CP172364.1,host genome (fallback),,False,,,none,,PhReD,PhReD: The Phage Receptor Database (Bio-conversion Databank Foundation). https://phred.biodf.org,2026-07-10,False,,high,medium,none
fPS-53,True,short,Podoviridae,Yersinia enterocolitica,630,Yersinia enterocolitica,Gram negative,cell wall,LPS outer core,LPS,Glycan,Broad,predicted-from-receptor,low,conserved LPS core -> broad predicted,Salem et al. 2018,10.3390/v10040174, ,True,True,https://www.ncbi.nlm.nih.gov/nuccore/NZ_CP139458.1,NZ_CP139458.1,host genome (fallback),,False,,,none,,PhReD,PhReD: The Phage Receptor Database (Bio-conversion Databank Foundation). https://phred.biodf.org,2026-07-10,False,,high,medium,none
S101,True,long non-contractile,Siphoviridae,Salmonella enterica serovar Typhimurium,90371,Salmonella enterica subsp. enterica serovar Typhimurium,Gram negative,cell wall,O-antigen,LPS,Glycan,Narrow,predicted-from-receptor,medium,specific O-antigen/serotype -> narrow predicted,Gencay et al. 2019,10.1111/1462-2920.14597, ,True,True,https://www.ncbi.nlm.nih.gov/nuccore/NZ_CP104816.1,NZ_CP104816.1,host genome (fallback),,False,,,none,,PhReD,PhReD: The Phage Receptor Database (Bio-conversion Databank Foundation). https://phred.biodf.org,2026-07-10,False,,high,medium,none
SP3,True,contractile,Myoviridae,Bacillus subtilis,1423,Bacillus subtilis,Gram positive,cell wall,glucosylation of polyglycerol  teichoic acid,Teichoic Acids,Glycan,Undetermined,insufficient-data,none,Teichoic Acids host range is context-dependent; no empirical data in source,Young 1967,10.1073/pnas.58.6.2377, ,True,True,https://www.ncbi.nlm.nih.gov/nuccore/NZ_CP160208.1,NZ_CP160208.1,host genome (fallback),,False,,,none,,PhReD,PhReD: The Phage Receptor Database (Bio-conversion Databank Foundation). https://phred.biodf.org,2026-07-10,False,,high,medium,none
φRSM1,False,none (filamentous),Inoviridae,Ralstonia solanacearum,305,Ralstonia solanacearum,Gram negative,pili,type IV pili,Pili,Protein,Undetermined,insufficient-data,none,Pili host range is context-dependent; no empirical data in source,Askora et al. 2009,10.1016/j.virol.2008.11.007, ,True,True,https://www.ncbi.nlm.nih.gov/nuccore/NZ_CP139480.1,NZ_CP139480.1,host genome (fallback),,True,https://www.uniprot.org/uniprotkb/M4QGA0,M4QGA0,other tail protein,Baseplate hub + tail lysozyme,PhReD,PhReD: The Phage Receptor Database (Bio-conversion Databank Foundation). https://phred.biodf.org,2026-07-10,False,,high,medium,medium
S24-1,True,short,Podoviridae,Staphylococcus aureus,1280,Staphylococcus aureus,Gram positive,cell wall, N-acetylglucosamine of wall teichoic acids,Teichoic Acids,Glycan,Undetermined,insufficient-data,none,Teichoic Acids host range is context-dependent; no empirical data in source,"Uchiyama et al. 2014, Uchiyama et al. 2017","10.1002/mbo3.166 (Uchiyama et al 2014), 10.1099/jgv.0.000865 (Uchiyama et al 2017)", ,True,True,https://www.ncbi.nlm.nih.gov/nuccore/NZ_CP195878.1,NZ_CP195878.1,host genome (fallback),,True,https://www.uniprot.org/uniprotkb/G9M946,G9M946,other tail protein,Structure protein putative major tail protein,PhReD,PhReD: The Phage Receptor Database (Bio-conversion Databank Foundation). https://phred.biodf.org,2026-07-10,False,,high,medium,medium
φ11,True,long non-contractile,Siphoviridae,Staphylococcus aureus,1280,Staphylococcus aureus,Gram positive,cell wall,α-or β-O-GlcNAc modified wall teichoic acid,Teichoic Acids,Glycan,Undetermined,insufficient-data,none,Teichoic Acids host range is context-dependent; no empirical data in source,Li et al. 2016 C,10.1038/srep26455, ,True,True,https://www.ncbi.nlm.nih.gov/nuccore/NZ_CP195878.1,NZ_CP195878.1,host genome (fallback),,True,https://www.uniprot.org/uniprotkb/Q8SDT0,Q8SDT0,specific RBP,Tail fiber,PhReD,PhReD: The Phage Receptor Database (Bio-conversion Databank Foundation). https://phred.biodf.org,2026-07-10,False,,high,medium,high
340,True,long non-contractile,Siphoviridae,Lactococcus lactis,1358,Lactococcus lactis,Gram positive,cell wall,cell wall polysaccharides,N/A,,Undetermined,insufficient-data,none,receptor does not support a host-range prediction,Mahony et al. 2013,10.1128/AEM.00653-13, ,True,True,https://www.ncbi.nlm.nih.gov/nuccore/NZ_CP184687.1,NZ_CP184687.1,host genome (fallback),,True,https://www.uniprot.org/uniprotkb/R9R0R5,R9R0R5,specific RBP,Putative receptor binding protein,PhReD,PhReD: The Phage Receptor Database (Bio-conversion Databank Foundation). https://phred.biodf.org,2026-07-10,False,,none,medium,high
φH111-1,True,contractile,Myoviridae,Burkholderia cenocepacia,95486,Burkholderia cenocepacia,Gram negative,cell wall,core polysaccharides of LPS,LPS,Glycan,Broad,predicted-from-receptor,low,conserved LPS core -> broad predicted,Lynch et al. 2013,10.4161/bact.26649, ,True,True,https://www.ncbi.nlm.nih.gov/nuccore/NZ_CP098497.1,NZ_CP098497.1,host genome (fallback),,False,,,none,,PhReD,PhReD: The Phage Receptor Database (Bio-conversion Databank Foundation). https://phred.biodf.org,2026-07-10,False,,high,medium,none
vB_YenP_AP5,True,short,Podoviridae,Yersinia enterocolitica,630,Yersinia enterocolitica,Gram negative,cell wall,6-deoxy-L-altropyranose of O-antigen in LPS,LPS,Glycan,Narrow,predicted-from-receptor,medium,specific O-antigen/serotype -> narrow predicted,Leon-Velarde et al. 2014,10.1186/1743-422X-11-188, ,True,True,https://www.ncbi.nlm.nih.gov/nuccore/NZ_CP139458.1,NZ_CP139458.1,host genome (fallback),,True,https://www.uniprot.org/uniprotkb/A0A088F649,A0A088F649,specific RBP,Tail fiber protein,PhReD,PhReD: The Phage Receptor Database (Bio-conversion Databank Foundation). https://phred.biodf.org,2026-07-10,False,,high,medium,high
A118,True,long non-contractile,Siphoviridae,Listeria monocytogenes,1639,Listeria monocytogenes,Gram positive,cell wall,rhamnose and glucosamine in wall teichoic acids,Teichoic Acids,Glycan,Undetermined,insufficient-data,none,Teichoic Acids host range is context-dependent; no empirical data in source,Wendlinger et al. 1996,10.1099/00221287-142-4-985, ,True,True,https://www.ncbi.nlm.nih.gov/nuccore/NZ_CP190322.1,NZ_CP190322.1,host genome (fallback),,False,,,none,,PhReD,PhReD: The Phage Receptor Database (Bio-conversion Databank Foundation). https://phred.biodf.org,2026-07-10,False,,high,medium,none
APK116,True,short,Autographiviridae,Acinetobacter baumannii,470,Acinetobacter baumannii,Gram negative,cell wall,capsular polysaccharides,Capsular Polysaccharide,Glycan,Narrow,predicted-from-receptor,medium,capsule/K-antigen is strain/serotype specific -> narrow predicted,Popova et al. 2021,10.1128/JVI.01714-20, ,True,True,https://www.ncbi.nlm.nih.gov/nuccore/NZ_CP156044.1,NZ_CP156044.1,host genome (fallback),,False,,,none,,PhReD,PhReD: The Phage Receptor Database (Bio-conversion Databank Foundation). https://phred.biodf.org,2026-07-10,False,,high,medium,none
φ24B,True,short,Podoviridae,Escherichia coli,562,Escherichia coli,Gram negative,cell wall,YaeT,Membrane Proteins,Protein,Broad,predicted-from-receptor,medium,conserved outer membrane protein receptor -> broad predicted,Smith et al. 2007,10.1128/JB.00824-07, ,True,True,https://www.ncbi.nlm.nih.gov/nuccore/NZ_CP187781.1,NZ_CP187781.1,host genome (fallback),,False,,,none,,PhReD,PhReD: The Phage Receptor Database (Bio-conversion Databank Foundation). https://phred.biodf.org,2026-07-10,False,,high,medium,none
ϕPLS27,True,short,Podoviridae,Pseudomonas aeruginosa,287,Pseudomonas aeruginosa,Gram negative,cell wall,Galactosamine-alanine region of the LPS core,LPS,Glycan,Broad,predicted-from-receptor,low,conserved LPS core -> broad predicted,Jarrell and Kropinski 1981,10.1128/jvi.40.2.411-420.1981, ,True,True,https://www.ncbi.nlm.nih.gov/nuccore/NZ_OZ484744.1,NZ_OZ484744.1,host genome (fallback),,False,,,none,,PhReD,PhReD: The Phage Receptor Database (Bio-conversion Databank Foundation). https://phred.biodf.org,2026-07-10,False,,high,medium,none
MD18,True,long non-contractile,Siphoviridae,Phaeobacter inhibens,221822,Phaeobacter inhibens,Gram negative,pili,type IV pilus,Pili,Protein,Undetermined,insufficient-data,none,Pili host range is context-dependent; no empirical data in source,Urtecho et al. 2020,10.1128/mSphere.00898-20, ,True,True,https://www.ncbi.nlm.nih.gov/nuccore/NZ_CP125870.1,NZ_CP125870.1,host genome (fallback),,False,,,none,,PhReD,PhReD: The Phage Receptor Database (Bio-conversion Databank Foundation). https://phred.biodf.org,2026-07-10,False,,high,medium,none
S123,True,long non-contractile,Siphoviridae,Salmonella enterica serovar Typhimurium,90371,Salmonella enterica subsp. enterica serovar Typhimurium,Gram negative,cell wall,O-antigen,LPS,Glycan,Narrow,predicted-from-receptor,medium,specific O-antigen/serotype -> narrow predicted,Gencay et al. 2019,10.1111/1462-2920.14597, ,True,True,https://www.ncbi.nlm.nih.gov/nuccore/NZ_CP104816.1,NZ_CP104816.1,host genome (fallback),,False,,,none,,PhReD,PhReD: The Phage Receptor Database (Bio-conversion Databank Foundation). https://phred.biodf.org,2026-07-10,False,,high,medium,none
mEp234,True,long non-contractile,Siphoviridae,Escherichia coli,562,Escherichia coli,Gram negative,cell wall,FhuA,Membrane Proteins,Protein,Broad,predicted-from-receptor,medium,conserved outer membrane protein receptor -> broad predicted,Hernandez-Sanchez et al. 2008,10.1007/s00705-008-0111-0, ,True,True,https://www.ncbi.nlm.nih.gov/nuccore/M12486.1,M12486.1,specific gene,FhuA,True,https://www.uniprot.org/uniprotkb/K7PHL5,K7PHL5,specific RBP,Central tail fiber J,PhReD,PhReD: The Phage Receptor Database (Bio-conversion Databank Foundation). https://phred.biodf.org,2026-07-10,False,,high,high,high
φCR1,True,contractile,Myoviridae,Citrobacter rodentium,67825,Citrobacter rodentium,Gram negative,cell wall,LPS,LPS,Glycan,Narrow,predicted-from-receptor,low,O-antigen LPS generally serotype-specific -> narrow predicted (weak),Petty et al. 2007,10.1099/mic.0.2007/008888-0, ,True,True,https://www.ncbi.nlm.nih.gov/nuccore/NZ_CP038008.1,NZ_CP038008.1,host genome (fallback),,False,,,none,,PhReD,PhReD: The Phage Receptor Database (Bio-conversion Databank Foundation). https://phred.biodf.org,2026-07-10,False,,high,medium,none
SfMu,True,contractile,Myoviridae,Shigella flexneri,623,Shigella flexneri,Gram negative,cell wall,O-antigen of LPS,LPS,Glycan,Narrow,predicted-from-receptor,medium,specific O-antigen/serotype -> narrow predicted,Jakhetia and Verma 2015,10.1371/journal.pone.0124053, ,True,True,https://www.ncbi.nlm.nih.gov/nuccore/NZ_OY725486.1,NZ_OY725486.1,host genome (fallback),,True,https://www.uniprot.org/uniprotkb/A0A0C4UQV0,A0A0C4UQV0,specific RBP,Tail fiber protein,PhReD,PhReD: The Phage Receptor Database (Bio-conversion Databank Foundation). https://phred.biodf.org,2026-07-10,False,,high,medium,high
SPO1,True,contractile,Myoviridae,Bacillus subtilis,1423,Bacillus subtilis,Gram positive,cell wall,glucosylated wall teichoic acid,Teichoic Acids,Glycan,Undetermined,insufficient-data,none,Teichoic Acids host range is context-dependent; no empirical data in source,Yasbin et al. 1976,10.1128/jb.125.3.1120-1126.1976, ,True,True,https://www.ncbi.nlm.nih.gov/nuccore/NZ_CP160208.1,NZ_CP160208.1,host genome (fallback),,False,,,none,,PhReD,PhReD: The Phage Receptor Database (Bio-conversion Databank Foundation). https://phred.biodf.org,2026-07-10,False,,high,medium,none
Loki,True,long non-contractile,Siphoviridae,Acinetobacter baumannii,470,Acinetobacter baumannii,Gram negative,cell wall,LPS,LPS,Glycan,Narrow,predicted-from-receptor,low,O-antigen LPS generally serotype-specific -> narrow predicted (weak),Turner et al. 2017,10.1371/journal.pone.0172303, ,True,True,https://www.ncbi.nlm.nih.gov/nuccore/NZ_CP156044.1,NZ_CP156044.1,host genome (fallback),,True,https://www.uniprot.org/uniprotkb/A0A0P1KL86,A0A0P1KL86,specific RBP,Putative tail fibre protein,PhReD,PhReD: The Phage Receptor Database (Bio-conversion Databank Foundation). https://phred.biodf.org,2026-07-10,False,,high,medium,high
F366,True,contractile,Myoviridae,Campylobacter jejuni,197,Campylobacter jejuni,Gram negative,cell wall,capsular polysaccharides,Capsular Polysaccharide,Glycan,Narrow,predicted-from-receptor,medium,capsule/K-antigen is strain/serotype specific -> narrow predicted,Sørensen et al. 2015,10.1371/journal.pone.0116287, ,True,True,https://www.ncbi.nlm.nih.gov/nuccore/NZ_CP172364.1,NZ_CP172364.1,host genome (fallback),,False,,,none,,PhReD,PhReD: The Phage Receptor Database (Bio-conversion Databank Foundation). https://phred.biodf.org,2026-07-10,False,,high,medium,none
P2 vir1,True,contractile,Myoviridae,Yersinia pestis,632,Yersinia pestis,Gram negative,cell wall,terminal GlcNAc residues of LPS,LPS,Glycan,Narrow,predicted-from-receptor,low,O-antigen LPS generally serotype-specific -> narrow predicted (weak),Filippov et al. 2011,10.1371/journal.pone.0025486, ,True,True,https://www.ncbi.nlm.nih.gov/nuccore/NZ_CP033699.1,NZ_CP033699.1,host genome (fallback),,False,,,none,,PhReD,PhReD: The Phage Receptor Database (Bio-conversion Databank Foundation). https://phred.biodf.org,2026-07-10,False,,high,medium,none
ϵ34,True,short,Podoviridae,Salmonella sp.,599,Salmonella sp.,Gram negative,cell wall; O-chain structure that are enzymatically cleaved by phages,[-β-Gal-Man-Rha-] polysaccharide units of the O-antigen,LPS,Glycan,Narrow,predicted-from-receptor,medium,specific O-antigen/serotype -> narrow predicted,Takeda and Uetake 1973,10.1016/0042-6822(73)90405-4, ,True,False,,,none,,False,,,none,,PhReD,PhReD: The Phage Receptor Database (Bio-conversion Databank Foundation). https://phred.biodf.org,2026-07-10,False,,high,none,none
Y,True,short,Autographiviridae,Yersinia pestis,632,Yersinia pestis,Gram negative,cell wall,HepI/Glc residues of LPS,LPS,Glycan,Narrow,predicted-from-receptor,low,O-antigen LPS generally serotype-specific -> narrow predicted (weak),Filippov et al. 2011,10.1371/journal.pone.0025486, ,True,True,https://www.ncbi.nlm.nih.gov/nuccore/NZ_CP033699.1,NZ_CP033699.1,host genome (fallback),,False,,,none,,PhReD,PhReD: The Phage Receptor Database (Bio-conversion Databank Foundation). https://phred.biodf.org,2026-07-10,False,,high,medium,none
Vi Phage IV,True,short,Podoviridae,Salmonella enterica serovar Typhi,90370,Salmonella enterica subsp. enterica serovar Typhi,Gram negative,cell wall,Vi exopolysaccharide,Capsular Polysaccharide,Glycan,Narrow,predicted-from-receptor,medium,capsule/K-antigen is strain/serotype specific -> narrow predicted,Pickard et al. 2010,10.1128/JB.00659-10, ,True,True,https://www.ncbi.nlm.nih.gov/nuccore/NZ_LR590081.1,NZ_LR590081.1,host genome (fallback),,False,,,none,,PhReD,PhReD: The Phage Receptor Database (Bio-conversion Databank Foundation). https://phred.biodf.org,2026-07-10,False,,high,medium,none
fPS-7,True,short,Podoviridae,Yersinia enterocolitica,630,Yersinia enterocolitica,Gram negative,cell wall,LPS O antigen,LPS,Glycan,Narrow,predicted-from-receptor,medium,specific O-antigen/serotype -> narrow predicted,Salem et al. 2018,10.3390/v10040174, ,True,True,https://www.ncbi.nlm.nih.gov/nuccore/NZ_CP139458.1,NZ_CP139458.1,host genome (fallback),,False,,,none,,PhReD,PhReD: The Phage Receptor Database (Bio-conversion Databank Foundation). https://phred.biodf.org,2026-07-10,False,,high,medium,none
SPN16C,True,long non-contractile,Siphoviridae,Salmonella enterica serovar Typhimurium,90371,Salmonella enterica subsp. enterica serovar Typhimurium,Gram negative,flagella,FliC,Flagella,Protein,Undetermined,insufficient-data,none,Flagella host range is context-dependent; no empirical data in source,Shin et al. 2012,10.1371/journal.pone.0043392, ,True,True,https://www.ncbi.nlm.nih.gov/nuccore/JN587177.1,JN587177.1,specific gene,FliC,False,,,none,,PhReD,PhReD: The Phage Receptor Database (Bio-conversion Databank Foundation). https://phred.biodf.org,2026-07-10,False,,high,high,none
φ80,True,long non-contractile,Siphoviridae,Escherichia coli,562,Escherichia coli,Gram negative,cell wall,Proteins FhuA and TonB,Membrane Proteins,Protein,Broad,predicted-from-receptor,medium,conserved outer membrane protein receptor -> broad predicted,Hantke and Braun 1975; Wayne and Neilands 1975; Hancock and Braun 1976; Hantke and Braun 1978,"10.1016/0014-5793(75)80771-x (Hantke and Braun 1975), 10.1128/jb.121.2.497-503.1975 (Wayne and Neilands), 10.1128/jb.125.2.409-415.1976 (Hancock and Braun), 10.1128/jb.135.1.190-197.1978 (Hantke and Braun 1978)", ,True,True,https://www.ncbi.nlm.nih.gov/nuccore/M12486.1,M12486.1,specific gene,FhuA,True,https://www.uniprot.org/uniprotkb/I7K3G3,I7K3G3,specific RBP,Phage tail fiber protein,PhReD,PhReD: The Phage Receptor Database (Bio-conversion Databank Foundation). https://phred.biodf.org,2026-07-10,False,,high,high,high
KTN6,True,contractile,Myoviridae,Pseudomonas aeruginosa,287,Pseudomonas aeruginosa,Gram negative,cell wall,A- and B-band O antigen,LPS,Glycan,Narrow,predicted-from-receptor,medium,specific O-antigen/serotype -> narrow predicted,Danis-Wlodarczyk et al. 2015,10.1371/journal.pone.0127603, ,True,True,https://www.ncbi.nlm.nih.gov/nuccore/NZ_OZ484744.1,NZ_OZ484744.1,host genome (fallback),,False,,,none,,PhReD,PhReD: The Phage Receptor Database (Bio-conversion Databank Foundation). https://phred.biodf.org,2026-07-10,False,,high,medium,none
φP68,True,short,Podoviridae,Staphylococcus aureus,1280,Staphylococcus aureus,Gram positive,cell wall,β-O-GlcNAc modified wall teichoic acid,Teichoic Acids,Glycan,Undetermined,insufficient-data,none,Teichoic Acids host range is context-dependent; no empirical data in source,Li et al. 2015,10.1038/srep17219, ,True,True,https://www.ncbi.nlm.nih.gov/nuccore/NZ_CP195878.1,NZ_CP195878.1,host genome (fallback),,False,,,none,,PhReD,PhReD: The Phage Receptor Database (Bio-conversion Databank Foundation). https://phred.biodf.org,2026-07-10,False,,high,medium,none
MPK7,True,short,Podoviridae,Pseudomonas aeruginosa,287,Pseudomonas aeruginosa,Gram negative,pili,type IV pili,Pili,Protein,Undetermined,insufficient-data,none,Pili host range is context-dependent; no empirical data in source,Bae and Cho 2013,10.1128/mBio.00061-13, ,True,True,https://www.ncbi.nlm.nih.gov/nuccore/NZ_OZ484744.1,NZ_OZ484744.1,host genome (fallback),,True,https://www.uniprot.org/uniprotkb/S4SZZ3,S4SZZ3,specific RBP,Tail fiber protein,PhReD,PhReD: The Phage Receptor Database (Bio-conversion Databank Foundation). https://phred.biodf.org,2026-07-10,False,,high,medium,high
PM3,True,long non-contractile,Siphoviridae,Aeromonas hydrophila,644,Aeromonas hydrophila,Gram negative,flagella,flagella,Flagella,Protein,Undetermined,insufficient-data,none,Flagella host range is context-dependent; no empirical data in source,Merino et al. 1990 B,10.1111/j.1574-6968.1990.tb04244.x, ,True,True,https://www.ncbi.nlm.nih.gov/nuccore/NZ_CP118942.1,NZ_CP118942.1,host genome (fallback),,False,,,none,,PhReD,PhReD: The Phage Receptor Database (Bio-conversion Databank Foundation). https://phred.biodf.org,2026-07-10,False,,high,medium,none
APK44,True,short,Autographiviridae,Acinetobacter baumannii,470,Acinetobacter baumannii,Gram negative,cell wall,capsular polysaccharides,Capsular Polysaccharide,Glycan,Narrow,predicted-from-receptor,medium,capsule/K-antigen is strain/serotype specific -> narrow predicted,Popova et al. 2021,10.1128/JVI.01714-20, ,True,True,https://www.ncbi.nlm.nih.gov/nuccore/NZ_CP156044.1,NZ_CP156044.1,host genome (fallback),,False,,,none,,PhReD,PhReD: The Phage Receptor Database (Bio-conversion Databank Foundation). https://phred.biodf.org,2026-07-10,False,,high,medium,none
PO2,True,long non-contractile,Siphoviridae,Pseudomonas aeruginosa,287,Pseudomonas aeruginosa,Gram negative,pili,pilus,Pili,Protein,Undetermined,insufficient-data,none,Pili host range is context-dependent; no empirical data in source,Bradley 1973,10.1016/0042-6822(73)90448-0, ,True,True,https://www.ncbi.nlm.nih.gov/nuccore/NZ_OZ484744.1,NZ_OZ484744.1,host genome (fallback),,True,https://www.uniprot.org/uniprotkb/A0AA50A7V1,A0AA50A7V1,specific RBP,Probable tail spike protein,PhReD,PhReD: The Phage Receptor Database (Bio-conversion Databank Foundation). https://phred.biodf.org,2026-07-10,False,,high,medium,high
X,True,long non-contractile,Siphoviridae,"Escherichia coli, Salmonella typhimurium",562,Escherichia coli,Gram negative,pili,X pili,Pili,Protein,Undetermined,insufficient-data,none,Pili host range is context-dependent; no empirical data in source,Bradley et al. 1981 A,10.1099/00221287-126-2-389, ,True,True,https://www.ncbi.nlm.nih.gov/nuccore/NZ_CP187781.1,NZ_CP187781.1,host genome (fallback),,True,https://www.uniprot.org/uniprotkb/A0A5Q2UAI1,A0A5Q2UAI1,specific RBP,Tail fiber protein,PhReD,PhReD: The Phage Receptor Database (Bio-conversion Databank Foundation). https://phred.biodf.org,2026-07-10,False,,high,medium,high
F354,True,contractile,Myoviridae,Campylobacter jejuni,197,Campylobacter jejuni,Gram negative,cell wall,capsular polysaccharides,Capsular Polysaccharide,Glycan,Narrow,predicted-from-receptor,medium,capsule/K-antigen is strain/serotype specific -> narrow predicted,Sørensen et al. 2015,10.1371/journal.pone.0116287, ,True,True,https://www.ncbi.nlm.nih.gov/nuccore/NZ_CP172364.1,NZ_CP172364.1,host genome (fallback),,False,,,none,,PhReD,PhReD: The Phage Receptor Database (Bio-conversion Databank Foundation). https://phred.biodf.org,2026-07-10,False,,high,medium,none
F351,True,contractile,Myoviridae,Campylobacter jejuni,197,Campylobacter jejuni,Gram negative,cell wall,capsular polysaccharides,Capsular Polysaccharide,Glycan,Narrow,predicted-from-receptor,medium,capsule/K-antigen is strain/serotype specific -> narrow predicted,Sørensen et al. 2015,10.1371/journal.pone.0116287, ,True,True,https://www.ncbi.nlm.nih.gov/nuccore/NZ_CP172364.1,NZ_CP172364.1,host genome (fallback),,False,,,none,,PhReD,PhReD: The Phage Receptor Database (Bio-conversion Databank Foundation). https://phred.biodf.org,2026-07-10,False,,high,medium,none
S100,True,long non-contractile,Siphoviridae,Salmonella enterica serovar Typhimurium,90371,Salmonella enterica subsp. enterica serovar Typhimurium,Gram negative,cell wall,O-antigen,LPS,Glycan,Narrow,predicted-from-receptor,medium,specific O-antigen/serotype -> narrow predicted,Gencay et al. 2019,10.1111/1462-2920.14597, ,True,True,https://www.ncbi.nlm.nih.gov/nuccore/NZ_CP104816.1,NZ_CP104816.1,host genome (fallback),,True,https://www.uniprot.org/uniprotkb/A0A2Z5HHC2,A0A2Z5HHC2,specific RBP,Putative tail spike protein,PhReD,PhReD: The Phage Receptor Database (Bio-conversion Databank Foundation). https://phred.biodf.org,2026-07-10,False,,high,medium,high
φM7,True,contractile,Myoviridae,Sinorhizobium meliloti,382,Sinorhizobium meliloti,Gram negative,cell wall,outer membrane porin RopA0,Membrane Proteins,Protein,Broad,predicted-from-receptor,medium,conserved outer membrane protein receptor -> broad predicted,Crook et al. 2013,10.1128/JB.00480-13, ,True,True,https://www.ncbi.nlm.nih.gov/nuccore/NZ_CP021219.1,NZ_CP021219.1,host genome (fallback),,True,https://www.uniprot.org/uniprotkb/A0A0F6YQI6,A0A0F6YQI6,specific RBP,Tail fiber protein,PhReD,PhReD: The Phage Receptor Database (Bio-conversion Databank Foundation). https://phred.biodf.org,2026-07-10,False,,high,medium,high
φX174,False,"none (icosahedral, ssDNA)",Microviridae,Escherichia coli,562,Escherichia coli,Gram negative,cell wall,N-acetylglucosamine in LPS,LPS,Glycan,Narrow,predicted-from-receptor,low,O-antigen LPS generally serotype-specific -> narrow predicted (weak),"Jazwinski et al. 1975, Feige and Stirm 1976","10.1016/0042-6822(75)90197-x (Jazwinski et al), 10.1016/0006-291x(76)90824-x (Feige and Stirm)", ,True,True,https://www.ncbi.nlm.nih.gov/nuccore/NZ_CP187781.1,NZ_CP187781.1,host genome (fallback),,True,https://www.uniprot.org/uniprotkb/I6ZHT9,I6ZHT9,specific RBP,Major spike protein G,PhReD,PhReD: The Phage Receptor Database (Bio-conversion Databank Foundation). https://phred.biodf.org,2026-07-10,False,,high,medium,high
SPN1S,True,short,Podoviridae,Salmonella enterica serovar Typhimurium,90371,Salmonella enterica subsp. enterica serovar Typhimurium,Gram negative,cell wall,LPS O antigen,LPS,Glycan,Narrow,predicted-from-receptor,medium,specific O-antigen/serotype -> narrow predicted,Shin et al. 2012,10.1371/journal.pone.0043392, ,True,True,https://www.ncbi.nlm.nih.gov/nuccore/NZ_CP104816.1,NZ_CP104816.1,host genome (fallback),,True,https://www.uniprot.org/uniprotkb/H2D0F8,H2D0F8,specific RBP,Tailspike,PhReD,PhReD: The Phage Receptor Database (Bio-conversion Databank Foundation). https://phred.biodf.org,2026-07-10,False,,high,medium,high
T7,True,short,Podoviridae,Escherichia coli,562,Escherichia coli,Gram negative,cell wall,LPS,LPS,Glycan,Narrow,predicted-from-receptor,low,O-antigen LPS generally serotype-specific -> narrow predicted (weak),Lindberg 1973,10.1146/annurev.mi.27.100173.001225, ,True,True,https://www.ncbi.nlm.nih.gov/nuccore/NZ_CP187781.1,NZ_CP187781.1,host genome (fallback),,True,https://www.uniprot.org/uniprotkb/P03748,P03748,specific RBP,Tail fiber protein,PhReD,PhReD: The Phage Receptor Database (Bio-conversion Databank Foundation). https://phred.biodf.org,2026-07-10,False,,high,medium,high
F349,True,contractile,Myoviridae,Campylobacter jejuni,197,Campylobacter jejuni,Gram negative,cell wall,capsular polysaccharides,Capsular Polysaccharide,Glycan,Narrow,predicted-from-receptor,medium,capsule/K-antigen is strain/serotype specific -> narrow predicted,Sørensen et al. 2015,10.1371/journal.pone.0116287, ,True,True,https://www.ncbi.nlm.nih.gov/nuccore/NZ_CP172364.1,NZ_CP172364.1,host genome (fallback),,False,,,none,,PhReD,PhReD: The Phage Receptor Database (Bio-conversion Databank Foundation). https://phred.biodf.org,2026-07-10,False,,high,medium,none
R-17,False,"none (icosahedral, ssRNA)",Leviviridae,Escherichia coli,562,Escherichia coli,Gram negative,fimbriae,fimbriae,Pili,Protein,Undetermined,insufficient-data,none,Pili host range is context-dependent; no empirical data in source,Crawford and Gesteland 1964,10.1016/0042-6822(64)90063-7, ,True,True,https://www.ncbi.nlm.nih.gov/nuccore/NZ_CP187781.1,NZ_CP187781.1,host genome (fallback),,False,,,none,,PhReD,PhReD: The Phage Receptor Database (Bio-conversion Databank Foundation). https://phred.biodf.org,2026-07-10,False,,high,medium,none
APK87,True,short,Autographiviridae,Acinetobacter baumannii,470,Acinetobacter baumannii,Gram negative,cell wall,capsular polysaccharides,Capsular Polysaccharide,Glycan,Narrow,predicted-from-receptor,medium,capsule/K-antigen is strain/serotype specific -> narrow predicted,Popova et al. 2021,10.1128/JVI.01714-20, ,True,True,https://www.ncbi.nlm.nih.gov/nuccore/NZ_CP156044.1,NZ_CP156044.1,host genome (fallback),,False,,,none,,PhReD,PhReD: The Phage Receptor Database (Bio-conversion Databank Foundation). https://phred.biodf.org,2026-07-10,False,,high,medium,none
F360,True,contractile,Myoviridae,Campylobacter jejuni,197,Campylobacter jejuni,Gram negative,cell wall,capsular polysaccharides,Capsular Polysaccharide,Glycan,Narrow,predicted-from-receptor,medium,capsule/K-antigen is strain/serotype specific -> narrow predicted,Sørensen et al. 2015,10.1371/journal.pone.0116287, ,True,True,https://www.ncbi.nlm.nih.gov/nuccore/NZ_CP172364.1,NZ_CP172364.1,host genome (fallback),,False,,,none,,PhReD,PhReD: The Phage Receptor Database (Bio-conversion Databank Foundation). https://phred.biodf.org,2026-07-10,False,,high,medium,none
DLP4,True,long non-contractile,Siphoviridae,Stenotrophomonas maltophilia,40324,Stenotrophomonas maltophilia,Gram negative,pilus,type IV pili,Pili,Protein,Undetermined,insufficient-data,none,Pili host range is context-dependent; no empirical data in source,Peters et al. 2019,10.1186/s12864-019-5674-5, ,True,True,https://www.ncbi.nlm.nih.gov/nuccore/NZ_CP031058.1,NZ_CP031058.1,host genome (fallback),,False,,,none,,PhReD,PhReD: The Phage Receptor Database (Bio-conversion Databank Foundation). https://phred.biodf.org,2026-07-10,False,,high,medium,none
B5,True,short,Podoviridae,Acinetobacter baumannii,470,Acinetobacter baumannii,Gram negative,cell wall,capsular polysaccharides,Capsular Polysaccharide,Glycan,Narrow,predicted-from-receptor,medium,capsule/K-antigen is strain/serotype specific -> narrow predicted,Oliveira et al. 2017,10.1111/1462-2920.13970, ,True,True,https://www.ncbi.nlm.nih.gov/nuccore/NZ_CP156044.1,NZ_CP156044.1,host genome (fallback),,False,,,none,,PhReD,PhReD: The Phage Receptor Database (Bio-conversion Databank Foundation). https://phred.biodf.org,2026-07-10,False,,high,medium,none
F357,True,contractile,Myoviridae,Campylobacter jejuni,197,Campylobacter jejuni,Gram negative,cell wall,capsular polysaccharides,Capsular Polysaccharide,Glycan,Narrow,predicted-from-receptor,medium,capsule/K-antigen is strain/serotype specific -> narrow predicted,Sørensen et al. 2015,10.1371/journal.pone.0116287, ,True,True,https://www.ncbi.nlm.nih.gov/nuccore/NZ_CP172364.1,NZ_CP172364.1,host genome (fallback),,False,,,none,,PhReD,PhReD: The Phage Receptor Database (Bio-conversion Databank Foundation). https://phred.biodf.org,2026-07-10,False,,high,medium,none
ϕVPE25,True,long non-contractile,Siphoviridae,Enterococcus faecalis,1351,Enterococcus faecalis,Gram positive,cell wall,"EF0858, integral membrane protein",Membrane Proteins,Protein,Broad,predicted-from-receptor,medium,conserved outer membrane protein receptor -> broad predicted,Duerkop et al. 2016,10.1128/mBio.01304-16, ,True,True,https://www.ncbi.nlm.nih.gov/nuccore/NZ_CP191290.1,NZ_CP191290.1,host genome (fallback),,False,,,none,,PhReD,PhReD: The Phage Receptor Database (Bio-conversion Databank Foundation). https://phred.biodf.org,2026-07-10,False,,high,medium,none
D,False,"none (icosahedral, ssRNA)",Leviviridae,Escherichia coli,562,Escherichia coli,Gram negative,pili,D pili,Pili,Protein,Undetermined,insufficient-data,none,Pili host range is context-dependent; no empirical data in source,Coetzee et al. 1985A,10.1099/00221287-131-12-3375, ,True,True,https://www.ncbi.nlm.nih.gov/nuccore/NZ_CP187781.1,NZ_CP187781.1,host genome (fallback),,True,https://www.uniprot.org/uniprotkb/F8RL31,F8RL31,specific RBP,Putative spike protein,PhReD,PhReD: The Phage Receptor Database (Bio-conversion Databank Foundation). https://phred.biodf.org,2026-07-10,False,,high,medium,high
PA1φ,True,long non-contractile,Siphoviridae,Pseudomonas aeruginosa,287,Pseudomonas aeruginosa,Gram negative,pili,type IV pili,Pili,Protein,Undetermined,insufficient-data,none,Pili host range is context-dependent; no empirical data in source,Kim et al. 2012,10.1128/AEM.00648-12, ,True,True,https://www.ncbi.nlm.nih.gov/nuccore/NZ_OZ484744.1,NZ_OZ484744.1,host genome (fallback),,True,https://www.uniprot.org/uniprotkb/E7CU81,E7CU81,specific RBP,Tip attachment protein J domain-containing protein,PhReD,PhReD: The Phage Receptor Database (Bio-conversion Databank Foundation). https://phred.biodf.org,2026-07-10,False,,high,medium,high
C11,True,contractile,Myoviridae,Pseudomonas aeruginosa,287,Pseudomonas aeruginosa,Gram negative,LPS,"fourth residue L-Rhamnose
of one O antigen repeating unit in the biosynthesis of OSA LPS",LPS,Glycan,Narrow,predicted-from-receptor,medium,specific O-antigen/serotype -> narrow predicted,Cui et al. 2016,10.1038/srep39130, ,True,True,https://www.ncbi.nlm.nih.gov/nuccore/NZ_OZ484744.1,NZ_OZ484744.1,host genome (fallback),,True,https://www.uniprot.org/uniprotkb/A0A6S4PD66,A0A6S4PD66,specific RBP,Bacteriophage T7 tail fibre protein-like N-terminal domain-containing protein,PhReD,PhReD: The Phage Receptor Database (Bio-conversion Databank Foundation). https://phred.biodf.org,2026-07-10,False,,high,medium,high
55R-1,True,contractile,Myoviridae,Aeromonas salmonicida,645,Aeromonas salmonicida,Gram negative,cell wall,LPS,LPS,Glycan,Narrow,predicted-from-receptor,low,O-antigen LPS generally serotype-specific -> narrow predicted (weak),Ishiguro et al. 1983,10.1139/m83-223, ,True,True,https://www.ncbi.nlm.nih.gov/nuccore/NZ_CP101948.1,NZ_CP101948.1,host genome (fallback),,False,,,none,,PhReD,PhReD: The Phage Receptor Database (Bio-conversion Databank Foundation). https://phred.biodf.org,2026-07-10,False,,high,medium,none
Me1,True,contractile,Myoviridae,Escherichia coli,562,Escherichia coli,Gram negative,cell wall,OmpC,Membrane Proteins,Protein,Broad,predicted-from-receptor,medium,conserved outer membrane protein receptor -> broad predicted,Verhoef et al. 1977,10.1007/bf02425330, ,True,True,https://www.ncbi.nlm.nih.gov/nuccore/GQ167032.1,GQ167032.1,specific gene,OmpC,False,,,none,,PhReD,PhReD: The Phage Receptor Database (Bio-conversion Databank Foundation). https://phred.biodf.org,2026-07-10,False,,high,high,none
IME339,True,contractile,Myoviridae,Escherichia coli,562,Escherichia coli,Gram negative,cell wall,Tsx,Membrane Proteins,Protein,Broad,predicted-from-receptor,medium,conserved outer membrane protein receptor -> broad predicted,Li et al. 2019,10.3389/fmicb.2019.00850, ,True,True,https://www.ncbi.nlm.nih.gov/nuccore/NZ_CP187781.1,NZ_CP187781.1,host genome (fallback),,False,,,none,,PhReD,PhReD: The Phage Receptor Database (Bio-conversion Databank Foundation). https://phred.biodf.org,2026-07-10,False,,high,medium,none
S102,True,long non-contractile,Siphoviridae,Salmonella enterica serovar Typhimurium,90371,Salmonella enterica subsp. enterica serovar Typhimurium,Gram negative,cell wall,O-antigen,LPS,Glycan,Narrow,predicted-from-receptor,medium,specific O-antigen/serotype -> narrow predicted,Gencay et al. 2019,10.1111/1462-2920.14597, ,True,True,https://www.ncbi.nlm.nih.gov/nuccore/NZ_CP104816.1,NZ_CP104816.1,host genome (fallback),,True,https://www.uniprot.org/uniprotkb/A0A2Z5HI34,A0A2Z5HI34,specific RBP,Putative tail spike protein,PhReD,PhReD: The Phage Receptor Database (Bio-conversion Databank Foundation). https://phred.biodf.org,2026-07-10,False,,high,medium,high
mEp263,True,long non-contractile,Siphoviridae,Escherichia coli,562,Escherichia coli,Gram negative,cell wall,FhuA,Membrane Proteins,Protein,Broad,predicted-from-receptor,medium,conserved outer membrane protein receptor -> broad predicted,Hernandez-Sanchez et al. 2008,10.1007/s00705-008-0111-0, ,True,True,https://www.ncbi.nlm.nih.gov/nuccore/M12486.1,M12486.1,specific gene,FhuA,False,,,none,,PhReD,PhReD: The Phage Receptor Database (Bio-conversion Databank Foundation). https://phred.biodf.org,2026-07-10,False,,high,high,none
c341,True,short,Podoviridae,Salmonella sp.,599,Salmonella sp.,Gram negative,cell wall; O-chain structure that are enzymatically cleaved by phages,The O-acetyl group in the mannosyl-rhamnosyl-O-acetylgalactose repeating sequence,N/A,,Undetermined,insufficient-data,none,receptor does not support a host-range prediction,Iwashita and Kanegasaki 1976,10.1016/s0021-9258(17)33169-1, ,True,False,,,none,,False,,,none,,PhReD,PhReD: The Phage Receptor Database (Bio-conversion Databank Foundation). https://phred.biodf.org,2026-07-10,False,,none,none,none
mEp141,True,long non-contractile,Siphoviridae,Escherichia coli,562,Escherichia coli,Gram negative,cell wall,FhuA,Membrane Proteins,Protein,Broad,predicted-from-receptor,medium,conserved outer membrane protein receptor -> broad predicted,Hernandez-Sanchez et al. 2008,10.1007/s00705-008-0111-0, ,True,True,https://www.ncbi.nlm.nih.gov/nuccore/M12486.1,M12486.1,specific gene,FhuA,False,,,none,,PhReD,PhReD: The Phage Receptor Database (Bio-conversion Databank Foundation). https://phred.biodf.org,2026-07-10,False,,high,high,none
KIL3b,True,contractile,Myoviridae,Pseudomonas syringae pv. porri,83964,Pseudomonas coronafaciens pv. porri,Gram negative,cell wall,LPS,LPS,Glycan,Narrow,predicted-from-receptor,low,O-antigen LPS generally serotype-specific -> narrow predicted (weak),Holtappels et al. 2020,10.3390/ijms21082930, ,True,False,,,none,,False,,,none,,PhReD,PhReD: The Phage Receptor Database (Bio-conversion Databank Foundation). https://phred.biodf.org,2026-07-10,False,,high,none,none
mEp524,True,long non-contractile,Siphoviridae,Escherichia coli,562,Escherichia coli,Gram negative,cell wall,FhuA,Membrane Proteins,Protein,Broad,predicted-from-receptor,medium,conserved outer membrane protein receptor -> broad predicted,Hernandez-Sanchez et al. 2008,10.1007/s00705-008-0111-0, ,True,True,https://www.ncbi.nlm.nih.gov/nuccore/M12486.1,M12486.1,specific gene,FhuA,False,,,none,,PhReD,PhReD: The Phage Receptor Database (Bio-conversion Databank Foundation). https://phred.biodf.org,2026-07-10,False,,high,high,none
B2,True,short,Podoviridae,Acinetobacter baumannii,470,Acinetobacter baumannii,Gram negative,cell wall,capsular polysaccharides,Capsular Polysaccharide,Glycan,Narrow,predicted-from-receptor,medium,capsule/K-antigen is strain/serotype specific -> narrow predicted,Oliveira et al. 2017,10.1111/1462-2920.13970, ,True,True,https://www.ncbi.nlm.nih.gov/nuccore/NZ_CP156044.1,NZ_CP156044.1,host genome (fallback),,True,https://www.uniprot.org/uniprotkb/A0A343S152,A0A343S152,specific RBP,Tail fiber protein,PhReD,PhReD: The Phage Receptor Database (Bio-conversion Databank Foundation). https://phred.biodf.org,2026-07-10,True,low-confidence UniProt assignment | ambiguous phage name across organisms,high,medium,low
F374,True,contractile,Myoviridae,Campylobacter jejuni,197,Campylobacter jejuni,Gram negative,cell wall,capsular polysaccharides,Capsular Polysaccharide,Glycan,Narrow,predicted-from-receptor,medium,capsule/K-antigen is strain/serotype specific -> narrow predicted,Sørensen et al. 2015,10.1371/journal.pone.0116287, ,True,True,https://www.ncbi.nlm.nih.gov/nuccore/NZ_CP172364.1,NZ_CP172364.1,host genome (fallback),,False,,,none,,PhReD,PhReD: The Phage Receptor Database (Bio-conversion Databank Foundation). https://phred.biodf.org,2026-07-10,False,,high,medium,none
S115,True,contractile,Myoviridae,Salmonella enterica serovar Typhimurium,90371,Salmonella enterica subsp. enterica serovar Typhimurium,Gram negative,cell wall,O-antigen,LPS,Glycan,Narrow,predicted-from-receptor,medium,specific O-antigen/serotype -> narrow predicted,Gencay et al. 2019,10.1111/1462-2920.14597, ,True,True,https://www.ncbi.nlm.nih.gov/nuccore/NZ_CP104816.1,NZ_CP104816.1,host genome (fallback),,False,,,none,,PhReD,PhReD: The Phage Receptor Database (Bio-conversion Databank Foundation). https://phred.biodf.org,2026-07-10,False,,high,medium,none
fPS-86,True,short,Podoviridae,Yersinia enterocolitica,630,Yersinia enterocolitica,Gram negative,cell wall,LPS O antigen,LPS,Glycan,Narrow,predicted-from-receptor,medium,specific O-antigen/serotype -> narrow predicted,Salem et al. 2018,10.3390/v10040174, ,True,True,https://www.ncbi.nlm.nih.gov/nuccore/NZ_CP139458.1,NZ_CP139458.1,host genome (fallback),,False,,,none,,PhReD,PhReD: The Phage Receptor Database (Bio-conversion Databank Foundation). https://phred.biodf.org,2026-07-10,False,,high,medium,none
F341,True,contractile,Myoviridae,Campylobacter jejuni,197,Campylobacter jejuni,Gram negative,flagella,rotating flagella,Flagella,Protein,Undetermined,insufficient-data,none,Flagella host range is context-dependent; no empirical data in source,Baldvinsson et al. 2014,10.1128/AEM.02057-14, ,True,True,https://www.ncbi.nlm.nih.gov/nuccore/NZ_CP172364.1,NZ_CP172364.1,host genome (fallback),,False,,,none,,PhReD,PhReD: The Phage Receptor Database (Bio-conversion Databank Foundation). https://phred.biodf.org,2026-07-10,False,,high,medium,none
mEp155,True,long non-contractile,Siphoviridae,Escherichia coli,562,Escherichia coli,Gram negative,cell wall,FhuA,Membrane Proteins,Protein,Broad,predicted-from-receptor,medium,conserved outer membrane protein receptor -> broad predicted,Hernandez-Sanchez et al. 2008,10.1007/s00705-008-0111-0, ,True,True,https://www.ncbi.nlm.nih.gov/nuccore/M12486.1,M12486.1,specific gene,FhuA,False,,,none,,PhReD,PhReD: The Phage Receptor Database (Bio-conversion Databank Foundation). https://phred.biodf.org,2026-07-10,True,no independent literature found for this phage,high,high,none
29,True,short,Podoviridae,Escherichia coli,562,Escherichia coli,Gram negative,Bacterial capsule,Endo-glycosidase hydrolysis in β-D-glucosido-(1-3)-D-glucoronic acid bonds in the capsule composed of hexasaccharides repeating units,Capsular Polysaccharide,Glycan,Narrow,predicted-from-receptor,medium,capsule/K-antigen is strain/serotype specific -> narrow predicted,Stirm et al. 1971; Fehmel et al. 1975,"10.1128/jvi.8.3.343-346.1971 (Stirm et al), 10.1128/jvi.16.3.591-601.1975 (Fehmel et al)", ,True,True,https://www.ncbi.nlm.nih.gov/nuccore/NZ_CP187781.1,NZ_CP187781.1,host genome (fallback),,True,https://www.uniprot.org/uniprotkb/A0A1W6DXS8,A0A1W6DXS8,specific RBP,Putative tail fiber protein,PhReD,PhReD: The Phage Receptor Database (Bio-conversion Databank Foundation). https://phred.biodf.org,2026-07-10,True,low-confidence UniProt assignment | ambiguous phage name across organisms,high,medium,low
mEp502,True,long non-contractile,Siphoviridae,Escherichia coli,562,Escherichia coli,Gram negative,cell wall,FhuA,Membrane Proteins,Protein,Broad,predicted-from-receptor,medium,conserved outer membrane protein receptor -> broad predicted,Hernandez-Sanchez et al. 2008,10.1007/s00705-008-0111-0, ,True,True,https://www.ncbi.nlm.nih.gov/nuccore/M12486.1,M12486.1,specific gene,FhuA,False,,,none,,PhReD,PhReD: The Phage Receptor Database (Bio-conversion Databank Foundation). https://phred.biodf.org,2026-07-10,False,,high,high,none
ICP1,True,contractile,Myoviridae,Vibrio cholerae,666,Vibrio cholerae,Gram negative,cell wall,O1 antigen of LPS,LPS,Glycan,Narrow,predicted-from-receptor,low,O-antigen LPS generally serotype-specific -> narrow predicted (weak),Seed et al. 2011,10.1128/mBio.00334-10, ,True,True,https://www.ncbi.nlm.nih.gov/nuccore/NZ_CP191367.1,NZ_CP191367.1,host genome (fallback),,True,https://www.uniprot.org/uniprotkb/F1D1N1,F1D1N1,other tail protein,Putative Gp5 baseplate hub subunit and tail lysozyme,PhReD,PhReD: The Phage Receptor Database (Bio-conversion Databank Foundation). https://phred.biodf.org,2026-07-10,False,,high,medium,medium
W,True,long non-contractile,Siphoviridae,Staphylococcus aureus,1280,Staphylococcus aureus,Gram positive,cell wall,N-acetylglucosamine (GlcNAc) glycoepitope on wall teichoic acid (WTA),Teichoic Acids,Glycan,Undetermined,insufficient-data,none,Teichoic Acids host range is context-dependent; no empirical data in source,Xia et al. 2011,10.1128/JB.01412-10, ,True,True,https://www.ncbi.nlm.nih.gov/nuccore/NZ_CP195878.1,NZ_CP195878.1,host genome (fallback),,False,,,none,,PhReD,PhReD: The Phage Receptor Database (Bio-conversion Databank Foundation). https://phred.biodf.org,2026-07-10,False,,high,medium,none
F356,True,contractile,Myoviridae,Campylobacter jejuni,197,Campylobacter jejuni,Gram negative,cell wall,capsular polysaccharides,Capsular Polysaccharide,Glycan,Narrow,predicted-from-receptor,medium,capsule/K-antigen is strain/serotype specific -> narrow predicted,Sørensen et al. 2015,10.1371/journal.pone.0116287, ,True,True,https://www.ncbi.nlm.nih.gov/nuccore/NZ_CP172364.1,NZ_CP172364.1,host genome (fallback),,False,,,none,,PhReD,PhReD: The Phage Receptor Database (Bio-conversion Databank Foundation). https://phred.biodf.org,2026-07-10,False,,high,medium,none
DT571/2,True,long non-contractile,Siphoviridae,Escherichia coli,562,Escherichia coli,Gram negative,cell wall,protein BtuB and O-polysaccharide (OPS),Membrane Proteins,Protein,Broad,predicted-from-receptor,medium,conserved outer membrane protein receptor -> broad predicted,Golomidova et al. 2015,10.3390/v8010026, ,True,True,https://www.ncbi.nlm.nih.gov/nuccore/M57568.1,M57568.1,specific gene,BtuB,True,https://www.uniprot.org/uniprotkb/A0A0A7RT04,A0A0A7RT04,specific RBP,Receptor binding protein,PhReD,PhReD: The Phage Receptor Database (Bio-conversion Databank Foundation). https://phred.biodf.org,2026-07-10,True,low-confidence domain assignment,low,high,high
mEp266,True,long non-contractile,Siphoviridae,Escherichia coli,562,Escherichia coli,Gram negative,cell wall,FhuA,Membrane Proteins,Protein,Broad,predicted-from-receptor,medium,conserved outer membrane protein receptor -> broad predicted,Hernandez-Sanchez et al. 2008,10.1007/s00705-008-0111-0, ,True,True,https://www.ncbi.nlm.nih.gov/nuccore/M12486.1,M12486.1,specific gene,FhuA,False,,,none,,PhReD,PhReD: The Phage Receptor Database (Bio-conversion Databank Foundation). https://phred.biodf.org,2026-07-10,False,,high,high,none
D3112,True,long non-contractile,Siphoviridae,Pseudomonas aeruginosa,287,Pseudomonas aeruginosa,Gram negative,pili,pilus,Pili,Protein,Undetermined,insufficient-data,none,Pili host range is context-dependent; no empirical data in source,Roncero et al. 1990,10.1128/jb.172.4.1899-1904.1990, ,True,True,https://www.ncbi.nlm.nih.gov/nuccore/NZ_OZ484744.1,NZ_OZ484744.1,host genome (fallback),,True,https://www.uniprot.org/uniprotkb/Q6TM49,Q6TM49,specific RBP,Tip attachment protein J domain-containing protein,PhReD,PhReD: The Phage Receptor Database (Bio-conversion Databank Foundation). https://phred.biodf.org,2026-07-10,False,,high,medium,high
SFP10,True,contractile,Myoviridae,Salmonella enterica serovar Typhimurium,90371,Salmonella enterica subsp. enterica serovar Typhimurium,Gram negative,cell wall,O-antigen of LPS,LPS,Glycan,Narrow,predicted-from-receptor,medium,specific O-antigen/serotype -> narrow predicted,Park et al. 2011,10.1128/AEM.06231-11, ,True,True,https://www.ncbi.nlm.nih.gov/nuccore/NZ_CP104816.1,NZ_CP104816.1,host genome (fallback),,True,https://www.uniprot.org/uniprotkb/G4WAS9,G4WAS9,specific RBP,Phage tailspike protein,PhReD,PhReD: The Phage Receptor Database (Bio-conversion Databank Foundation). https://phred.biodf.org,2026-07-10,False,,high,medium,high
ϕA1122,True,short,Podoviridae,Yersinia pestis,632,Yersinia pestis,Gram negative,cell wall,Kdo/Ko residues of LPS and HepI/Glc residues,LPS,Glycan,Narrow,predicted-from-receptor,low,O-antigen LPS generally serotype-specific -> narrow predicted (weak),Filippov et al. 2011,10.1371/journal.pone.0025486, ,True,True,https://www.ncbi.nlm.nih.gov/nuccore/NZ_CP033699.1,NZ_CP033699.1,host genome (fallback),,True,https://www.uniprot.org/uniprotkb/Q858J8,Q858J8,specific RBP,Tail fiber protein,PhReD,PhReD: The Phage Receptor Database (Bio-conversion Databank Foundation). https://phred.biodf.org,2026-07-10,True,UniProt organism 'Yersinia phage phiA1122' does not name phage 'ϕA1122',high,medium,high
PST (alternate host),True,contractile,Myoviridae,Yersinia pseudotuberculosis,633,Yersinia pseudotuberculosis,Gram negative,cell wall,HepII/HepIII pairs of inner core residues,LPS,Glycan,Broad,predicted-from-receptor,low,conserved LPS core -> broad predicted,Filippov et al. 2011,10.1371/journal.pone.0025486, ,True,True,https://www.ncbi.nlm.nih.gov/nuccore/NZ_AP031363.1,NZ_AP031363.1,host genome (fallback),,False,,,none,,PhReD,PhReD: The Phage Receptor Database (Bio-conversion Databank Foundation). https://phred.biodf.org,2026-07-10,True,receptor text does not support domain 'LPS' | no independent literature found for this phage,high,medium,none
mEp468,True,long non-contractile,Siphoviridae,Escherichia coli,562,Escherichia coli,Gram negative,cell wall,FhuA,Membrane Proteins,Protein,Broad,predicted-from-receptor,medium,conserved outer membrane protein receptor -> broad predicted,Hernandez-Sanchez et al. 2008,10.1007/s00705-008-0111-0, ,True,True,https://www.ncbi.nlm.nih.gov/nuccore/M12486.1,M12486.1,specific gene,FhuA,False,,,none,,PhReD,PhReD: The Phage Receptor Database (Bio-conversion Databank Foundation). https://phred.biodf.org,2026-07-10,False,,high,high,none
T5,True,long non-contractile,Siphoviridae,Escherichia coli,562,Escherichia coli,Gram negative,cell wall,Polymannose sequence in the O-antigen and protein FhuA,LPS,Glycan,Narrow,predicted-from-receptor,medium,specific O-antigen/serotype -> narrow predicted,Braun et al. 1973; Braun and Wolff 1973; Heller and Braun 1982,"10.1016/0005-2736(73)90433-1 (Braun et al), 10.1016/0014-5793(73)80707-0 (Braun and Wolff), 10.1128/jvi.41.1.222-227.1982 (Heller and Braun)", ,True,True,https://www.ncbi.nlm.nih.gov/nuccore/M12486.1,M12486.1,specific gene,FhuA,True,https://www.uniprot.org/uniprotkb/P23207,P23207,specific RBP,Receptor-binding protein pb5,PhReD,PhReD: The Phage Receptor Database (Bio-conversion Databank Foundation). https://phred.biodf.org,2026-07-10,True,low-confidence domain assignment,low,high,high
Phage 117,True,short,Podoviridae,Klebsiella pneumoniae,573,Klebsiella pneumoniae,Gram negative,cell wall,colanic acid in capsular extracellular polysaccharide,Capsular Polysaccharide,Glycan,Narrow,predicted-from-receptor,medium,capsule/K-antigen is strain/serotype specific -> narrow predicted,Tan et al. 2020,10.3390/microorganisms8030378, ,True,True,https://www.ncbi.nlm.nih.gov/nuccore/NZ_OZ477362.1,NZ_OZ477362.1,host genome (fallback),,True,https://www.uniprot.org/uniprotkb/A0A5Q2W660,A0A5Q2W660,specific RBP,Probable tail spike protein,PhReD,PhReD: The Phage Receptor Database (Bio-conversion Databank Foundation). https://phred.biodf.org,2026-07-10,False,,high,medium,high
ϕVFW,True,long non-contractile,Siphoviridae,Enterococcus faecalis,1351,Enterococcus faecalis,Gram positive,cell wall,"EF0858, integral membrane protein",Membrane Proteins,Protein,Broad,predicted-from-receptor,medium,conserved outer membrane protein receptor -> broad predicted,Duerkop et al. 2016,10.1128/mBio.01304-16, ,True,True,https://www.ncbi.nlm.nih.gov/nuccore/NZ_CP191290.1,NZ_CP191290.1,host genome (fallback),,False,,,none,,PhReD,PhReD: The Phage Receptor Database (Bio-conversion Databank Foundation). https://phred.biodf.org,2026-07-10,False,,high,medium,none
PBS1,True,contractile,Myoviridae,Bacillus subtilis,1423,Bacillus subtilis,Gram positive,flagella,flagellum,Flagella,Protein,Undetermined,insufficient-data,none,Flagella host range is context-dependent; no empirical data in source,Raimondo et al. 1968,10.1128/jvi.2.3.256-264.1968, ,True,True,https://www.ncbi.nlm.nih.gov/nuccore/NZ_CP160208.1,NZ_CP160208.1,host genome (fallback),,True,https://www.uniprot.org/uniprotkb/A0A223LC33,A0A223LC33,specific RBP,Tail fiber protein,PhReD,PhReD: The Phage Receptor Database (Bio-conversion Databank Foundation). https://phred.biodf.org,2026-07-10,False,,high,medium,high
PP35,True,contractile,Ackermannviridae,Dickeya solani,1089444,Dickeya solani,Gram negative,cell wall,oligo polysaccharide,LPS,Glycan,Narrow,predicted-from-receptor,low,O-antigen LPS generally serotype-specific -> narrow predicted (weak),Kabanova et al. 2019,10.3389/fmicb.2018.03288, ,True,True,https://www.ncbi.nlm.nih.gov/nuccore/NZ_CP136339.1,NZ_CP136339.1,host genome (fallback),,False,,,none,,PhReD,PhReD: The Phage Receptor Database (Bio-conversion Databank Foundation). https://phred.biodf.org,2026-07-10,False,,high,medium,none
TuIb,True,contractile,Myoviridae,Escherichia coli ,562,Escherichia coli,Gram negative,cell wall,Protein Ib (OmpC) with LPS ,Membrane Proteins,Protein,Broad,predicted-from-receptor,medium,conserved outer membrane protein receptor -> broad predicted,Datta et al. 1977,10.1128/jb.131.3.821-829.1977, ,True,True,https://www.ncbi.nlm.nih.gov/nuccore/GQ167032.1,GQ167032.1,specific gene,OmpC,False,,,none,,PhReD,PhReD: The Phage Receptor Database (Bio-conversion Databank Foundation). https://phred.biodf.org,2026-07-10,True,low-confidence domain assignment,low,high,none
φ13 (alternate family),True,long non-contractile,Siphoviridae,Staphylococcus aureus,1280,Staphylococcus aureus,Gram positive,cell wall,α-GlcNAc residues of wall teichoic acid,Teichoic Acids,Glycan,Undetermined,insufficient-data,none,Teichoic Acids host range is context-dependent; no empirical data in source,Xia et al. 2011,10.1128/JB.01412-10, ,True,True,https://www.ncbi.nlm.nih.gov/nuccore/NZ_CP195878.1,NZ_CP195878.1,host genome (fallback),,False,,,none,,PhReD,PhReD: The Phage Receptor Database (Bio-conversion Databank Foundation). https://phred.biodf.org,2026-07-10,False,,high,medium,none
P1,True,short,Podoviridae,Acinetobacter baumannii,470,Acinetobacter baumannii,Gram negative,cell wall,capsular polysaccharides,Capsular Polysaccharide,Glycan,Narrow,predicted-from-receptor,medium,capsule/K-antigen is strain/serotype specific -> narrow predicted,Oliveira et al. 2017,10.1111/1462-2920.13970, ,True,True,https://www.ncbi.nlm.nih.gov/nuccore/NZ_CP156044.1,NZ_CP156044.1,host genome (fallback),,True,https://www.uniprot.org/uniprotkb/E5Q348,E5Q348,specific RBP,Spike protein,PhReD,PhReD: The Phage Receptor Database (Bio-conversion Databank Foundation). https://phred.biodf.org,2026-07-10,True,low-confidence UniProt assignment | ambiguous phage name across organisms,high,medium,low
PP7,False,"none (icosahedral, ssRNA)",Leviviridae,Pseudomonas aeruginosa,287,Pseudomonas aeruginosa,Gram negative,pili,group II type IV pili,Pili,Protein,Undetermined,insufficient-data,none,Pili host range is context-dependent; no empirical data in source,Kim et al. 2018,10.3389/fmicb.2018.00247, ,True,True,https://www.ncbi.nlm.nih.gov/nuccore/NZ_OZ484744.1,NZ_OZ484744.1,host genome (fallback),,False,,,none,,PhReD,PhReD: The Phage Receptor Database (Bio-conversion Databank Foundation). https://phred.biodf.org,2026-07-10,False,,high,medium,none
Vi Phage VII,True,short,Podoviridae,Salmonella enterica serovar Typhi,90370,Salmonella enterica subsp. enterica serovar Typhi,Gram negative,cell wall,Vi exopolysaccharide,Capsular Polysaccharide,Glycan,Narrow,predicted-from-receptor,medium,capsule/K-antigen is strain/serotype specific -> narrow predicted,Pickard et al. 2010,10.1128/JB.00659-10, ,True,True,https://www.ncbi.nlm.nih.gov/nuccore/NZ_LR590081.1,NZ_LR590081.1,host genome (fallback),,False,,,none,,PhReD,PhReD: The Phage Receptor Database (Bio-conversion Databank Foundation). https://phred.biodf.org,2026-07-10,False,,high,medium,none
S136,True,long non-contractile,Siphoviridae,Salmonella enterica serovar Typhimurium,90371,Salmonella enterica subsp. enterica serovar Typhimurium,Gram negative,cell wall,O-antigen,LPS,Glycan,Narrow,predicted-from-receptor,medium,specific O-antigen/serotype -> narrow predicted,Gencay et al. 2019,10.1111/1462-2920.14597, ,True,True,https://www.ncbi.nlm.nih.gov/nuccore/NZ_CP104816.1,NZ_CP104816.1,host genome (fallback),,False,,,none,,PhReD,PhReD: The Phage Receptor Database (Bio-conversion Databank Foundation). https://phred.biodf.org,2026-07-10,False,,high,medium,none
CHPC951,True,long non-contractile,Siphoviridae,Streptococcus thermophilus,1308,Streptococcus thermophilus,Gram negative,cell wall,cell wall glycans not polysaccharides,N/A,,Undetermined,insufficient-data,none,receptor does not support a host-range prediction,Szymczak et al. 2018,10.1128/AEM.01847-18, ,True,True,https://www.ncbi.nlm.nih.gov/nuccore/NZ_CP065485.1,NZ_CP065485.1,host genome (fallback),,True,https://www.uniprot.org/uniprotkb/A0A3G8F8I3,A0A3G8F8I3,other tail protein,Tail protein,PhReD,PhReD: The Phage Receptor Database (Bio-conversion Databank Foundation). https://phred.biodf.org,2026-07-10,False,,none,medium,medium
SPN9TCW,True,short,Podoviridae,Salmonella enterica serovar Typhimurium,90371,Salmonella enterica subsp. enterica serovar Typhimurium,Gram negative,cell wall,LPS O antigen,LPS,Glycan,Narrow,predicted-from-receptor,medium,specific O-antigen/serotype -> narrow predicted,Shin et al. 2012,10.1371/journal.pone.0043392, ,True,True,https://www.ncbi.nlm.nih.gov/nuccore/NZ_CP104816.1,NZ_CP104816.1,host genome (fallback),,False,,,none,,PhReD,PhReD: The Phage Receptor Database (Bio-conversion Databank Foundation). https://phred.biodf.org,2026-07-10,False,,high,medium,none
A-1(L),True,contractile,Myoviridae,Anabaena sp.,1167,Anabaena sp.,Gram negative,cell wall,O antigen of LPS,LPS,Glycan,Narrow,predicted-from-receptor,medium,specific O-antigen/serotype -> narrow predicted,Xiong et al. 2018,10.1128/JB.00516-18, ,True,False,,,none,,False,,,none,,PhReD,PhReD: The Phage Receptor Database (Bio-conversion Databank Foundation). https://phred.biodf.org,2026-07-10,False,,high,none,none
mEp504,True,long non-contractile,Siphoviridae,Escherichia coli,562,Escherichia coli,Gram negative,cell wall,FhuA,Membrane Proteins,Protein,Broad,predicted-from-receptor,medium,conserved outer membrane protein receptor -> broad predicted,Hernandez-Sanchez et al. 2008,10.1007/s00705-008-0111-0, ,True,True,https://www.ncbi.nlm.nih.gov/nuccore/M12486.1,M12486.1,specific gene,FhuA,False,,,none,,PhReD,PhReD: The Phage Receptor Database (Bio-conversion Databank Foundation). https://phred.biodf.org,2026-07-10,False,,high,high,none
ϕNC10,True,short,Podoviridae,Yersinia ruckeri,29486,Yersinia ruckeri,Gram negative,cell wall,O1-LPS,LPS,Glycan,Narrow,predicted-from-receptor,low,O-antigen LPS generally serotype-specific -> narrow predicted (weak),Welch et al. 2020,10.1111/jfd.13124, ,True,True,https://www.ncbi.nlm.nih.gov/nuccore/NZ_CP017236.1,NZ_CP017236.1,host genome (fallback),,False,,,none,,PhReD,PhReD: The Phage Receptor Database (Bio-conversion Databank Foundation). https://phred.biodf.org,2026-07-10,False,,high,medium,none
mEp064,True,long non-contractile,Siphoviridae,Escherichia coli,562,Escherichia coli,Gram negative,cell wall,FhuA,Membrane Proteins,Protein,Broad,predicted-from-receptor,medium,conserved outer membrane protein receptor -> broad predicted,Hernandez-Sanchez et al. 2008,10.1007/s00705-008-0111-0, ,True,True,https://www.ncbi.nlm.nih.gov/nuccore/M12486.1,M12486.1,specific gene,FhuA,False,,,none,,PhReD,PhReD: The Phage Receptor Database (Bio-conversion Databank Foundation). https://phred.biodf.org,2026-07-10,False,,high,high,none
mEp023,True,long non-contractile,Siphoviridae,Escherichia coli,562,Escherichia coli,Gram negative,cell wall,FhuA,Membrane Proteins,Protein,Broad,predicted-from-receptor,medium,conserved outer membrane protein receptor -> broad predicted,"Uc-Mass et al. 2004, Hernandez-Sanchez et al. 2008","10.1016/j.virol.2004.09.005 (Uc-Mass et al), 10.1007/s00705-008-0111-0 (Hernandez-Sanchez et al)", ,True,True,https://www.ncbi.nlm.nih.gov/nuccore/M12486.1,M12486.1,specific gene,FhuA,False,,,none,,PhReD,PhReD: The Phage Receptor Database (Bio-conversion Databank Foundation). https://phred.biodf.org,2026-07-10,False,,high,high,none
F361,True,contractile,Myoviridae,Campylobacter jejuni,197,Campylobacter jejuni,Gram negative,cell wall,capsular polysaccharides,Capsular Polysaccharide,Glycan,Narrow,predicted-from-receptor,medium,capsule/K-antigen is strain/serotype specific -> narrow predicted,Sørensen et al. 2015,10.1371/journal.pone.0116287, ,True,True,https://www.ncbi.nlm.nih.gov/nuccore/NZ_CP172364.1,NZ_CP172364.1,host genome (fallback),,False,,,none,,PhReD,PhReD: The Phage Receptor Database (Bio-conversion Databank Foundation). https://phred.biodf.org,2026-07-10,False,,high,medium,none
φL7,True,long non-contractile,Siphoviridae,Xanthomonas campestris pv. campestris,340,Xanthomonas campestris pv. campestris,Gram negative,cell wall,LPS,LPS,Glycan,Narrow,predicted-from-receptor,low,O-antigen LPS generally serotype-specific -> narrow predicted (weak),Hung et al. 2002,10.1006/bbrc.2002.6440, ,True,True,https://www.ncbi.nlm.nih.gov/nuccore/NZ_CP124745.1,NZ_CP124745.1,host genome (fallback),,False,,,none,,PhReD,PhReD: The Phage Receptor Database (Bio-conversion Databank Foundation). https://phred.biodf.org,2026-07-10,False,,high,medium,none
Ox2,True,contractile,Myoviridae,Escherichia coli,562,Escherichia coli,Gram negative,cell wall,Protein OmpA,Membrane Proteins,Protein,Broad,predicted-from-receptor,medium,conserved outer membrane protein receptor -> broad predicted,Morona and Henning 1984,10.1128/jb.159.2.579-582.1984, ,True,True,https://www.ncbi.nlm.nih.gov/nuccore/EU183344.1,EU183344.1,specific gene,OmpA,True,https://www.uniprot.org/uniprotkb/P08232,P08232,specific RBP,Long tail fiber protein Gp37,PhReD,PhReD: The Phage Receptor Database (Bio-conversion Databank Foundation). https://phred.biodf.org,2026-07-10,False,,high,high,high
PST,True,contractile,Myoviridae,Yersinia pestis,632,Yersinia pestis,Gram negative,cell wall,HepII/HepIII residues of LPS,LPS,Glycan,Narrow,predicted-from-receptor,low,O-antigen LPS generally serotype-specific -> narrow predicted (weak),Filippov et al. 2011,10.1371/journal.pone.0025486, ,True,True,https://www.ncbi.nlm.nih.gov/nuccore/NZ_CP033699.1,NZ_CP033699.1,host genome (fallback),,True,https://www.uniprot.org/uniprotkb/S5M9K9,S5M9K9,specific RBP,Long tail fiber protein Gp37,PhReD,PhReD: The Phage Receptor Database (Bio-conversion Databank Foundation). https://phred.biodf.org,2026-07-10,False,,high,medium,high
TP446,True,contractile,Myoviridae,Aeromonas salmonicida,645,Aeromonas salmonicida,Gram negative,cell wall,A layer,N/A,,Undetermined,insufficient-data,none,receptor does not support a host-range prediction,Ishiguro et al. 1984,10.1007/bf01627255, ,True,True,https://www.ncbi.nlm.nih.gov/nuccore/NZ_CP101948.1,NZ_CP101948.1,host genome (fallback),,False,,,none,,PhReD,PhReD: The Phage Receptor Database (Bio-conversion Databank Foundation). https://phred.biodf.org,2026-07-10,False,,none,medium,none
D4410,True,long non-contractile,Siphoviridae,Lactococcus lactis,1358,Lactococcus lactis,Gram positive,cell wall,YjaE,N/A,,Undetermined,insufficient-data,none,receptor does not support a host-range prediction,Millen et al. 2016,10.1099/jgv.0.000499, ,True,True,https://www.ncbi.nlm.nih.gov/nuccore/NZ_CP184687.1,NZ_CP184687.1,host genome (fallback),,True,https://www.uniprot.org/uniprotkb/A0A192YAG4,A0A192YAG4,specific RBP,Tail fibers protein,PhReD,PhReD: The Phage Receptor Database (Bio-conversion Databank Foundation). https://phred.biodf.org,2026-07-10,False,,none,medium,high
S13',True,short,Podoviridae,Staphylococcus aureus,1280,Staphylococcus aureus,Gram positive,cell wall,β-O-N-acetylglucosamine of wall teichoic acids,Teichoic Acids,Glycan,Undetermined,insufficient-data,none,Teichoic Acids host range is context-dependent; no empirical data in source,Uchiyama et al. 2017,10.1099/jgv.0.000865, ,True,True,https://www.ncbi.nlm.nih.gov/nuccore/NZ_CP195878.1,NZ_CP195878.1,host genome (fallback),,False,,,none,,PhReD,PhReD: The Phage Receptor Database (Bio-conversion Databank Foundation). https://phred.biodf.org,2026-07-10,False,,high,medium,none
mEp145,True,long non-contractile,Siphoviridae,Escherichia coli,562,Escherichia coli,Gram negative,cell wall,FhuA,Membrane Proteins,Protein,Broad,predicted-from-receptor,medium,conserved outer membrane protein receptor -> broad predicted,Hernandez-Sanchez et al. 2008,10.1007/s00705-008-0111-0, ,True,True,https://www.ncbi.nlm.nih.gov/nuccore/M12486.1,M12486.1,specific gene,FhuA,False,,,none,,PhReD,PhReD: The Phage Receptor Database (Bio-conversion Databank Foundation). https://phred.biodf.org,2026-07-10,False,,high,high,none
LL-H,True,long non-contractile,Siphoviridae,Lactobacillus delbrueckii,1584,Lactobacillus delbrueckii,Gram positive,cell wall,Glucose moiety of LTA for reversible adsorption and negatively charged glycerol phosphate group of the LTA for irreversible binding,Teichoic Acids,Glycan,Undetermined,insufficient-data,none,Teichoic Acids host range is context-dependent; no empirical data in source,Munsch-Alatossava and Alatossava 2013,10.3389/fmicb.2013.00408, ,True,True,https://www.ncbi.nlm.nih.gov/nuccore/NZ_CP018215.1,NZ_CP018215.1,host genome (fallback),,False,,,none,,PhReD,PhReD: The Phage Receptor Database (Bio-conversion Databank Foundation). https://phred.biodf.org,2026-07-10,True,receptor text does not support domain 'Teichoic Acids',high,medium,none
Pokrovskaya YepE2,True,short,Podoviridae,Yersinia pestis,632,Yersinia pestis,Gram negative,cell wall,HepII/HepIII residues of LPS,LPS,Glycan,Narrow,predicted-from-receptor,low,O-antigen LPS generally serotype-specific -> narrow predicted (weak),Filippov et al. 2011,10.1371/journal.pone.0025486, ,True,True,https://www.ncbi.nlm.nih.gov/nuccore/NZ_CP033699.1,NZ_CP033699.1,host genome (fallback),,False,,,none,,PhReD,PhReD: The Phage Receptor Database (Bio-conversion Databank Foundation). https://phred.biodf.org,2026-07-10,False,,high,medium,none
AXL3,True,long non-contractile,Siphoviridae,Stenotrophomonas maltophilia,40324,Stenotrophomonas maltophilia,Gram negative,pilus,type IV pili,Pili,Protein,Undetermined,insufficient-data,none,Pili host range is context-dependent; no empirical data in source,McCutcheon et al. 2020,10.3390/ijms21176338, ,True,True,https://www.ncbi.nlm.nih.gov/nuccore/NZ_CP031058.1,NZ_CP031058.1,host genome (fallback),,False,,,none,,PhReD,PhReD: The Phage Receptor Database (Bio-conversion Databank Foundation). https://phred.biodf.org,2026-07-10,False,,high,medium,none
mEp237,True,long non-contractile,Siphoviridae,Escherichia coli,562,Escherichia coli,Gram negative,cell wall,FhuA,Membrane Proteins,Protein,Broad,predicted-from-receptor,medium,conserved outer membrane protein receptor -> broad predicted,"Uc-Mass et al. 2004, Hernandez-Sanchez et al. 2008","10.1016/j.virol.2004.09.005 (Uc-Mass et al), 10.1007/s00705-008-0111-0 (Hernandez-Sanchez et al)", ,True,True,https://www.ncbi.nlm.nih.gov/nuccore/M12486.1,M12486.1,specific gene,FhuA,False,,,none,,PhReD,PhReD: The Phage Receptor Database (Bio-conversion Databank Foundation). https://phred.biodf.org,2026-07-10,False,,high,high,none
DMS3,True,long non-contractile,Siphoviridae,Pseudomonas aeruginosa,287,Pseudomonas aeruginosa,Gram negative,pili,type IV pili,Pili,Protein,Undetermined,insufficient-data,none,Pili host range is context-dependent; no empirical data in source,Budzik et al. 2004,10.1128/JB.186.10.3270–3273.2004, ,True,True,https://www.ncbi.nlm.nih.gov/nuccore/NZ_OZ484744.1,NZ_OZ484744.1,host genome (fallback),,True,https://www.uniprot.org/uniprotkb/A0SMQ1,A0SMQ1,"tail protein (internal, low value)",Putative tail length tape measure protein,PhReD,PhReD: The Phage Receptor Database (Bio-conversion Databank Foundation). https://phred.biodf.org,2026-07-10,True,low-confidence UniProt assignment,high,medium,low
φSa2m,True,long non-contractile,Siphoviridae,Staphylococcus aureus,1280,Staphylococcus aureus,Gram positive,cell wall,N-acetylglucosamine (GlcNAc) glycoepitope on wall teichoic acid (WTA),Teichoic Acids,Glycan,Undetermined,insufficient-data,none,Teichoic Acids host range is context-dependent; no empirical data in source,Xia et al. 2011,10.1128/JB.01412-10, ,True,True,https://www.ncbi.nlm.nih.gov/nuccore/NZ_CP195878.1,NZ_CP195878.1,host genome (fallback),,False,,,none,,PhReD,PhReD: The Phage Receptor Database (Bio-conversion Databank Foundation). https://phred.biodf.org,2026-07-10,False,,high,medium,none
434,True,long non-contractile,Siphoviridae,Escherichia coli,562,Escherichia coli,Gram negative,cell wall,Protein Ib (OmpC),Membrane Proteins,Protein,Broad,predicted-from-receptor,medium,conserved outer membrane protein receptor -> broad predicted,Hantke 1978,10.1007/bf00267377, ,True,True,https://www.ncbi.nlm.nih.gov/nuccore/GQ167032.1,GQ167032.1,specific gene,OmpC,False,,,none,,PhReD,PhReD: The Phage Receptor Database (Bio-conversion Databank Foundation). https://phred.biodf.org,2026-07-10,False,,high,high,none
AS12,True,short,Podoviridae,Acinetobacter baumannii,470,Acinetobacter baumannii,Gram negative,cell wall,capsular polysaccharides,Capsular Polysaccharide,Glycan,Narrow,predicted-from-receptor,medium,capsule/K-antigen is strain/serotype specific -> narrow predicted,Popova et al. 2017,10.3390/v9070188, ,True,True,https://www.ncbi.nlm.nih.gov/nuccore/NZ_CP156044.1,NZ_CP156044.1,host genome (fallback),,False,,,none,,PhReD,PhReD: The Phage Receptor Database (Bio-conversion Databank Foundation). https://phred.biodf.org,2026-07-10,False,,high,medium,none
CHPC971,True,long non-contractile,Siphoviridae,Lactococcus lactis,1358,Lactococcus lactis,Gram positive,cell wall,"cell wall polysaccharides, rhamnose moities",N/A,,Undetermined,insufficient-data,none,receptor does not support a host-range prediction,Marcelli et al. 2019,10.1128/AEM.01224-19, ,True,True,https://www.ncbi.nlm.nih.gov/nuccore/NZ_CP184687.1,NZ_CP184687.1,host genome (fallback),,True,https://www.uniprot.org/uniprotkb/A0A4Y5N1A4,A0A4Y5N1A4,specific RBP,Tail fibers protein,PhReD,PhReD: The Phage Receptor Database (Bio-conversion Databank Foundation). https://phred.biodf.org,2026-07-10,False,,none,medium,high
phi-Axp-2,True,long non-contractile,Siphoviridae,Achromobacter xylosoxidans,85698,Achromobacter xylosoxidans,Gram negative,cell wall,LPS,LPS,Glycan,Narrow,predicted-from-receptor,low,O-antigen LPS generally serotype-specific -> narrow predicted (weak),Li et al. 2016 B,10.1038/srep34300, ,True,True,https://www.ncbi.nlm.nih.gov/nuccore/NZ_AP028040.1,NZ_AP028040.1,host genome (fallback),,False,,,none,,PhReD,PhReD: The Phage Receptor Database (Bio-conversion Databank Foundation). https://phred.biodf.org,2026-07-10,False,,high,medium,none
mEp534,True,long non-contractile,Siphoviridae,Escherichia coli,562,Escherichia coli,Gram negative,cell wall,FhuA,Membrane Proteins,Protein,Broad,predicted-from-receptor,medium,conserved outer membrane protein receptor -> broad predicted,Hernandez-Sanchez et al. 2008,10.1007/s00705-008-0111-0, ,True,True,https://www.ncbi.nlm.nih.gov/nuccore/M12486.1,M12486.1,specific gene,FhuA,False,,,none,,PhReD,PhReD: The Phage Receptor Database (Bio-conversion Databank Foundation). https://phred.biodf.org,2026-07-10,False,,high,high,none
S119,True,long non-contractile,Siphoviridae,Salmonella enterica serovar Typhimurium,90371,Salmonella enterica subsp. enterica serovar Typhimurium,Gram negative,cell wall,O-antigen,LPS,Glycan,Narrow,predicted-from-receptor,medium,specific O-antigen/serotype -> narrow predicted,Gencay et al. 2019,10.1111/1462-2920.14597, ,True,True,https://www.ncbi.nlm.nih.gov/nuccore/NZ_CP104816.1,NZ_CP104816.1,host genome (fallback),,False,,,none,,PhReD,PhReD: The Phage Receptor Database (Bio-conversion Databank Foundation). https://phred.biodf.org,2026-07-10,False,,high,medium,none
16-3,True,long non-contractile,Siphoviridae,Sinorhizobium meliloti,382,Sinorhizobium meliloti,Gram negative,cell wall,"KR5 polysaccharide, RkpM and RkpY secondary receptor",N/A,,Undetermined,insufficient-data,none,receptor does not support a host-range prediction,Deak et al. 2010,10.1128/JB.01335-09, ,True,True,https://www.ncbi.nlm.nih.gov/nuccore/AJ249130.1,AJ249130.1,specific gene,RkpY,False,,,none,,PhReD,PhReD: The Phage Receptor Database (Bio-conversion Databank Foundation). https://phred.biodf.org,2026-07-10,False,,none,high,none
φYeO3-12,True,short,Podoviridae,Yersinia enterocolitica,630,Yersinia enterocolitica,Gram negative,cell wall,6-deoxy-L-altropyranose of O-antigen in LPS,LPS,Glycan,Narrow,predicted-from-receptor,medium,specific O-antigen/serotype -> narrow predicted,Pajunen et al. 2000,10.1128/jb.182.18.5114-5120.2000, ,True,True,https://www.ncbi.nlm.nih.gov/nuccore/NZ_CP139458.1,NZ_CP139458.1,host genome (fallback),,True,https://www.uniprot.org/uniprotkb/Q9T0Z9,Q9T0Z9,specific RBP,Tail fiber protein,PhReD,PhReD: The Phage Receptor Database (Bio-conversion Databank Foundation). https://phred.biodf.org,2026-07-10,False,,high,medium,high
IME347,True,long non-contractile,Siphoviridae,Escherichia coli,562,Escherichia coli,Gram negative,cell wall,YncD outer membrane protein,Membrane Proteins,Protein,Broad,predicted-from-receptor,medium,conserved outer membrane protein receptor -> broad predicted,Li et al. 2018,10.1002/jobm.201800271, ,True,True,https://www.ncbi.nlm.nih.gov/nuccore/NZ_CP187781.1,NZ_CP187781.1,host genome (fallback),,False,,,none,,PhReD,PhReD: The Phage Receptor Database (Bio-conversion Databank Foundation). https://phred.biodf.org,2026-07-10,False,,high,medium,none
F347,True,contractile,Myoviridae,Campylobacter jejuni,197,Campylobacter jejuni,Gram negative,cell wall,capsular polysaccharides,Capsular Polysaccharide,Glycan,Narrow,predicted-from-receptor,medium,capsule/K-antigen is strain/serotype specific -> narrow predicted,Sørensen et al. 2015,10.1371/journal.pone.0116287, ,True,True,https://www.ncbi.nlm.nih.gov/nuccore/NZ_CP172364.1,NZ_CP172364.1,host genome (fallback),,False,,,none,,PhReD,PhReD: The Phage Receptor Database (Bio-conversion Databank Foundation). https://phred.biodf.org,2026-07-10,False,,high,medium,none
S147,True,long non-contractile,Siphoviridae,Salmonella enterica serovar Typhimurium,90371,Salmonella enterica subsp. enterica serovar Typhimurium,Gram negative,cell wall,"BtuB, vitamin B12 membrane transporter",Membrane Proteins,Protein,Broad,predicted-from-receptor,medium,conserved outer membrane protein receptor -> broad predicted,Gencay et al. 2019,10.1111/1462-2920.14597, ,True,True,https://www.ncbi.nlm.nih.gov/nuccore/M89481.1,M89481.1,specific gene,BtuB,True,https://www.uniprot.org/uniprotkb/A0A2Z5HQS8,A0A2Z5HQS8,specific RBP,Receptor binding protein,PhReD,PhReD: The Phage Receptor Database (Bio-conversion Databank Foundation). https://phred.biodf.org,2026-07-10,False,,high,high,high
fRuSau02,True,contractile,Myoviridae,Staphylococcus aureus,1280,Staphylococcus aureus,Gram positive,cell wall,wall teichoic acid,Teichoic Acids,Glycan,Undetermined,insufficient-data,none,Teichoic Acids host range is context-dependent; no empirical data in source,Leskinen et al. 2017,10.3390/v9090258, ,True,True,https://www.ncbi.nlm.nih.gov/nuccore/NZ_CP195878.1,NZ_CP195878.1,host genome (fallback),,False,,,none,,PhReD,PhReD: The Phage Receptor Database (Bio-conversion Databank Foundation). https://phred.biodf.org,2026-07-10,False,,high,medium,none
